#,Thermostat,identifier,531605445508
#,Thermostat,name,Pool House Thermostat
#,Start,date,2026-03-05
#,End,date,2026-03-12

Date,Time,System Setting,System Mode,Calendar Event,Program Mode,Cool Set Temp (F),Heat Set Temp (F),Current Temp (F),Current Humidity (%RH),Outdoor Temp (F),Wind Speed (km/h),Cool Stage 1 (sec),Heat Stage 1 (sec),Fan (sec),DM Offset,Thermostat Temperature (F),Thermostat Humidity (%RH),Thermostat Motion,Thermostat AirQualityAccuracy,Thermostat AirQuality,Thermostat VOCppm,Thermostat CO2ppm,Thermostat AirPressure,Pool House Back Bed (F),Pool House Back Bed2
2026-03-05,00:00:00,auto,compressorCoolOff,auto,Sleep,71,67,70.7,63,74.5,0,75,0,75,1.1,72.3,63,0,3,336,335979,3370,102072,71.5,0,
2026-03-05,00:05:00,auto,compressorCoolStage1On,auto,Sleep,71,67,70.7,62,74.5,0,225,0,270,1.1,72.3,62,0,3,337,339463,3374,102072,71.6,0,
2026-03-05,00:10:00,auto,compressorCoolOff,auto,Sleep,71,67,70.4,63,74.5,0,0,0,0,0.9,72,63,0,3,341,373228,3416,102073,70.8,0,
2026-03-05,00:15:00,auto,compressorCoolOff,auto,Sleep,71,67,70.4,64,74.5,0,0,0,0,0.8,72,64,0,3,337,341177,3377,102073,70.7,0,
2026-03-05,00:20:00,auto,compressorCoolOff,auto,Sleep,71,67,70.7,65,74.5,0,75,0,75,0.8,72.1,65,0,3,334,317298,3345,102072,71.1,0,
2026-03-05,00:25:00,auto,compressorCoolStage1On,auto,Sleep,71,67,70.6,64,74.5,0,225,0,270,1,72,64,0,3,332,307401,3331,102075,71.2,0,
2026-03-05,00:30:00,auto,compressorCoolOff,auto,Sleep,71,67,70.2,63,74.1,0,0,0,0,0.8,71.8,63,0,3,336,335992,3370,102072,70.3,0,
2026-03-05,00:35:00,auto,compressorCoolOff,auto,Sleep,71,67,70.3,64,74.1,0,0,0,0,0.9,71.8,64,0,3,332,304987,3327,102072,70.7,0,
2026-03-05,00:40:00,auto,compressorCoolOff,auto,Sleep,71,67,70.5,64,74.1,0,0,0,0,1,71.9,64,0,3,328,281280,3292,102076,71.1,0,
2026-03-05,00:45:00,auto,compressorCoolOff,auto,Sleep,71,67,70.9,65,74.1,0,120,0,120,0.8,72,65,0,3,325,260765,3258,102082,71.7,0,
2026-03-05,00:50:00,auto,compressorCoolStage1On,auto,Sleep,71,67,70.6,63,74.1,0,180,0,225,1.1,72,63,0,3,325,263265,3262,102083,71.5,0,
2026-03-05,00:55:00,auto,compressorCoolOff,auto,Sleep,71,67,70.3,64,74.1,0,0,0,0,0.8,71.7,64,0,3,327,273516,3279,102081,70.7,0,
2026-03-05,01:00:00,auto,compressorCoolOff,auto,Sleep,71,67,70.6,66,74.1,0,0,0,0,0.6,71.8,66,0,3,320,233680,3210,102082,70.8,0,
2026-03-05,01:05:00,auto,compressorCoolOff,auto,Sleep,71,67,70.8,66,74.1,0,0,0,0,0.7,72,66,0,3,316,214728,3173,102083,71.2,0,
2026-03-05,01:10:00,auto,compressorCoolOff,auto,Sleep,71,67,70.9,65,74.1,0,240,0,240,0.9,72.1,65,0,3,316,211237,3166,102084,71.7,0,
2026-03-05,01:15:00,auto,compressorCoolStage1On,auto,Sleep,71,67,70.5,63,74.1,0,60,0,105,0.9,72,63,0,3,320,234374,3211,102084,71,0,
2026-03-05,01:20:00,auto,compressorCoolOff,auto,Sleep,71,67,70.3,64,74.1,0,0,0,0,0.8,71.9,64,0,3,318,224767,3193,102076,70.4,0,
2026-03-05,01:25:00,auto,compressorCoolOff,auto,Sleep,71,67,70.6,66,74.1,0,0,0,0,0.6,71.9,66,0,3,314,203429,3149,102075,70.7,0,
2026-03-05,01:30:00,auto,compressorCoolOff,auto,Sleep,71,67,70.9,65,74.1,0,15,0,15,0.8,72.1,65,0,3,311,191542,3122,102079,71.3,0,
2026-03-05,01:35:00,auto,compressorCoolStage1On,auto,Sleep,71,67,70.9,64,74.1,0,285,0,300,0.9,72.2,64,0,3,310,187211,3112,102071,71.6,0,
2026-03-05,01:40:00,auto,compressorCoolOff,auto,Sleep,71,67,70.4,63,74.1,0,0,0,30,0.9,72,63,0,3,314,205027,3152,102057,70.7,0,
2026-03-05,01:45:00,auto,compressorCoolOff,auto,Sleep,71,67,70.3,63,74.1,0,0,0,0,0.8,72,63,0,3,311,188332,3115,102055,70.4,0,
2026-03-05,01:50:00,auto,compressorCoolOff,auto,Sleep,71,67,70.6,65,74.1,0,0,0,0,0.8,72.1,65,0,3,309,182988,3102,102056,70.9,0,
2026-03-05,01:55:00,auto,compressorCoolOff,auto,Sleep,71,67,70.9,65,74.1,0,0,0,0,0.8,72.2,65,0,3,310,186584,3111,102051,71.3,0,
2026-03-05,02:00:00,auto,compressorCoolOff,auto,Sleep,71,67,71,64,74.1,0,180,0,180,0.9,72.2,64,0,3,308,179451,3093,102044,71.8,0,
2026-03-05,02:05:00,auto,compressorCoolStage1On,auto,Sleep,71,67,70.6,63,74.1,0,120,0,165,1,72.1,63,0,3,311,188612,3115,102042,71.3,0,
2026-03-05,02:10:00,auto,compressorCoolOff,auto,Sleep,71,67,70.3,64,74.1,0,0,0,0,0.9,71.9,64,0,3,313,197620,3136,102036,70.7,0,
2026-03-05,02:15:00,auto,compressorCoolOff,auto,Sleep,71,67,70.4,63,74.1,0,0,0,0,1,72,63,0,3,309,182191,3100,102036,70.8,0,
2026-03-05,02:20:00,auto,compressorCoolOff,auto,Sleep,71,67,70.6,63,74.1,0,0,0,0,1,72.2,63,0,3,307,174619,3081,102035,71.2,0,
2026-03-05,02:25:00,auto,compressorCoolOff,auto,Sleep,71,67,71,64,74.1,0,90,0,90,1,72.3,64,0,3,305,164801,3056,102033,71.7,0,
2026-03-05,02:30:00,auto,compressorCoolStage1On,auto,Sleep,71,67,70.7,62,74.1,0,210,0,255,1.2,72.3,62,0,3,304,162777,3050,102030,71.6,0,
2026-03-05,02:35:00,auto,compressorCoolOff,auto,Sleep,71,67,70.3,63,74.1,0,0,0,0,1,72,63,0,3,309,182325,3100,102025,70.7,0,
2026-03-05,02:40:00,auto,compressorCoolOff,auto,Sleep,71,67,70.3,63,74.1,0,0,0,0,1,72,63,0,3,306,170484,3071,102027,70.7,0,
2026-03-05,02:45:00,auto,compressorCoolOff,auto,Sleep,71,67,70.6,63,74.1,0,0,0,0,1,72.2,63,0,3,303,157905,3037,102026,71,0,
2026-03-05,02:50:00,auto,compressorCoolOff,auto,Sleep,71,67,70.9,65,74.1,0,90,0,90,0.9,72.3,65,0,3,301,149958,3014,102019,71.5,0,
2026-03-05,02:55:00,auto,compressorCoolStage1On,auto,Sleep,71,67,70.6,63,74.1,0,210,0,255,1.1,72.3,63,0,3,300,147648,3007,102017,71.3,0,
2026-03-05,03:00:00,auto,compressorCoolOff,auto,Sleep,71,67,70.3,62,74.3,0,0,0,0,1,72.1,62,0,3,305,164580,3055,102016,70.5,0,
2026-03-05,03:05:00,auto,compressorCoolOff,auto,Sleep,71,67,70.3,63,74.3,0,0,0,0,1,72,63,0,3,301,151662,3019,102018,70.6,0,
2026-03-05,03:10:00,auto,compressorCoolOff,auto,Sleep,71,67,70.5,63,74.3,0,0,0,0,0.9,72.1,63,0,3,298,141093,2987,102013,70.9,0,
2026-03-05,03:15:00,auto,compressorCoolOff,auto,Sleep,71,67,70.9,65,74.3,0,45,0,45,0.9,72.2,65,1,3,295,132997,2961,102013,71.4,0,
2026-03-05,03:20:00,auto,compressorCoolStage1On,auto,Sleep,71,67,70.8,63,74.3,0,255,0,300,1,72.3,63,0,3,293,126260,2938,102010,71.5,0,
2026-03-05,03:25:00,auto,compressorCoolOff,auto,Sleep,71,67,70.3,63,74.3,0,0,0,0,1,72,63,0,3,296,136983,2974,102003,70.6,0,
2026-03-05,03:30:00,auto,compressorCoolOff,auto,Sleep,71,67,70.4,64,74.3,0,0,0,0,0.9,71.9,64,0,3,293,125443,2936,102010,70.4,0,
2026-03-05,03:35:00,auto,compressorCoolOff,auto,Sleep,71,67,70.7,65,74.3,0,0,0,0,0.9,72,65,0,3,290,119712,2915,102007,70.8,0,
2026-03-05,03:40:00,auto,compressorCoolOff,auto,Sleep,71,67,71,65,74.3,0,0,0,0,0.9,72.1,65,0,3,289,115451,2899,102007,71.2,0,
2026-03-05,03:45:00,auto,compressorCoolOff,auto,Sleep,71,67,71,65,74.3,0,180,0,180,1,72.1,65,0,3,287,111805,2885,102004,71.6,0,
2026-03-05,03:50:00,auto,compressorCoolStage1On,auto,Sleep,71,67,70.7,64,74.3,0,120,0,165,1,72,64,0,3,290,118358,2909,101996,71.2,0,
2026-03-05,03:55:00,auto,compressorCoolOff,auto,Sleep,71,67,70.4,64,74.3,0,0,0,0,0.9,71.7,64,0,3,291,120054,2916,101995,70.4,0,
2026-03-05,04:00:00,auto,compressorCoolOff,auto,Sleep,71,67,70.6,65,74.3,0,0,0,0,0.7,71.8,65,0,3,288,112925,2889,101997,70.6,0,
2026-03-05,04:05:00,auto,compressorCoolOff,auto,Sleep,71,67,70.6,65,74.3,0,0,0,0,0.8,72,65,0,3,287,112169,2886,102001,70.9,0,
2026-03-05,04:10:00,auto,compressorCoolOff,auto,Sleep,71,67,70.8,65,74.3,0,0,0,0,0.8,72.1,65,0,3,287,110739,2881,102006,71.3,0,
2026-03-05,04:15:00,auto,compressorCoolOff,auto,Sleep,71,67,70.9,64,74.3,0,225,0,225,1,72.2,64,0,3,286,108249,2871,102008,71.7,0,
2026-03-05,04:20:00,auto,compressorCoolStage1On,auto,Sleep,71,67,70.4,63,74.3,0,75,0,120,1,72.1,63,0,3,292,124058,2930,102008,70.8,0,
2026-03-05,04:25:00,auto,compressorCoolOff,auto,Sleep,71,67,70.2,63,74.3,0,0,0,0,0.8,71.9,63,0,3,293,127283,2942,102013,70.4,0,
2026-03-05,04:30:00,auto,compressorCoolOff,auto,Sleep,71,67,70.4,64,74.3,0,0,0,0,0.7,71.9,64,0,3,292,122984,2927,102017,70.6,0,
2026-03-05,04:35:00,auto,compressorCoolOff,auto,Sleep,71,67,70.7,65,74.3,0,0,0,0,0.8,72,65,0,3,291,120398,2917,102018,71,0,
2026-03-05,04:40:00,auto,compressorCoolOff,auto,Sleep,71,67,70.8,65,74.3,0,0,0,0,0.9,72.1,65,0,3,290,117067,2905,102019,71.3,0,
2026-03-05,04:45:00,auto,compressorCoolOff,auto,Sleep,71,67,70.9,64,74.3,0,285,0,285,1,72.2,64,0,3,289,115028,2897,102021,71.7,0,
2026-03-05,04:50:00,auto,compressorCoolStage1On,auto,Sleep,71,67,70.3,63,74.3,0,15,0,60,1,72,63,0,3,297,138501,2979,102018,70.8,0,
2026-03-05,04:55:00,auto,compressorCoolOff,auto,Sleep,71,67,70.3,63,74.3,0,0,0,0,0.9,72,63,0,3,296,136587,2973,102016,70.4,0,
2026-03-05,05:00:00,auto,compressorCoolOff,auto,Sleep,71,67,70.4,63,74.3,0,0,0,0,0.9,72.1,63,0,3,295,131830,2958,102019,70.8,0,
2026-03-05,05:05:00,auto,compressorCoolOff,auto,Sleep,71,67,70.8,65,74.3,0,0,0,0,0.8,72.1,65,0,3,293,127166,2942,102025,71.2,0,
2026-03-05,05:10:00,auto,compressorCoolOff,auto,Sleep,71,67,70.9,65,74.3,0,15,0,15,0.9,72.1,65,0,3,291,121142,2920,102029,71.5,0,
2026-03-05,05:15:00,auto,compressorCoolStage1On,auto,Sleep,71,67,70.8,64,74.3,0,285,0,300,1,72.1,64,0,3,289,116453,2903,102031,71.7,0,
2026-03-05,05:20:00,auto,compressorCoolOff,auto,Sleep,71,67,70.3,63,74.3,0,0,0,30,1,72,63,0,3,294,129953,2951,102030,70.7,0,
2026-03-05,05:25:00,auto,compressorCoolOff,auto,Sleep,71,67,70.3,64,74.3,0,0,0,0,0.7,71.9,64,0,3,292,123882,2930,102031,70.4,0,
2026-03-05,05:30:00,auto,compressorCoolOff,auto,Sleep,71,67,70.5,65,74.3,0,0,0,0,0.8,72,65,0,3,290,117041,2905,102031,70.8,0,
2026-03-05,05:35:00,auto,compressorCoolOff,auto,Sleep,71,67,70.8,65,74.3,0,0,0,0,0.8,72.1,65,0,3,288,112510,2888,102042,71.1,0,
2026-03-05,05:40:00,auto,compressorCoolOff,auto,Sleep,71,67,70.8,65,74.3,0,60,0,60,1,72.2,65,0,3,286,108434,2871,102046,71.5,0,
2026-03-05,05:45:00,auto,compressorCoolStage1On,auto,Sleep,71,67,70.7,63,74.3,0,240,0,285,1,72.2,63,0,3,286,107065,2866,102046,71.5,0,
2026-03-05,05:50:00,auto,compressorCoolOff,auto,Sleep,71,67,70.2,63,74.3,0,0,0,0,0.9,72,63,1,3,290,116909,2904,102045,70.5,0,
2026-03-05,05:55:00,auto,compressorCoolOff,auto,Sleep,71,67,70.5,65,74.3,0,0,0,0,0.6,71.8,65,0,3,286,107735,2869,102047,70.3,0,
2026-03-05,06:00:00,auto,compressorCoolOff,auto,Sleep,71,67,70.7,66,73.9,0,0,0,0,0.6,71.8,66,0,3,284,103518,2851,102045,70.7,0,
2026-03-05,06:05:00,auto,compressorCoolOff,auto,Sleep,71,67,70.9,66,73.9,0,30,0,30,0.7,71.9,66,0,3,283,100181,2836,102046,71.2,0,
2026-03-05,06:10:00,auto,compressorCoolStage1On,auto,Sleep,71,67,70.7,64,73.9,0,270,0,300,1,72,64,0,3,282,98566,2829,102048,71.3,0,
2026-03-05,06:15:00,auto,compressorCoolOff,auto,Sleep,71,67,70.5,64,73.9,0,0,0,15,1,71.8,64,0,3,287,109846,2877,102051,70.3,0,
2026-03-05,06:20:00,auto,compressorCoolOff,auto,Sleep,71,67,70.6,64,73.9,0,0,0,0,1,71.8,64,0,3,283,100805,2839,102055,70.1,0,
2026-03-05,06:25:00,auto,compressorCoolOff,auto,Sleep,71,67,70.6,65,73.9,0,0,0,0,0.9,71.8,65,1,3,283,99324,2833,102061,70.4,0,
2026-03-05,06:30:00,auto,compressorCoolOff,auto,Sleep,71,67,70.7,65,73.9,0,0,0,0,0.9,71.9,65,1,3,283,101256,2841,102062,70.9,0,
2026-03-05,06:35:00,auto,compressorCoolOff,auto,Sleep,71,67,70.7,65,73.9,0,0,0,135,1.1,71.9,65,0,3,283,99952,2835,102062,71.2,0,
2026-03-05,06:40:00,auto,compressorCoolOff,auto,Sleep,71,67,71,66,73.9,0,270,0,300,0.9,71.9,66,0,3,279,91245,2795,102065,71.3,0,
2026-03-05,06:45:00,auto,compressorCoolStage1On,auto,Sleep,71,67,70.6,63,73.9,0,30,0,75,1.1,71.8,63,0,3,283,101505,2842,102068,70.3,0,
2026-03-05,06:50:00,auto,compressorCoolOff,auto,Sleep,71,67,70.7,65,73.9,0,0,0,0,1,71.7,65,0,3,284,103279,2850,102068,70,0,
2026-03-05,06:55:00,auto,compressorCoolOff,auto,Sleep,71,67,70.8,65,73.9,0,0,0,0,1,71.8,65,0,3,283,99948,2835,102069,70.3,0,
2026-03-05,07:00:00,auto,compressorCoolOff,auto,Sleep,71,67,70.7,65,74.1,0,0,0,0,0.9,71.8,65,0,3,281,97194,2823,102070,70.7,0,
2026-03-05,07:05:00,auto,compressorCoolOff,auto,Sleep,71,67,70.7,65,74.1,0,0,0,75,1,71.9,65,0,3,280,95027,2813,102072,71.1,0,
2026-03-05,07:10:00,auto,compressorCoolOff,auto,Sleep,71,67,70.9,66,74.1,0,210,0,300,0.7,71.8,66,0,3,278,89372,2786,102074,71.3,0,
2026-03-05,07:15:00,auto,compressorCoolStage1On,auto,Sleep,71,67,70.4,65,74.1,0,90,0,135,0.7,71.7,65,0,3,281,96686,2820,102075,70.6,0,
2026-03-05,07:20:00,auto,compressorCoolOff,auto,Sleep,71,67,70.2,65,74.1,0,0,0,0,0.5,71.5,65,0,3,282,99298,2832,102074,69.9,0,
2026-03-05,07:25:00,auto,compressorCoolOff,auto,Sleep,71,67,70.3,65,74.1,0,0,0,0,0.6,71.6,65,1,3,280,93317,2805,102077,70.1,0,
2026-03-05,07:30:00,auto,compressorCoolOff,auto,Sleep,71,67,70.7,66,74.4,0,0,0,0,0.6,71.8,66,1,3,277,88763,2783,102078,70.6,0,
2026-03-05,07:35:00,auto,compressorCoolOff,auto,Sleep,71,67,70.9,67,74.4,0,0,0,0,0.6,71.8,67,1,3,276,85097,2764,102081,71,0,
2026-03-05,07:40:00,auto,compressorCoolStage1On,auto,Sleep,71,67,70.9,66,74.4,0,300,0,300,0.8,71.9,66,1,3,280,94972,2811,102083,71.1,0,
2026-03-05,07:45:00,auto,compressorCoolOff,auto,Sleep,71,67,70.6,64,74.4,0,0,0,45,0.9,71.8,64,0,3,290,117540,2907,102080,70.5,1,
2026-03-05,07:50:00,auto,compressorCoolOff,auto,Sleep,71,67,70.8,66,74.4,0,0,0,0,0.6,71.8,66,0,3,286,106848,2865,102083,70.1,1,
2026-03-05,07:55:00,auto,compressorCoolOff,auto,Sleep,71,67,70.9,66,74.4,0,90,0,90,0.6,71.9,66,0,3,283,100884,2840,102087,70.5,1,
2026-03-05,08:00:00,auto,compressorCoolStage1On,auto,Home,71,67,70.6,64,74.7,0,210,0,255,0.8,72,64,0,3,284,103189,2849,102088,70.5,0,
2026-03-05,08:05:00,auto,compressorCoolOff,auto,Home,71,67,70.2,64,74.7,0,0,0,0,0.7,71.8,64,0,3,288,111249,2882,102097,69.8,0,
2026-03-05,08:10:00,auto,compressorCoolOff,auto,Home,71,67,70.2,65,74.7,0,0,0,0,0.6,71.8,65,0,3,283,100129,2836,102101,69.8,0,
2026-03-05,08:15:00,auto,compressorCoolOff,auto,Home,71,67,70.3,65,74.7,0,0,0,0,0.6,71.9,65,0,3,282,97530,2825,102106,70.4,0,
2026-03-05,08:20:00,auto,compressorCoolOff,auto,Home,71,67,70.5,65,74.7,0,0,0,0,0.7,72,65,0,3,284,102017,2844,102109,70.8,0,
2026-03-05,08:25:00,auto,compressorCoolOff,auto,Home,71,67,70.8,65,74.7,0,0,0,0,0.6,72.2,65,0,3,287,109071,2874,102118,71.1,0,
2026-03-05,08:30:00,auto,compressorCoolOff,auto,Home,71,67,71,65,75,0,0,0,0,0.7,72.3,65,0,3,288,113572,2892,102120,71.6,0,
2026-03-05,08:35:00,auto,compressorCoolOff,auto,Home,71,67,71.4,66,75,0,0,0,195,0.6,72.4,66,0,3,287,108902,2873,102122,71.9,0,
2026-03-05,08:40:00,auto,compressorCoolOff,auto,Home,71,67,71.8,69,75,0,120,0,300,0.2,72.1,69,0,3,279,92125,2799,102126,72,0,
2026-03-05,08:45:00,auto,compressorCoolStage1On,auto,Home,71,67,71.2,67,75,0,195,0,240,0.5,72.1,67,0,3,283,100343,2835,102133,71.5,0,
2026-03-05,08:50:00,auto,compressorCoolOff,auto,Home,71,67,70.8,66,75,0,0,0,0,0.5,72,66,0,3,292,122406,2925,102139,70.7,0,
2026-03-05,08:55:00,auto,compressorCoolOff,auto,Home,71,67,70.8,67,75,0,0,0,0,0.5,72,67,0,3,290,117766,2908,102142,70.7,0,
2026-03-05,09:00:00,auto,compressorCoolOff,auto,Home,71,67,71.1,67,75.5,0,0,0,0,0.4,72.3,67,0,3,290,119396,2913,102146,71,0,
2026-03-05,09:05:00,auto,compressorCoolOff,auto,Home,71,67,71.4,67,75.5,0,0,0,0,0.5,72.5,67,0,3,297,137438,2976,102148,71.4,0,
2026-03-05,09:10:00,auto,compressorCoolOff,auto,Home,71,67,71.5,67,75.5,0,0,0,0,0.6,72.6,67,0,3,302,154882,3028,102149,71.8,0,
2026-03-05,09:15:00,auto,compressorCoolOff,auto,Home,71,67,71.7,67,75.5,0,0,0,0,0.7,72.7,67,1,3,305,167544,3063,102153,72.2,0,
2026-03-05,09:20:00,auto,compressorCoolOff,auto,Home,71,67,71.8,66,75.5,0,285,0,285,0.7,72.8,66,0,3,306,167775,3064,102158,72.5,0,
2026-03-05,09:25:00,auto,compressorCoolStage1On,auto,Home,71,67,71.1,63,75.5,0,90,0,135,1,72.6,63,1,3,312,196276,3132,102159,71.3,0,
2026-03-05,09:30:00,auto,compressorCoolOff,auto,Home,71,67,71.1,65,75.5,0,0,0,0,0.8,72.5,65,1,3,318,225859,3192,102160,70.9,0,
2026-03-05,09:35:00,auto,compressorCoolOff,auto,Home,71,67,71.3,65,75.5,0,0,0,0,0.8,72.6,65,0,3,323,247908,3236,102161,71,0,
2026-03-05,09:40:00,auto,compressorCoolOff,auto,Home,71,67,71.6,65,75.5,0,0,0,0,0.9,72.7,65,0,3,318,221096,3185,102168,71.5,0,
2026-03-05,09:45:00,auto,compressorCoolOff,auto,Home,71,67,71.9,65,75.5,0,180,0,180,0.9,72.9,65,0,3,315,209999,3163,102170,72,0,
2026-03-05,09:50:00,auto,compressorCoolStage1On,auto,Home,71,67,71.6,63,75.5,0,300,0,300,1.2,72.9,63,0,3,322,247375,3234,102171,71.6,0,
2026-03-05,09:55:00,auto,compressorCoolStage1On,auto,Home,71,67,71,61,75.5,0,75,0,120,1.6,72.6,61,0,3,332,302626,3323,102173,70.5,0,
2026-03-05,10:00:00,auto,compressorCoolOff,auto,Home,71,67,71,63,76.4,0,0,0,0,1.2,72.5,63,0,3,328,280581,3290,102177,70,0,
2026-03-05,10:05:00,auto,compressorCoolOff,auto,Home,71,67,71,63,76.4,0,0,0,0,1.1,72.6,63,1,3,321,238955,3220,102178,70.5,0,
2026-03-05,10:10:00,auto,compressorCoolOff,auto,Home,71,67,71.2,63,76.4,0,0,0,0,1.2,72.8,63,1,3,317,218610,3180,102182,71,0,
2026-03-05,10:15:00,auto,compressorCoolOff,auto,Home,71,67,71.9,65,76.4,0,120,0,120,0.9,72.9,65,0,3,314,201541,3145,102183,71.6,0,
2026-03-05,10:20:00,auto,compressorCoolStage1On,auto,Home,71,67,71.5,63,76.4,0,300,0,300,1.4,72.9,63,1,3,313,197915,3136,102181,71.7,0,
2026-03-05,10:25:00,auto,compressorCoolStage1On,auto,Home,71,67,71,62,76.4,0,15,0,60,1.4,72.4,62,1,3,321,240456,3222,102179,70.8,0,
2026-03-05,10:30:00,auto,compressorCoolOff,auto,Home,71,67,71.1,63,76.4,0,0,0,0,1.2,72.3,63,0,3,317,217347,3178,102182,70.6,0,
2026-03-05,10:35:00,auto,compressorCoolOff,auto,Home,71,67,71.6,64,76.4,0,0,0,0,1,72.6,64,0,3,315,208096,3159,102181,71.1,0,
2026-03-05,10:40:00,auto,compressorCoolOff,auto,Home,71,67,71.9,65,76.4,0,150,0,150,1,72.9,65,0,3,313,197070,3135,102181,71.8,0,
2026-03-05,10:45:00,auto,compressorCoolStage1On,auto,Home,71,67,71.4,62,76.4,0,300,0,300,1.4,72.9,62,0,3,313,201128,3143,102182,71.9,0,
2026-03-05,10:50:00,auto,compressorCoolOff,auto,Home,71,67,71.1,62,76.4,0,0,0,45,1.4,72.6,62,0,3,317,218614,3180,102182,70.9,0,
2026-03-05,10:55:00,auto,compressorCoolOff,auto,Home,71,67,71.1,63,76.4,0,0,0,0,1.1,72.4,63,1,3,312,194480,3129,102188,70.8,1,
2026-03-05,11:00:00,auto,compressorCoolOff,auto,Home,71,67,71.7,67,77,0,135,0,135,0.6,72.5,67,1,3,295,137983,2958,102186,71.4,0,
2026-03-05,11:05:00,auto,compressorCoolStage1On,auto,Home,71,67,71.8,67,77,0,300,0,300,0.5,72.7,67,1,3,263,64853,2643,102183,71.7,0,
2026-03-05,11:10:00,auto,compressorCoolStage1On,auto,Home,71,67,71,63,77,0,120,0,165,1,72.7,63,1,3,270,75715,2711,102175,71.1,0,
2026-03-05,11:15:00,auto,compressorCoolOff,auto,Home,71,67,71,65,77,0,180,0,180,0.7,72.6,65,1,3,269,73124,2694,102172,70.7,0,
2026-03-05,11:20:00,auto,compressorCoolStage1On,auto,Home,71,67,70.9,64,77,0,120,0,165,0.7,72.6,64,1,3,262,62294,2627,102167,70.8,0,
2026-03-05,11:25:00,auto,compressorCoolOff,auto,Home,71,67,71.1,65,77,0,180,0,180,0.5,72.7,65,1,3,255,53565,2560,102166,70.6,0,
2026-03-05,11:30:00,auto,compressorCoolStage1On,auto,Home,71,67,70.9,63,77.2,0,120,0,165,0.9,72.7,63,1,3,259,57979,2594,102159,70.9,0,
2026-03-05,11:35:00,auto,compressorCoolOff,auto,Home,71,67,71.3,65,77.2,0,180,0,180,0.6,72.8,65,0,3,253,51013,2538,102153,70.7,0,
2026-03-05,11:40:00,auto,compressorCoolStage1On,auto,Home,71,67,71.1,63,77.2,0,195,0,240,1,72.9,63,1,3,256,54178,2564,102147,70.7,0,
2026-03-05,11:45:00,auto,compressorCoolOff,auto,Home,71,67,71.3,64,77.2,0,105,0,105,0.9,72.8,64,1,3,254,51828,2544,102143,70.4,0,
2026-03-05,11:50:00,auto,compressorCoolStage1On,auto,Home,71,67,71.4,63,77.2,0,300,0,300,1.1,72.9,63,0,3,251,48702,2518,102143,70.6,0,
2026-03-05,11:55:00,auto,compressorCoolStage1On,auto,Home,71,67,71,61,77.2,0,165,0,210,1.5,72.6,61,1,3,263,64630,2642,102139,70.1,0,
2026-03-05,12:00:00,auto,compressorCoolOff,auto,Home,71,67,71.1,63,77.4,0,135,0,135,1.2,72.4,63,1,3,262,62340,2626,102133,69.9,0,
2026-03-05,12:05:00,auto,compressorCoolStage1On,auto,Home,71,67,71,62,77.4,0,165,0,210,1.3,72.3,62,0,3,259,57936,2595,102132,70.3,0,
2026-03-05,12:10:00,auto,compressorCoolOff,auto,Home,71,67,71.1,63,77.4,0,135,0,135,1.3,72.5,63,0,3,257,55229,2573,102136,70.2,0,
2026-03-05,12:15:00,auto,compressorCoolStage1On,auto,Home,71,67,71.2,62,77.4,0,165,0,210,1.4,72.6,62,1,3,254,52040,2547,102135,70.7,0,
2026-03-05,12:20:00,auto,compressorCoolOff,auto,Home,71,67,71.7,66,77.4,0,135,0,135,0.9,72.7,66,1,3,243,40708,2436,102136,70.4,0,
2026-03-05,12:25:00,auto,compressorCoolStage1On,auto,Home,71,67,72,64,77.4,0,300,0,300,1,73,64,1,4,239,37015,2397,102132,71,0,
2026-03-05,12:30:00,auto,compressorCoolStage1On,auto,Home,71,67,71.9,63,77.7,0,300,0,300,1.2,73.1,63,0,4,240,37857,2407,102130,70.5,0,
2026-03-05,12:35:00,auto,compressorCoolStage1On,auto,Home,71,67,71.4,62,77.7,0,300,0,300,1.6,73.1,62,0,4,244,41762,2450,102126,69.8,0,
2026-03-05,12:40:00,auto,compressorCoolStage1On,auto,Home,71,67,71.3,61,77.7,0,300,0,300,1.7,73.1,61,0,4,245,42044,2453,102117,69.3,0,
2026-03-05,12:45:00,auto,compressorCoolStage1On,auto,Home,71,67,71,59,77.7,0,165,0,210,1.9,73,59,1,3,252,49838,2528,102113,68.8,0,
2026-03-05,12:50:00,auto,compressorCoolOff,auto,Home,71,67,71.6,62,77.7,0,135,0,135,1.4,73.1,62,0,3,243,40703,2436,102117,68.9,0,
2026-03-05,12:55:00,auto,compressorCoolStage1On,auto,Home,71,67,71.6,61,77.7,0,300,0,300,1.6,73.2,61,1,4,240,37857,2407,102117,69.4,0,
2026-03-05,13:00:00,auto,compressorCoolStage1On,auto,Home,71,67,71.2,60,77.7,0,180,0,225,1.8,73,60,1,4,247,44698,2480,102110,69.4,0,
2026-03-05,13:05:00,auto,compressorCoolOff,auto,Home,71,67,71.8,63,77.7,0,120,0,120,1.3,73.1,63,1,4,237,36100,2383,102106,69.4,0,
2026-03-05,13:10:00,auto,compressorCoolStage1On,auto,Home,71,67,71.7,62,77.7,0,300,0,300,1.5,73.3,62,0,4,236,34646,2367,102103,70.2,0,
2026-03-05,13:15:00,auto,compressorCoolStage1On,auto,Home,71,67,71.4,61,77.7,0,240,0,285,1.7,73.1,61,1,4,241,38890,2419,102100,69.9,0,
2026-03-05,13:20:00,auto,compressorCoolOff,auto,Home,71,67,71.9,65,77.7,0,60,0,60,0.9,72.9,65,1,4,229,29904,2300,102101,69.6,0,
2026-03-05,13:25:00,auto,compressorCoolStage1On,auto,Home,71,67,72.2,64,77.7,0,300,0,300,1.2,73.4,64,0,4,220,24389,2212,102091,70.2,0,
2026-03-05,13:30:00,auto,compressorCoolStage1On,auto,Home,71,67,71.9,62,77.8,0,300,0,300,1.6,73.5,62,1,4,227,28608,2283,102083,70.3,0,
2026-03-05,13:35:00,auto,compressorCoolStage1On,auto,Home,71,67,71.5,61,77.8,0,300,0,300,1.7,73.3,61,1,4,232,31884,2332,102080,69.9,0,
2026-03-05,13:40:00,auto,compressorCoolStage1On,auto,Home,71,67,71.4,60,77.8,0,300,0,300,1.9,73.3,60,0,4,232,31946,2332,102074,69.5,0,
2026-03-05,13:45:00,auto,compressorCoolStage1On,auto,Home,71,67,71.3,59,77.8,0,300,0,300,2,73.3,59,1,4,232,31714,2329,102067,69.1,0,
2026-03-05,13:50:00,auto,compressorCoolStage1On,auto,Home,71,67,71.4,60,77.8,0,225,0,270,1.8,73.2,60,1,4,230,30060,2305,102068,68.8,0,
2026-03-05,13:55:00,auto,compressorCoolOff,auto,Home,71,67,73,68,77.8,0,75,0,75,0.4,73.4,68,1,4,194,13982,1954,102075,68.8,0,
2026-03-05,14:00:00,auto,compressorCoolStage1On,auto,Home,71,67,73.8,72,77.8,0,300,0,300,,73.8,72,1,4,171,7997,1719,102077,69.7,0,
2026-03-05,14:05:00,auto,compressorCoolStage1On,auto,Home,71,67,73.7,70,77.8,0,300,0,300,0.1,73.9,70,1,4,170,7722,1705,102075,69.9,0,
2026-03-05,14:10:00,auto,compressorCoolStage1On,auto,Home,71,67,73.6,70,77.8,0,300,0,300,0.1,73.8,70,1,4,167,7172,1674,102070,69.7,0,
2026-03-05,14:15:00,auto,compressorCoolStage1On,auto,Home,71,67,73.5,69,77.8,0,300,0,300,0.3,73.8,69,1,4,163,6629,1636,102063,69.6,0,
2026-03-05,14:20:00,auto,compressorCoolStage1On,auto,Home,71,67,73.6,68,77.8,0,300,0,300,0.3,74,68,1,4,158,5949,1591,102058,69.6,0,
2026-03-05,14:25:00,auto,compressorCoolStage1On,auto,Home,71,67,73.7,69,77.8,0,300,0,300,0.3,74,69,1,4,155,5472,1554,102055,69.5,0,
2026-03-05,14:30:00,auto,compressorCoolStage1On,auto,Home,71,67,73.5,68,77.8,0,300,0,300,0.3,73.9,68,1,4,151,5041,1517,102056,69.5,0,
2026-03-05,14:35:00,auto,compressorCoolStage1On,auto,Home,71,67,73.1,67,77.8,0,300,0,300,0.5,73.7,67,1,4,152,5233,1533,102054,69.4,1,
2026-03-05,14:40:00,auto,compressorCoolStage1On,auto,Home,71,67,73,68,77.8,0,300,0,300,0.2,73.9,68,1,4,143,4178,1435,102046,69.4,1,
2026-03-05,14:45:00,auto,compressorCoolStage1On,auto,Home,71,67,72.3,67,77.8,0,300,0,300,0.3,73.7,67,1,4,143,4198,1437,102049,69.5,1,
2026-03-05,14:50:00,auto,compressorCoolStage1On,auto,Home,71,67,71.8,67,77.8,0,300,0,300,0.3,73.6,67,1,4,141,3997,1416,102050,69.4,0,
2026-03-05,14:55:00,auto,compressorCoolStage1On,auto,Home,71,67,71.6,68,77.8,0,300,0,300,0.1,73.4,68,1,4,136,3640,1374,102046,69.4,0,
2026-03-05,15:00:00,auto,compressorCoolStage1On,auto,Home,71,67,71.2,67,77.8,0,255,0,300,0.2,73.3,67,1,4,134,3408,1345,102045,69.3,0,
2026-03-05,15:05:00,auto,compressorCoolOff,auto,Home,71,67,71.3,69,77.8,0,45,0,45,,73.3,69,1,4,129,3107,1299,102044,69.3,0,
2026-03-05,15:10:00,auto,compressorCoolStage1On,auto,Home,71,67,71.9,71,77.8,0,300,0,300,,73.7,71,0,4,116,2268,1166,102044,70.1,0,
2026-03-05,15:15:00,auto,compressorCoolStage1On,auto,Home,71,67,72.1,70,77.8,0,300,0,300,,73.9,70,1,4,115,2214,1155,102038,70.4,0,
2026-03-05,15:20:00,auto,compressorCoolStage1On,auto,Home,71,67,72.1,69,77.8,0,300,0,300,0.1,73.9,69,1,4,115,2238,1160,102037,70.3,0,
2026-03-05,15:25:00,auto,compressorCoolStage1On,auto,Home,71,67,72,68,77.8,0,300,0,300,0.2,73.7,68,1,4,111,2055,1123,102038,70,0,
2026-03-05,15:30:00,auto,compressorCoolStage1On,auto,Home,71,67,71.9,66,77.8,0,300,0,300,0.5,73.7,66,1,4,114,2181,1146,102036,69.8,0,
2026-03-05,15:35:00,auto,compressorCoolStage1On,auto,Home,71,67,72,67,77.8,0,300,0,300,0.4,73.4,67,1,4,119,2477,1201,102032,69.5,0,
2026-03-05,15:40:00,auto,compressorCoolStage1On,auto,Home,71,67,72.5,68,77.8,0,300,0,300,0.3,73.4,68,1,4,111,2057,1123,102028,69.4,0,
2026-03-05,15:45:00,auto,compressorCoolStage1On,auto,Home,71,67,72.9,69,77.8,0,300,0,300,0.3,73.2,69,1,4,104,1757,1052,102031,69.3,0,
2026-03-05,15:50:00,auto,compressorCoolStage1On,auto,Home,71,67,72.9,69,77.8,0,300,0,300,0.2,73.2,69,1,4,96,1456,971,102026,69.1,0,
2026-03-05,15:55:00,auto,compressorCoolStage1On,auto,Home,71,67,72.5,68,77.8,0,300,0,300,0.4,73,68,1,4,102,1658,1028,102024,69,0,
2026-03-05,16:00:00,auto,compressorCoolStage1On,auto,Home,71,67,72.6,71,77.7,0,300,0,300,0.1,72.8,71,1,4,94,1394,945,102025,69,0,
2026-03-05,16:05:00,auto,compressorCoolStage1On,auto,Home,71,67,72.8,72,77.7,0,300,0,300,,72.8,72,1,4,78,957,785,102029,69.1,0,
2026-03-05,16:10:00,auto,compressorCoolStage1On,auto,Home,71,67,72.7,73,77.7,0,300,0,300,,72.7,73,1,4,70,806,710,102034,69.1,0,
2026-03-05,16:15:00,auto,compressorCoolStage1On,auto,Home,71,67,72.8,74,77.7,0,300,0,300,,72.8,74,1,4,68,772,687,102033,69,0,
2026-03-05,16:20:00,auto,compressorCoolStage1On,auto,Home,71,67,72.7,74,77.7,0,300,0,300,,72.7,74,1,4,69,779,695,102030,68.9,0,
2026-03-05,16:25:00,auto,compressorCoolStage1On,auto,Home,71,67,72,70,77.7,0,300,0,300,0.4,72.5,70,1,4,75,929,725,102028,68.7,0,
2026-03-05,16:30:00,auto,compressorCoolOff,auto,Home,71,67,71.3,66,77.5,0,0,0,45,0.8,72.2,66,1,4,99,1567,999,102026,68.7,0,
2026-03-05,16:35:00,auto,compressorCoolStage1On,auto,Home,71,67,71.4,65,77.5,0,300,0,300,0.9,72.4,65,0,4,94,1395,947,102024,69.3,0,
2026-03-05,16:40:00,auto,compressorCoolStage1On,auto,Home,71,67,71.1,63,77.5,0,195,0,240,1.2,72.3,63,0,4,104,1751,1051,102024,69.6,0,
2026-03-05,16:45:00,auto,compressorCoolOff,auto,Home,71,67,71.7,67,77.5,0,105,0,105,0.6,72.3,67,0,4,91,1316,922,102028,69.5,0,
2026-03-05,16:50:00,auto,compressorCoolStage1On,auto,Home,71,67,71.3,64,77.5,0,300,0,300,1.1,72.4,64,0,4,97,1498,981,102027,70.3,0,
2026-03-05,16:55:00,auto,compressorCoolStage1On,auto,Home,71,67,71.1,63,77.5,0,105,0,150,1.2,72.4,63,1,4,103,1700,1038,102030,69.9,0,
2026-03-05,17:00:00,auto,compressorCoolOff,auto,Home,73.2,67,71.8,66,77.3,0,0,0,0,0.5,72.4,66,1,4,89,1254,903,102038,70,0,
2026-03-05,17:05:00,auto,compressorCoolOff,hold,Home,74,67,72.6,69,77.3,0,0,0,0,0.3,73,69,1,4,77,934,775,102042,70.9,0,
2026-03-05,17:10:00,auto,compressorCoolOff,hold,Home,74,67,73.3,68,77.3,0,0,0,0,0.4,73.8,68,1,4,75,906,762,102038,72,0,
2026-03-05,17:15:00,auto,compressorCoolOff,hold,Home,74,67,74,69,77.3,0,0,0,0,0.3,74.4,69,1,4,73,854,735,102032,72.9,0,
2026-03-05,17:20:00,auto,compressorCoolOff,hold,Home,74,67,74.3,67,77.3,0,180,0,180,0.6,74.9,67,1,4,74,874,745,102027,73.9,0,
2026-03-05,17:25:00,auto,compressorCoolStage1On,hold,Home,74,67,73.7,64,77.3,0,120,0,165,1.1,74.9,64,1,4,87,1179,875,102031,74,0,
2026-03-05,17:30:00,auto,compressorCoolOff,hold,Home,74,67,73.8,65,77.3,0,30,0,30,0.8,74.7,65,1,4,88,1199,885,102032,73.8,0,
2026-03-05,17:35:00,auto,compressorCoolStage1On,hold,Home,74,67,73.7,65,77.3,0,270,0,300,1,74.7,65,1,4,89,1231,896,102035,74.1,0,
2026-03-05,17:40:00,auto,compressorCoolOff,hold,Home,74,67,73.5,64,77.3,0,0,0,15,1,74.6,64,1,4,95,1409,956,102037,73.6,0,
2026-03-05,17:45:00,auto,compressorCoolOff,hold,Home,74,67,73.8,65,77.3,0,30,0,30,1,74.8,65,1,4,92,1335,933,102036,73.8,0,
2026-03-05,17:50:00,auto,compressorCoolStage1On,hold,Home,74,67,73.6,63,77.3,0,270,0,300,1.3,75,63,1,4,94,1393,950,102037,74.5,0,
2026-03-05,17:55:00,auto,compressorCoolOff,hold,Home,74,67,73.4,63,77.3,0,0,0,15,1.2,74.7,63,1,4,100,1578,1006,102037,74,0,
2026-03-05,18:00:00,auto,compressorCoolOff,hold,Home,74,67,73.7,64,77.3,0,75,0,75,1.1,74.9,64,1,4,96,1439,966,102034,74.1,0,
2026-03-05,18:05:00,auto,compressorCoolStage1On,hold,Home,74,67,73.4,62,77.3,0,225,0,270,1.4,74.8,62,1,4,100,1588,1008,102025,74.3,0,
2026-03-05,18:10:00,auto,compressorCoolOff,hold,Home,74,67,73.3,63,77.3,0,0,0,0,1.2,74.6,63,1,4,101,1609,1014,102021,73.9,0,
2026-03-05,18:15:00,auto,compressorCoolOff,hold,Home,74,67,73.8,65,77.3,0,45,0,45,1,74.9,65,1,4,93,1367,942,102017,74.1,0,
2026-03-05,18:20:00,auto,compressorCoolStage1On,hold,Home,74,67,73.8,64,77.3,0,255,0,300,1,74.9,64,1,4,90,1254,905,102014,74.5,0,
2026-03-05,18:25:00,auto,compressorCoolOff,hold,Home,74,67,73.5,65,77.3,0,0,0,0,0.8,74.3,65,1,4,91,1309,923,102013,74,0,
2026-03-05,18:30:00,auto,compressorCoolOff,hold,Home,74,67,73.9,67,77.3,0,0,0,0,0.6,74.6,67,1,4,83,1070,834,102013,74.1,0,
2026-03-05,18:35:00,auto,compressorCoolOff,hold,Home,74,67,74.1,67,77.3,0,0,0,0,0.7,74.9,67,1,4,82,1061,831,102010,74.6,0,
2026-03-05,18:40:00,auto,compressorCoolOff,hold,Home,73.4,67,74.6,68,77.3,0,180,0,180,0.4,75.1,68,1,4,80,1018,812,102004,75.1,0,
2026-03-05,18:45:00,auto,compressorCoolStage1On,hold,Home,73,67,74.4,67,77.3,0,300,0,300,0.6,75.1,67,1,4,77,947,781,102008,75.1,0,
2026-03-05,18:50:00,auto,compressorCoolStage1On,hold,Home,73,67,74.3,66,77.3,0,300,0,300,0.8,75.1,66,1,4,79,977,795,102012,74,0,
2026-03-05,18:55:00,auto,compressorCoolStage1On,hold,Home,73,67,73.9,64,77.3,0,300,0,300,1,74.9,64,1,4,84,1094,845,102008,72.9,0,
2026-03-05,19:00:00,auto,compressorCoolStage1On,hold,Home,73,67,73.4,65,75.8,0,150,0,195,1,74.4,65,1,4,87,1166,873,102009,71.9,0,
2026-03-05,19:05:00,auto,compressorCoolOff,hold,Home,73,67,73.4,67,75.8,0,0,0,0,0.6,74,67,1,4,79,993,801,102018,71.4,0,
2026-03-05,19:10:00,auto,compressorCoolOff,hold,Home,73,67,73.8,68,75.8,0,180,0,180,0.4,74.2,68,1,4,76,921,769,102030,72.1,0,
2026-03-05,19:15:00,auto,compressorCoolStage1On,hold,Home,71.6,67,73.9,68,75.8,0,300,0,300,0.4,74.3,68,1,4,78,959,786,102045,72.4,0,
2026-03-05,19:20:00,auto,compressorCoolStage1On,hold,Home,71,67,73.5,69,75.8,0,300,0,300,0.3,73.8,69,1,4,74,884,751,102054,72,0,
2026-03-05,19:25:00,auto,compressorCoolStage1On,hold,Home,71,67,72.7,70,75.8,0,300,0,300,0.2,73,70,0,4,75,906,761,102052,71.3,0,
2026-03-05,19:30:00,auto,compressorCoolStage1On,hold,Home,71,67,72,71,75.8,0,300,0,300,,72.1,71,1,4,76,922,769,102057,70.6,0,
2026-03-05,19:35:00,auto,compressorCoolStage1On,hold,Home,71,67,71.1,72,75.8,0,165,0,210,,71.1,72,1,4,76,916,766,102064,70.1,0,
2026-03-05,19:40:00,auto,compressorCoolOff,hold,Home,71,67,70.5,73,75.8,0,0,0,0,,70.5,73,1,4,70,805,709,102072,69.8,0,
2026-03-05,19:45:00,auto,compressorCoolOff,hold,Home,70.1,67,71.1,74,75.8,0,210,0,210,,71.1,74,1,4,64,704,618,102080,70.7,0,
2026-03-05,19:50:00,auto,compressorCoolStage1On,auto,Home,70,67,71.1,74,75.8,0,300,0,300,,71.1,74,1,4,59,620,547,102074,71.2,0,
2026-03-05,19:55:00,auto,compressorCoolStage1On,auto,Home,70,67,70.4,76,75.8,0,300,0,300,,70.4,76,1,4,60,644,555,102077,70.9,0,
2026-03-05,20:00:00,auto,compressorCoolStage1On,auto,Home,70,67,69.9,76,75.5,0,15,0,60,,69.9,76,0,4,62,670,564,102101,70.7,0,
2026-03-05,20:05:00,auto,compressorCoolOff,auto,Home,70,67,70.4,76,75.5,0,0,0,0,,70.4,76,1,4,59,630,550,102119,71.1,0,
2026-03-05,20:10:00,auto,compressorCoolOff,auto,Home,70,67,71.2,75,75.5,0,285,0,285,,71.2,75,1,4,55,571,529,102134,72,0,
2026-03-05,20:15:00,auto,compressorCoolStage1On,auto,Home,70.6,67,71.1,74,75.5,0,210,0,240,,71.1,74,0,4,57,600,539,102148,72,0,
2026-03-05,20:20:00,auto,compressorCoolOff,auto,Home,72,67,70.9,74,75.5,0,0,0,0,,70.8,74,1,4,62,670,564,102160,71.5,0,
2026-03-05,20:25:00,auto,compressorCoolOff,auto,Home,72,67,71.4,73,75.5,0,0,0,0,,71.4,73,1,4,61,656,559,102163,72.1,0,
2026-03-05,20:30:00,auto,compressorCoolOff,auto,Home,72,67,72.2,72,75.5,0,0,0,0,,72.2,72,1,4,62,668,563,102172,72.8,0,
2026-03-05,20:35:00,auto,compressorCoolOff,auto,Home,72,67,72.9,71,75.5,0,120,0,120,,72.9,71,1,4,64,710,580,102188,73.5,0,
2026-03-05,20:40:00,auto,compressorCoolStage1On,auto,Home,72,67,73,69,75.5,0,300,0,300,0.2,73.3,69,1,4,66,744,644,102192,74.2,0,
2026-03-05,20:45:00,auto,compressorCoolStage1On,auto,Home,71.7,66.9,72.1,68,75.5,0,195,0,240,0.4,72.6,68,1,4,73,859,738,102191,74.3,0,
2026-03-05,20:50:00,auto,compressorCoolOff,auto,Home,69,66,71.5,69,75.5,0,105,0,105,0.4,71.9,69,1,4,79,994,802,102197,74.4,0,
2026-03-05,20:55:00,auto,compressorCoolStage1On,auto,Home,69,66,71.7,69,75.5,0,300,0,300,0.3,72,69,0,4,75,896,757,102211,74.6,0,
2026-03-05,21:00:00,auto,compressorCoolStage1On,auto,Home,69,66,71.1,69,75.2,0,300,0,300,0.4,71.5,69,0,4,78,977,795,102215,74.8,0,
2026-03-05,21:05:00,auto,compressorCoolStage1On,auto,Home,69,66,70.4,69,75.2,0,300,0,300,0.3,70.7,69,0,4,82,1056,829,102212,74.9,0,
2026-03-05,21:10:00,auto,compressorCoolStage1On,auto,Home,69,66,69.6,69,75.2,0,300,0,300,0.3,70,69,1,4,86,1169,874,102215,74.9,0,
2026-03-05,21:15:00,auto,compressorCoolStage1On,auto,Home,69,66,69.1,69,75.2,0,180,0,225,0.2,69.4,69,1,4,89,1248,903,102214,74.8,0,
2026-03-05,21:20:00,auto,compressorCoolOff,auto,Home,69,66,68.7,69,75.2,0,0,0,0,0.3,69,69,1,4,91,1301,921,102213,74.5,0,
2026-03-05,21:25:00,auto,compressorCoolOff,auto,Home,69,66,69.4,70,75.2,0,255,0,255,0.1,69.6,70,1,4,87,1192,881,102216,74.6,0,
2026-03-05,21:30:00,auto,compressorCoolStage1On,auto,Home,69,66,69.4,69,75.1,0,300,0,300,0.3,69.8,69,1,4,85,1127,857,102211,74.6,0,
2026-03-05,21:35:00,auto,compressorCoolStage1On,auto,Home,69,66,68.9,69,75.1,0,135,0,180,0.3,69.3,69,1,4,90,1253,904,102205,74.5,0,
2026-03-05,21:40:00,auto,compressorCoolOff,auto,Home,69,66,68.5,69,75.1,0,0,0,0,0.4,68.9,69,1,4,93,1365,942,102205,74.3,0,
2026-03-05,21:45:00,auto,compressorCoolOff,auto,Home,69,66,69.5,69,75.1,0,255,0,255,0.1,69.6,69,0,4,89,1246,901,102208,74.4,0,
2026-03-05,21:50:00,auto,compressorCoolStage1On,auto,Home,69,66,69.4,69,75.1,0,300,0,300,0.3,69.8,69,0,4,87,1183,879,102207,74.4,0,
2026-03-05,21:55:00,auto,compressorCoolStage1On,auto,Home,69,66,68.8,68,75.1,0,90,0,135,0.3,69.2,68,0,4,91,1287,916,102198,74.3,0,
2026-03-05,22:00:00,auto,compressorCoolOff,auto,Home,69,66,68.4,68,75.1,0,0,0,0,0.4,68.9,68,0,4,95,1433,964,102186,74.2,0,
2026-03-05,22:05:00,auto,compressorCoolOff,auto,Home,69,66,69.1,69,75.1,0,210,0,210,0.3,69.5,69,1,4,92,1326,928,102186,74.3,0,
2026-03-05,22:10:00,auto,compressorCoolStage1On,auto,Home,69,66,69.2,69,75.1,0,300,0,300,0.3,69.6,69,1,4,88,1216,891,102187,74.5,0,
2026-03-05,22:15:00,auto,compressorCoolStage1On,auto,Home,69,66,68.8,69,75.1,0,30,0,75,0.3,69.1,69,0,4,92,1324,928,102185,74.4,0,
2026-03-05,22:20:00,auto,compressorCoolOff,auto,Home,69,66,68.6,69,75.1,0,0,0,0,0.4,69,69,1,4,95,1410,956,102192,74.4,0,
2026-03-05,22:25:00,auto,compressorCoolStage1On,auto,Home,69,66,69.3,69,75.1,0,300,0,300,0.3,69.6,69,1,4,91,1307,923,102194,74.6,0,
2026-03-05,22:30:00,auto,compressorCoolStage1On,auto,Home,69,66,69.2,68,75.1,0,285,0,300,0.3,69.5,68,1,4,93,1341,934,102199,74.8,0,
2026-03-05,22:35:00,auto,compressorCoolOff,auto,Home,69,66,68.5,67,75.1,0,0,0,30,0.4,69,67,1,4,98,1521,989,102192,74.7,0,
2026-03-05,22:40:00,auto,compressorCoolOff,auto,Home,69,66,68.9,69,75.1,0,195,0,195,0.2,69.2,69,1,4,90,1278,912,102188,74.7,0,
2026-03-05,22:45:00,auto,compressorCoolStage1On,auto,Home,69,66,69.1,69,75.1,0,240,0,285,0.3,69.4,69,1,4,88,1213,890,102189,74.7,0,
2026-03-05,22:50:00,auto,compressorCoolOff,auto,Home,69,66,68.9,70,75.1,0,30,0,30,0.1,69.1,70,1,4,91,1300,920,102189,74.5,0,
2026-03-05,22:55:00,auto,compressorCoolStage1On,auto,Home,69,66,69.3,71,75.1,0,300,0,300,,69.4,71,1,4,91,1308,923,102183,74.5,0,
2026-03-05,23:00:00,auto,compressorCoolStage1On,auto,Sleep,69,66,69.1,70,75,0,225,0,270,0.1,69.2,70,1,4,94,1386,949,102188,74.3,0,
2026-03-05,23:05:00,auto,compressorCoolOff,auto,Sleep,69,66,68.4,68,75,0,0,0,0,0.3,68.8,68,1,4,103,1717,1042,102183,74.1,0,
2026-03-05,23:10:00,auto,compressorCoolOff,auto,Sleep,69,66,69.1,69,75,0,240,0,240,0.2,69.3,69,1,4,101,1619,1016,102176,74.1,0,
2026-03-05,23:15:00,auto,compressorCoolStage1On,auto,Sleep,69,66,69.1,69,75,0,195,0,240,0.3,69.4,69,1,4,98,1513,988,102171,74.2,0,
2026-03-05,23:20:00,auto,compressorCoolOff,auto,Sleep,69,66,68.8,70,75,0,0,0,0,0.2,69,70,0,4,100,1578,1006,102178,74.2,0,
2026-03-05,23:25:00,auto,compressorCoolOff,auto,Sleep,69,66,69.2,70,75,0,270,0,270,0.1,69.3,70,0,4,99,1543,996,102178,74.4,0,
2026-03-05,23:30:00,auto,compressorCoolStage1On,auto,Sleep,69,66,68.9,68,75,0,165,0,210,0.3,69.3,68,0,4,100,1598,1011,102177,74.5,0,
2026-03-05,23:35:00,auto,compressorCoolOff,auto,Sleep,69,66,68.5,69,75,0,0,0,0,0.4,69,69,0,4,105,1761,1055,102180,74.5,0,
2026-03-05,23:40:00,auto,compressorCoolOff,auto,Sleep,69,66,69.1,69,75,0,210,0,210,0.3,69.5,69,1,4,102,1656,1027,102178,74.6,0,
2026-03-05,23:45:00,auto,compressorCoolStage1On,auto,Sleep,69,66,69.3,69,75,0,300,0,300,0.3,69.7,69,1,4,100,1603,1013,102182,74.8,0,
2026-03-05,23:50:00,auto,compressorCoolStage1On,auto,Sleep,69,66,68.7,69,75,0,45,0,90,0.3,69.1,69,1,4,103,1718,1044,102183,74.6,0,
2026-03-05,23:55:00,auto,compressorCoolOff,auto,Sleep,68.4,65.4,68.6,69,75,0,180,0,180,0.2,68.8,69,1,4,104,1720,1044,102180,74.6,0,
2026-03-06,00:00:00,auto,compressorCoolStage1On,auto,Sleep,68,65,68.6,69,74.8,0,300,0,300,0.2,68.9,69,0,4,102,1658,1028,102178,74.7,0,
2026-03-06,00:05:00,auto,compressorCoolStage1On,auto,Sleep,68,65,68.2,70,74.8,0,195,0,240,0.2,68.4,70,0,4,105,1785,1060,102175,74.6,0,
2026-03-06,00:10:00,auto,compressorCoolOff,auto,Sleep,68,65,67.8,70,74.8,0,15,0,15,0.1,67.9,70,0,4,107,1850,1076,102167,74.4,0,
2026-03-06,00:15:00,auto,compressorCoolStage1On,auto,Sleep,68,65,68.1,70,74.8,0,285,0,300,0.1,68.2,70,0,4,103,1705,1040,102163,74.5,0,
2026-03-06,00:20:00,auto,compressorCoolOff,auto,Sleep,68,65,67.9,70,74.8,0,0,0,30,0.3,68.2,70,0,4,106,1807,1065,102159,74.6,0,
2026-03-06,00:25:00,auto,compressorCoolOff,auto,Sleep,68,65,68.2,70,74.8,0,285,0,285,0.1,68.4,70,1,4,103,1719,1043,102161,74.6,0,
2026-03-06,00:30:00,auto,compressorCoolStage1On,auto,Sleep,68,65,68,69,74.8,0,165,0,210,0.3,68.3,69,1,4,103,1716,1043,102155,74.7,0,
2026-03-06,00:35:00,auto,compressorCoolOff,auto,Sleep,68,65,67.8,69,74.8,0,60,0,60,0.2,68.1,69,1,4,108,1927,1094,102150,74.7,0,
2026-03-06,00:40:00,auto,compressorCoolStage1On,auto,Sleep,67.1,64.1,68.3,69,74.8,0,300,0,300,0.2,68.6,69,1,4,104,1727,1046,102150,74.7,0,
2026-03-06,00:45:00,auto,compressorCoolStage1On,auto,Sleep,67,64,67.9,70,74.8,0,300,0,300,0.2,68.2,70,0,4,105,1762,1055,102145,74.6,0,
2026-03-06,00:50:00,auto,compressorCoolStage1On,auto,Sleep,67,64,67.4,70,74.8,0,300,0,300,0.2,67.6,70,0,4,108,1887,1085,102141,74.5,0,
2026-03-06,00:55:00,auto,compressorCoolStage1On,auto,Sleep,67,64,66.8,69,74.8,0,30,0,75,0.2,67,69,0,4,113,2127,1137,102135,74.3,0,
2026-03-06,01:00:00,auto,compressorCoolOff,auto,Sleep,67,64,66.9,69,74.8,0,120,0,120,0.2,67.2,69,0,4,111,2053,1120,102134,74.2,0,
2026-03-06,01:05:00,auto,compressorCoolStage1On,auto,Sleep,67,64,67.5,70,74.8,0,300,0,300,0.2,67.7,70,0,4,101,1634,1021,102128,74.2,0,
2026-03-06,01:10:00,auto,compressorCoolStage1On,auto,Sleep,67,64,67.4,69,74.8,0,300,0,300,0.4,67.5,69,0,4,103,1702,1039,102123,74.2,0,
2026-03-06,01:15:00,auto,compressorCoolStage1On,auto,Sleep,67,64,67.1,69,74.8,0,195,0,240,0.6,66.9,69,1,4,105,1785,1060,102119,74,0,
2026-03-06,01:20:00,auto,compressorCoolOff,auto,Sleep,67,64,66.4,69,74.8,0,0,0,0,0.3,66.6,69,1,4,108,1912,1091,102117,73.9,0,
2026-03-06,01:25:00,auto,compressorCoolOff,auto,Sleep,67,64,66.9,69,74.8,0,120,0,120,0.3,67.2,69,1,4,103,1715,1042,102114,73.9,0,
2026-03-06,01:30:00,auto,compressorCoolStage1On,auto,Sleep,67,64,67.4,69,74.8,0,300,0,300,0.3,67.7,69,1,4,97,1497,983,102112,74,0,
2026-03-06,01:35:00,auto,compressorCoolStage1On,auto,Sleep,67,64,67,69,74.8,0,180,0,225,0.2,67.3,69,1,4,98,1532,993,102108,73.9,0,
2026-03-06,01:40:00,auto,compressorCoolOff,auto,Sleep,67,64,66.8,72,74.8,0,0,0,0,,66.8,72,1,4,96,1458,971,102099,73.8,0,
2026-03-06,01:45:00,auto,compressorCoolOff,auto,Sleep,67,64,67.3,71,74.8,0,270,0,270,,67.3,71,1,4,92,1333,932,102096,73.8,0,
2026-03-06,01:50:00,auto,compressorCoolStage1On,auto,Sleep,67,64,67.1,70,74.8,0,225,0,270,0.1,67.3,70,0,4,95,1430,962,102087,73.9,0,
2026-03-06,01:55:00,auto,compressorCoolOff,auto,Sleep,67,64,66.9,71,74.8,0,0,0,0,,66.9,71,0,4,98,1500,984,102082,73.8,0,
2026-03-06,02:00:00,auto,compressorCoolOff,auto,Sleep,72.7,64,67.5,73,74.4,0,0,0,0,-0.1,67.3,73,1,4,89,1242,898,102083,73.8,0,
2026-03-06,02:05:00,auto,compressorCoolOff,hold,Sleep,73,64,68.1,72,74.4,0,0,0,0,,68.1,72,1,4,93,1340,934,102080,74,0,
2026-03-06,02:10:00,auto,compressorCoolOff,hold,Sleep,73,64.3,69,72,74.4,0,0,0,0,,69,72,1,4,85,1146,861,102079,74.2,0,
2026-03-06,02:15:00,auto,compressorCoolOff,hold,Sleep,73,66,69.6,72,74.4,0,0,0,0,,69.6,72,1,4,81,1029,818,102077,74.3,0,
2026-03-06,02:20:00,auto,compressorCoolOff,hold,Sleep,73,66,70.1,71,74.4,0,0,0,0,,70.2,71,0,4,84,1097,846,102069,74.5,0,
2026-03-06,02:25:00,auto,compressorCoolOff,hold,Sleep,73,66,70.6,70,74.4,0,0,0,0,0.1,70.7,70,1,4,85,1130,859,102066,74.6,0,
2026-03-06,02:30:00,auto,compressorCoolOff,hold,Sleep,73,66,70.8,69,74.4,0,0,0,0,0.3,71.2,69,1,4,88,1199,885,102063,74.8,0,
2026-03-06,02:35:00,auto,compressorCoolOff,hold,Sleep,73,66,71.2,68,74.4,0,0,0,195,0.4,71.6,68,0,4,90,1269,910,102056,75,0,
2026-03-06,02:40:00,auto,compressorCoolOff,hold,Sleep,73,66,71.2,68,74.4,0,0,0,255,0.4,71.6,68,0,4,91,1290,917,102050,75.1,0,
2026-03-06,02:45:00,auto,compressorCoolOff,hold,Sleep,73,66,71.1,72,74.4,0,0,0,0,,71.2,72,0,4,85,1121,855,102044,75.1,0,
2026-03-06,02:50:00,auto,compressorCoolOff,hold,Sleep,73,66,71.4,72,74.4,0,0,0,0,,71.4,72,1,4,84,1103,848,102038,75.2,0,
2026-03-06,02:55:00,auto,compressorCoolOff,hold,Sleep,73,66,71.7,71,74.4,0,0,0,0,,71.8,71,1,4,84,1108,850,102037,75.3,0,
2026-03-06,03:00:00,auto,compressorCoolOff,hold,Sleep,73,66,72,70,74.4,0,0,0,0,0.2,72.2,70,0,4,86,1153,868,102035,75.5,0,
2026-03-06,03:05:00,auto,compressorCoolOff,hold,Sleep,73,66,72.3,69,74.4,0,0,0,195,0.2,72.5,69,0,4,89,1232,896,102036,75.6,0,
2026-03-06,03:10:00,auto,compressorCoolOff,hold,Sleep,73,66,72.2,68,74.4,0,0,0,255,0.4,72.6,68,0,4,94,1377,946,102033,75.5,0,
2026-03-06,03:15:00,auto,compressorCoolOff,hold,Sleep,73,66,71.9,71,74.4,0,0,0,0,0.1,72,71,0,4,91,1296,918,102037,75.5,0,
2026-03-06,03:20:00,auto,compressorCoolOff,hold,Sleep,73,66,71.9,73,74.4,0,0,0,0,,71.9,73,0,4,87,1168,874,102040,75.5,0,
2026-03-06,03:25:00,auto,compressorCoolOff,hold,Sleep,73,66,72.1,71,74.4,0,0,0,0,0.1,72.1,71,0,4,87,1189,881,102037,75.5,0,
2026-03-06,03:30:00,auto,compressorCoolOff,hold,Sleep,73,66,72.5,71,74.4,0,0,0,0,0.3,72.4,71,0,4,88,1221,893,102036,75.6,0,
2026-03-06,03:35:00,auto,compressorCoolOff,hold,Sleep,73,66,72.8,69,74.4,0,210,0,210,0.6,72.8,69,0,4,91,1306,922,102037,75.7,0,
2026-03-06,03:40:00,auto,compressorCoolStage1On,hold,Sleep,73,66,72.5,67,74.4,0,90,0,135,1,72.6,67,0,4,100,1573,1004,102035,75.6,0,
2026-03-06,03:45:00,auto,compressorCoolOff,hold,Sleep,73,66,72.4,69,74.4,0,0,0,0,0.9,71.9,69,0,4,99,1551,999,102036,75.5,0,
2026-03-06,03:50:00,auto,compressorCoolOff,hold,Sleep,73,66,72.6,69,74.4,0,0,0,75,0.9,72,69,0,4,97,1484,979,102039,75.5,0,
2026-03-06,03:55:00,auto,compressorCoolOff,hold,Sleep,73,66,72.7,69,74.4,0,0,0,255,1,72.2,69,0,4,97,1499,984,102041,75.4,0,
2026-03-06,04:00:00,auto,compressorCoolOff,hold,Sleep,73,66,72.6,69,74.3,0,270,0,270,0.9,71.9,69,0,4,96,1450,968,102041,75.3,0,
2026-03-06,04:05:00,auto,compressorCoolStage1On,hold,Sleep,73,66,72.1,69,74.3,0,30,0,75,1,71.3,69,1,4,101,1620,1017,102038,75.2,0,
2026-03-06,04:10:00,auto,compressorCoolOff,hold,Sleep,71.6,64.7,71.8,71,74.3,0,210,0,210,0.8,70.7,71,0,4,97,1488,980,102031,75.1,0,
2026-03-06,04:15:00,auto,compressorCoolStage1On,HKhold,Sleep,71.1,64,70.8,71,74.3,0,90,0,135,0.8,69.5,71,0,4,101,1628,1020,102026,75,0,
2026-03-06,04:20:00,auto,compressorCoolOff,HKhold,Sleep,71.1,64,70.3,72,74.3,0,0,0,0,0.6,69.2,72,0,4,100,1582,1007,102029,74.9,0,
2026-03-06,04:25:00,auto,compressorCoolOff,HKhold,Sleep,71.1,64,70.4,71,74.3,0,0,0,0,0.5,69.8,71,0,4,95,1405,954,102030,74.8,0,
2026-03-06,04:30:00,auto,compressorCoolOff,HKhold,Sleep,71.1,64,70.8,71,74.4,0,0,0,0,0.2,70.6,71,0,4,90,1266,909,102033,74.9,0,
2026-03-06,04:35:00,auto,compressorCoolOff,HKhold,Sleep,71.1,64,71,71,74.4,0,45,0,45,0.1,71.1,71,0,4,88,1205,887,102038,75,0,
2026-03-06,04:40:00,auto,compressorCoolStage1On,HKhold,Sleep,71.1,64,71,69,74.4,0,255,0,300,0.4,71.1,69,0,4,91,1285,915,102035,75,0,
2026-03-06,04:45:00,auto,compressorCoolOff,HKhold,Sleep,71.1,64,70.4,70,74.4,0,0,0,0,0.5,69.9,70,0,4,101,1626,1019,102044,74.9,0,
2026-03-06,04:50:00,auto,compressorCoolOff,HKhold,Sleep,71.1,64,70.9,71,74.4,0,75,0,75,0.6,70.1,71,0,4,101,1631,1021,102041,74.9,0,
2026-03-06,04:55:00,auto,compressorCoolStage1On,HKhold,Sleep,71.1,64,71.1,70,74.4,0,225,0,270,0.7,70.2,70,0,4,99,1544,996,102036,74.8,0,
2026-03-06,05:00:00,auto,compressorCoolOff,HKhold,Sleep,71.1,64,70.5,71,74.4,0,0,0,0,1,69.2,71,0,4,103,1709,1041,102037,74.7,0,
2026-03-06,05:05:00,auto,compressorCoolOff,HKhold,Sleep,71.1,64,71,71,74.4,0,105,0,105,1,69.6,71,0,4,102,1661,1029,102034,74.7,0,
2026-03-06,05:10:00,auto,compressorCoolStage1On,HKhold,Sleep,71.1,64,70.9,71,74.4,0,195,0,240,1,69.4,71,0,4,98,1524,991,102032,74.6,0,
2026-03-06,05:15:00,auto,compressorCoolOff,HKhold,Sleep,71.1,64,70.4,73,74.4,0,0,0,0,1,68.5,73,0,4,98,1499,984,102040,74.5,0,
2026-03-06,05:20:00,auto,compressorCoolOff,HKhold,Sleep,71.1,64,70.7,73,74.4,0,0,0,0,0.9,68.9,73,1,4,96,1456,970,102047,74.4,0,
2026-03-06,05:25:00,auto,compressorCoolOff,HKhold,Sleep,71.1,64,71,71,74.4,0,0,0,0,0.8,69.7,71,1,4,94,1390,950,102056,74.4,0,
2026-03-06,05:30:00,auto,compressorCoolStage1On,HKhold,Sleep,71.1,64,71.2,71,74.3,0,300,0,300,0.7,70.3,71,0,4,90,1273,911,102058,74.5,0,
2026-03-06,05:35:00,auto,compressorCoolOff,HKhold,Sleep,71.1,64,70.6,69,74.3,0,0,0,45,0.8,70.1,69,0,4,97,1479,976,102060,74.4,0,
2026-03-06,05:40:00,auto,compressorCoolOff,HKhold,Sleep,71.1,64,70.3,69,74.3,0,0,0,0,0.7,70,69,0,4,99,1547,997,102061,74.3,0,
2026-03-06,05:45:00,auto,compressorCoolOff,HKhold,Sleep,71.1,64,70.5,69,74.3,0,0,0,0,0.5,70.5,69,0,4,95,1424,961,102058,74.3,0,
2026-03-06,05:50:00,auto,compressorCoolOff,HKhold,Sleep,71.1,64,70.5,69,74.3,0,0,0,75,0.3,70.8,69,0,4,94,1370,944,102063,74.4,0,
2026-03-06,05:55:00,auto,compressorCoolOff,HKhold,Sleep,71.1,64,70.9,69,74.3,0,0,0,255,0.5,71.2,69,0,4,89,1250,903,102067,74.4,0,
2026-03-06,06:00:00,auto,compressorCoolStage1On,HKhold,Sleep,71.1,64,71,69,74.4,0,300,0,300,0.5,71,69,0,4,90,1265,909,102075,74.4,0,
2026-03-06,06:05:00,auto,compressorCoolOff,HKhold,Sleep,71.1,64,70.8,69,74.4,0,0,0,45,0.6,70.4,69,0,4,95,1422,960,102089,74.3,0,
2026-03-06,06:10:00,auto,compressorCoolOff,HKhold,Sleep,71.1,64,71,70,74.4,0,135,0,135,0.6,70.2,70,0,4,93,1347,936,102098,74.2,0,
2026-03-06,06:15:00,auto,compressorCoolStage1On,HKhold,Sleep,71.1,64,70.9,69,74.4,0,165,0,210,1,70.3,69,0,4,92,1333,931,102103,74.2,0,
2026-03-06,06:20:00,auto,compressorCoolOff,HKhold,Sleep,71.1,64,70.7,69,74.4,0,0,0,0,1,69.8,69,0,4,98,1519,989,102108,74.1,0,
2026-03-06,06:25:00,auto,compressorCoolOff,HKhold,Sleep,71.1,64,70.9,69,74.4,0,0,0,0,1,70,69,0,4,96,1461,972,102120,74.1,0,
2026-03-06,06:30:00,auto,compressorCoolOff,HKhold,Sleep,71.1,64,71.2,69,74.4,0,255,0,255,1,70.4,69,0,4,95,1406,955,102128,74.1,0,
2026-03-06,06:35:00,auto,compressorCoolStage1On,HKhold,Sleep,71.1,64,70.9,68,74.4,0,45,0,90,1.1,70.3,68,0,4,99,1549,996,102137,74,0,
2026-03-06,06:40:00,auto,compressorCoolOff,HKhold,Sleep,71.1,64,70.8,69,74.4,0,0,0,0,1,69.9,69,0,4,102,1644,1024,102141,73.9,0,
2026-03-06,06:45:00,auto,compressorCoolOff,HKhold,Sleep,71.1,64,71,69,74.4,0,90,0,90,1,70.2,69,0,4,98,1516,988,102145,74,0,
2026-03-06,06:50:00,auto,compressorCoolStage1On,HKhold,Sleep,71.1,64,71,67,74.4,0,210,0,255,1.2,70.6,67,0,4,96,1456,971,102153,73.9,0,
2026-03-06,06:55:00,auto,compressorCoolOff,HKhold,Sleep,71.1,64,70.8,68,74.4,0,0,0,0,1.1,70.1,68,0,4,100,1585,1008,102165,73.8,0,
2026-03-06,07:00:00,auto,compressorCoolOff,HKhold,Sleep,71.1,64,70.7,69,74.6,0,0,0,0,1.1,70,69,0,4,99,1549,998,102173,73.8,0,
2026-03-06,07:05:00,auto,compressorCoolOff,HKhold,Sleep,71.1,64,71.1,68,74.6,0,150,0,150,1,70.5,68,0,4,95,1406,955,102178,73.9,0,
2026-03-06,07:10:00,auto,compressorCoolStage1On,HKhold,Sleep,71.1,64,70.9,67,74.6,0,150,0,195,1.2,70.6,67,0,4,96,1446,967,102183,73.9,0,
2026-03-06,07:15:00,auto,compressorCoolOff,HKhold,Sleep,71.1,64,70.7,68,74.6,0,0,0,0,1.2,70.1,68,0,4,102,1642,1024,102185,73.8,0,
2026-03-06,07:20:00,auto,compressorCoolOff,HKhold,Sleep,71.1,64,70.9,69,74.6,0,0,0,0,1,70.2,69,0,4,97,1497,983,102191,73.8,0,
2026-03-06,07:25:00,auto,compressorCoolOff,HKhold,Sleep,71.1,64,71.1,68,74.6,0,240,0,240,1,70.6,68,0,4,94,1395,951,102191,73.8,0,
2026-03-06,07:30:00,auto,compressorCoolStage1On,HKhold,Sleep,71.1,64,70.8,67,74.6,0,60,0,105,1.3,70.5,67,0,4,96,1459,971,102192,73.9,0,
2026-03-06,07:35:00,auto,compressorCoolOff,HKhold,Sleep,71.1,64,70.7,69,74.6,0,0,0,0,1,70,69,0,4,99,1545,997,102197,73.7,0,
2026-03-06,07:40:00,auto,compressorCoolOff,HKhold,Sleep,71.1,64,70.9,69,74.6,0,0,0,0,1,70.3,69,0,4,95,1417,958,102204,73.7,0,
2026-03-06,07:45:00,auto,compressorCoolOff,HKhold,Sleep,71.1,64,71.2,69,74.6,0,120,0,120,1,70.6,69,0,4,92,1318,927,102208,73.8,0,
2026-03-06,07:50:00,auto,compressorCoolStage1On,HKhold,Sleep,71.1,64,71.1,67,74.6,0,180,0,225,1.2,70.8,67,0,4,92,1328,930,102213,73.9,0,
2026-03-06,07:55:00,auto,compressorCoolOff,HKhold,Sleep,71.1,64,70.9,68,74.6,0,0,0,0,1.1,70.2,68,0,4,96,1456,970,102222,73.8,0,
2026-03-06,08:00:00,auto,compressorCoolOff,HKhold,Home,71.1,64,70.9,69,75.1,0,0,0,0,1,70.2,69,0,4,95,1403,954,102233,73.7,0,
2026-03-06,08:05:00,auto,compressorCoolOff,HKhold,Home,71.1,64,71.2,69,75.1,0,150,0,150,0.9,70.6,69,0,4,90,1276,912,102243,73.8,0,
2026-03-06,08:10:00,auto,compressorCoolStage1On,HKhold,Home,71.1,64,71,67,75.1,0,150,0,195,1.1,70.7,67,0,4,91,1302,921,102248,73.8,0,
2026-03-06,08:15:00,auto,compressorCoolOff,HKhold,Home,71.1,64,70.6,68,75.1,0,0,0,0,1.1,70,68,0,4,97,1488,980,102247,73.7,0,
2026-03-06,08:20:00,auto,compressorCoolOff,HKhold,Home,71.1,64,71,69,75.1,0,0,0,0,1,70.3,69,0,4,93,1352,938,102254,73.7,0,
2026-03-06,08:25:00,auto,compressorCoolStage1On,HKhold,Home,71.1,64,71.1,68,75.1,0,300,0,300,1,70.7,68,0,4,89,1229,895,102260,73.7,0,
2026-03-06,08:30:00,auto,compressorCoolOff,HKhold,Home,71.1,64,70.9,68,75.1,0,0,0,45,1.1,70.4,68,0,4,92,1311,924,102264,73.6,0,
2026-03-06,08:35:00,auto,compressorCoolOff,HKhold,Home,71.1,64,70.7,69,75.1,0,0,0,0,0.9,70,69,1,4,94,1381,947,102270,73.6,0,
2026-03-06,08:40:00,auto,compressorCoolOff,HKhold,Home,71.1,64,70.9,69,75.1,0,0,0,0,0.9,70.4,69,0,4,90,1263,908,102276,73.7,0,
2026-03-06,08:45:00,auto,compressorCoolOff,HKhold,Home,71.1,64,71.1,69,75.1,0,225,0,225,0.8,70.8,69,1,4,87,1173,875,102280,73.8,0,
2026-03-06,08:50:00,auto,compressorCoolStage1On,HKhold,Home,71.1,64,70.2,69,75.1,0,75,0,120,0.8,69.9,69,1,4,90,1268,909,102280,73.8,0,
2026-03-06,08:55:00,auto,compressorCoolOff,HKhold,Home,71.1,64,69.8,69,75.1,0,0,0,0,0.6,69.5,69,1,4,93,1364,942,102284,73.8,0,
2026-03-06,09:00:00,auto,compressorCoolOff,HKhold,Home,71.1,64,69.9,69,75.8,0,0,0,0,0.4,70,69,1,4,90,1267,909,102288,73.8,0,
2026-03-06,09:05:00,auto,compressorCoolOff,HKhold,Home,71.1,64,70.2,69,75.8,0,0,0,0,0.2,70.5,69,1,4,88,1204,887,102291,73.9,0,
2026-03-06,09:10:00,auto,compressorCoolOff,HKhold,Home,71.1,64,70.7,69,75.8,0,0,0,0,0.3,71.1,69,0,4,87,1173,875,102300,74,0,
2026-03-06,09:15:00,auto,compressorCoolOff,HKhold,Home,71.1,64,71.2,69,75.8,0,285,0,285,0.3,71.5,69,0,4,85,1120,855,102307,74.2,0,
2026-03-06,09:20:00,auto,compressorCoolStage1On,HKhold,Home,71.1,64,70.9,68,75.8,0,75,0,120,0.3,71.3,68,0,4,87,1172,875,102315,74.2,0,
2026-03-06,09:25:00,auto,compressorCoolOff,HKhold,Home,71.1,64,70.4,69,75.8,0,0,0,0,0.3,70.7,69,0,4,91,1283,915,102323,74.1,0,
2026-03-06,09:30:00,auto,compressorCoolOff,HKhold,Home,71.1,64,70.6,69,75.8,0,0,0,0,0.3,70.9,69,0,4,88,1209,889,102326,74.2,0,
2026-03-06,09:35:00,auto,compressorCoolOff,HKhold,Home,71.1,64,71,69,75.8,0,105,0,105,0.4,71.4,69,0,4,85,1141,863,102331,74.3,0,
2026-03-06,09:40:00,auto,compressorCoolStage1On,HKhold,Home,71.1,64,71.5,68,75.8,0,300,0,300,0.6,71.7,68,1,4,84,1116,853,102333,74.4,0,
2026-03-06,09:45:00,auto,compressorCoolStage1On,HKhold,Home,71.1,64,70.8,68,75.8,0,30,0,75,0.5,71.1,68,0,4,89,1236,898,102340,74.3,0,
2026-03-06,09:50:00,auto,compressorCoolOff,HKhold,Home,71.1,64,70.4,69,75.8,0,0,0,0,0.3,70.7,69,0,4,91,1306,923,102347,74.3,0,
2026-03-06,09:55:00,auto,compressorCoolOff,HKhold,Home,71.1,64,70.7,69,75.8,0,0,0,0,0.3,71,69,0,4,88,1217,892,102357,74.3,0,
2026-03-06,10:00:00,auto,compressorCoolOff,HKhold,Home,71.1,64,71.1,69,76.5,0,165,0,165,0.4,71.5,69,0,4,86,1158,870,102359,74.5,0,
2026-03-06,10:05:00,auto,compressorCoolStage1On,HKhold,Home,71.1,64,71.1,68,76.5,0,180,0,225,0.4,71.6,68,0,4,86,1144,864,102357,74.6,0,
2026-03-06,10:10:00,auto,compressorCoolOff,HKhold,Home,71.1,64,70.3,67,76.5,0,0,0,0,0.7,71,67,0,4,92,1334,932,102359,74.5,0,
2026-03-06,10:15:00,auto,compressorCoolOff,HKhold,Home,71.1,64,70.8,67,76.5,0,15,0,15,0.7,71.2,67,0,4,90,1274,912,102358,74.5,0,
2026-03-06,10:20:00,auto,compressorCoolStage1On,HKhold,Home,71.1,64,71.6,68,76.5,0,300,0,300,0.7,71.6,68,0,4,85,1127,857,102359,74.7,0,
2026-03-06,10:25:00,auto,compressorCoolStage1On,HKhold,Home,71.1,64,71.4,68,76.5,0,300,0,300,0.8,71.3,68,0,4,85,1135,861,102363,74.6,0,
2026-03-06,10:30:00,auto,compressorCoolStage1On,HKhold,Home,71.1,64,71,68,77,0,60,0,105,0.9,70.5,68,0,4,89,1241,900,102360,74.4,0,
2026-03-06,10:35:00,auto,compressorCoolOff,HKhold,Home,71.1,64,70.7,68,77,0,0,0,0,1.2,70.1,68,0,4,93,1368,943,102358,74.4,0,
2026-03-06,10:40:00,auto,compressorCoolOff,HKhold,Home,71.1,64,71.3,68,77,0,255,0,255,1.1,70.6,68,0,4,87,1179,876,102355,74.4,0,
2026-03-06,10:45:00,auto,compressorCoolStage1On,HKhold,Home,71.1,64,71.5,69,77,0,300,0,300,1.1,70.7,69,0,4,82,1061,831,102355,74.6,0,
2026-03-06,10:50:00,auto,compressorCoolStage1On,HKhold,Home,71.1,64,71.1,69,77,0,45,0,90,1.1,70,69,0,4,85,1130,858,102356,74.5,0,
2026-03-06,10:55:00,auto,compressorCoolOff,HKhold,Home,71.1,64,70.9,69,77,0,0,0,0,1.2,69.9,69,0,4,91,1280,914,102357,74.5,0,
2026-03-06,11:00:00,auto,compressorCoolOff,HKhold,Home,71.1,64,71.4,70,77.3,0,225,0,225,1,70.4,70,1,4,83,1074,834,102353,74.6,0,
2026-03-06,11:05:00,auto,compressorCoolStage1On,HKhold,Home,71.1,64,71.5,70,77.3,0,300,0,300,0.9,70.5,70,1,4,77,939,777,102351,74.7,0,
2026-03-06,11:10:00,auto,compressorCoolStage1On,HKhold,Home,71.1,64,70.7,68,77.3,0,30,0,75,1.2,70.1,68,1,4,86,1149,864,102350,74.7,0,
2026-03-06,11:15:00,auto,compressorCoolOff,HKhold,Home,71.1,64,70.6,68,77.3,0,0,0,0,1,70,68,1,4,89,1247,902,102341,74.7,0,
2026-03-06,11:20:00,auto,compressorCoolOff,HKhold,Home,71.1,64,71.2,69,77.3,0,195,0,195,0.6,70.8,69,1,4,82,1057,828,102341,74.9,0,
2026-03-06,11:25:00,auto,compressorCoolStage1On,HKhold,Home,71.1,64,71.5,70,77.3,0,300,0,300,0.4,71.2,70,0,4,75,889,753,102339,75.1,0,
2026-03-06,11:30:00,auto,compressorCoolStage1On,HKhold,Home,71.1,64,70.5,68,77.3,0,30,0,75,0.5,70.8,68,0,4,81,1042,819,102338,75.2,0,
2026-03-06,11:35:00,auto,compressorCoolOff,HKhold,Home,71.1,64,70.2,67,77.3,0,0,0,0,0.6,70.8,67,0,4,87,1188,881,102339,75.2,0,
2026-03-06,11:40:00,auto,compressorCoolOff,HKhold,Home,71.1,64,70.8,67,77.3,0,30,0,30,0.7,71.5,67,1,4,84,1099,847,102338,75.5,0,
2026-03-06,11:45:00,auto,compressorCoolStage1On,HKhold,Home,71.1,64,71.9,70,77.3,0,300,0,300,0.2,72.2,70,1,4,74,882,748,102335,75.8,0,
2026-03-06,11:50:00,auto,compressorCoolStage1On,HKhold,Home,71.1,64,71.9,70,77.3,0,300,0,300,,72,70,1,4,70,812,713,102330,75.9,0,
2026-03-06,11:55:00,auto,compressorCoolStage1On,HKhold,Home,71.1,64,71.4,71,77.3,0,270,0,300,,71.5,71,0,4,72,847,732,102323,75.8,0,
2026-03-06,12:00:00,auto,compressorCoolOff,HKhold,Home,71.1,64,70.8,70,77.9,0,0,0,15,0.1,71,70,1,4,76,922,767,102317,75.4,0,
2026-03-06,12:05:00,auto,compressorCoolOff,HKhold,Home,71.1,64,71,71,77.9,0,135,0,135,0.1,71.1,71,1,4,76,930,765,102311,75.4,0,
2026-03-06,12:10:00,auto,compressorCoolStage1On,HKhold,Home,71.1,64,71.7,73,77.9,0,300,0,300,,71.7,73,1,4,61,660,562,102307,75.8,0,
2026-03-06,12:15:00,auto,compressorCoolStage1On,HKhold,Home,71.1,64,71.6,73,77.9,0,300,0,300,,71.6,73,1,4,61,651,558,102297,75.6,0,
2026-03-06,12:20:00,auto,compressorCoolStage1On,HKhold,Home,71.1,64,71.6,74,77.9,0,300,0,300,,71.6,74,1,4,61,652,558,102295,75.5,0,
2026-03-06,12:25:00,auto,compressorCoolStage1On,HKhold,Home,71.1,64,71.7,72,77.9,0,300,0,300,,71.7,72,1,4,62,674,565,102289,75.4,0,
2026-03-06,12:30:00,auto,compressorCoolStage1On,HKhold,Home,71.1,64,71.6,72,77.9,0,300,0,300,,71.6,72,1,4,64,702,574,102282,75.4,0,
2026-03-06,12:35:00,auto,compressorCoolStage1On,HKhold,Home,71.1,64,71.4,72,77.9,0,300,0,300,,71.4,72,1,4,65,713,583,102279,75.3,0,
2026-03-06,12:40:00,auto,compressorCoolStage1On,HKhold,Home,71.1,64,71.2,72,77.9,0,255,0,300,,71.2,72,1,4,66,732,642,102276,75.3,0,
2026-03-06,12:45:00,auto,compressorCoolOff,HKhold,Home,71.1,64,70.7,70,77.9,0,0,0,0,0.2,71,70,1,4,72,845,714,102272,75.3,0,
2026-03-06,12:50:00,auto,compressorCoolOff,HKhold,Home,71.1,64,70.8,68,77.9,0,90,0,90,0.4,71.3,68,1,4,80,1000,804,102264,75.5,0,
2026-03-06,12:55:00,auto,compressorCoolStage1On,HKhold,Home,71.1,64,72,73,77.9,0,300,0,300,,72,73,1,4,60,643,568,102254,75.9,0,
2026-03-06,13:00:00,auto,compressorCoolStage1On,HKhold,Home,71.1,64,71.8,74,78,0,300,0,300,,71.8,74,1,4,54,563,525,102244,76,0,
2026-03-06,13:05:00,auto,compressorCoolStage1On,HKhold,Home,71.1,64,71.4,74,78,0,300,0,300,,71.4,74,1,4,53,545,518,102239,75.8,0,
2026-03-06,13:10:00,auto,compressorCoolStage1On,HKhold,Home,71.1,64,71.1,74,78,0,105,0,150,,71.1,74,1,4,53,549,520,102232,75.8,0,
2026-03-06,13:15:00,auto,compressorCoolOff,HKhold,Home,71.1,64,71.4,75,78,0,195,0,195,,71.4,75,0,3,51,522,509,102226,75.8,0,
2026-03-06,13:20:00,auto,compressorCoolStage1On,HKhold,Home,71.1,64,71.6,75,78,0,300,0,300,,71.6,75,0,3,51,518,507,102217,76.1,0,
2026-03-06,13:25:00,auto,compressorCoolStage1On,HKhold,Home,71.1,64,71.5,74,78,0,300,0,300,,71.5,74,0,4,51,524,510,102210,76.2,0,
2026-03-06,13:30:00,auto,compressorCoolStage1On,HKhold,Home,71.1,64,71.2,74,78,0,225,0,270,,71.2,74,1,4,53,545,518,102205,76.2,0,
2026-03-06,13:35:00,auto,compressorCoolOff,HKhold,Home,71.1,64,71.1,74,78,0,75,0,75,,71.1,74,1,3,52,531,512,102201,76.3,0,
2026-03-06,13:40:00,auto,compressorCoolStage1On,HKhold,Home,71.1,64,71.6,76,78,0,300,0,300,,71.6,76,1,3,47,475,488,102194,76.5,0,
2026-03-06,13:45:00,auto,compressorCoolStage1On,HKhold,Home,71.1,64,71.8,75,78,0,300,0,300,,71.8,75,0,3,45,458,480,102190,76.4,0,
2026-03-06,13:50:00,auto,compressorCoolStage1On,HKhold,Home,71.1,64,71.8,75,78,0,300,0,300,,71.8,75,0,3,46,464,483,102186,76.2,0,
2026-03-06,13:55:00,auto,compressorCoolStage1On,HKhold,Home,71.1,64,71.8,75,78,0,300,0,300,,71.8,75,0,3,48,485,493,102184,76,0,
2026-03-06,14:00:00,auto,compressorCoolStage1On,HKhold,Home,71.1,64,71.8,74,78.3,0,300,0,300,,71.8,74,1,3,50,509,503,102180,75.6,0,
2026-03-06,14:05:00,auto,compressorCoolStage1On,HKhold,Home,71.1,64,71.8,74,78.3,0,300,0,300,,71.8,74,1,4,52,531,513,102166,75.5,0,
2026-03-06,14:10:00,auto,compressorCoolStage1On,HKhold,Home,71.1,64,71.8,74,78.3,0,300,0,300,,71.8,74,1,3,51,520,508,102158,75.5,0,
2026-03-06,14:15:00,auto,compressorCoolStage1On,HKhold,Home,71.1,64,71.5,73,78.3,0,300,0,300,,71.5,73,1,3,53,545,518,102146,75.5,0,
2026-03-06,14:20:00,auto,compressorCoolStage1On,HKhold,Home,71.1,64,71.4,76,78.3,0,300,0,300,,71.4,76,1,3,50,507,503,102146,75.6,0,
2026-03-06,14:25:00,auto,compressorCoolStage1On,HKhold,Home,71.1,64,71.3,71,78.3,0,225,0,270,0.2,71.5,71,1,4,60,648,582,102139,75.9,0,
2026-03-06,14:30:00,auto,compressorCoolOff,HKhold,Home,71.1,64,71.1,68,78.5,0,75,0,75,0.4,71.5,68,1,4,79,998,803,102128,76,0,
2026-03-06,14:35:00,auto,compressorCoolStage1On,HKhold,Home,71.1,64,71.4,66,78.5,0,300,0,300,0.8,72.2,66,0,4,80,1018,811,102126,76.2,0,
2026-03-06,14:40:00,auto,compressorCoolStage1On,HKhold,Home,71.1,64,71.3,63,78.5,0,135,0,180,1.1,72.5,63,1,4,90,1251,904,102125,76.4,0,
2026-03-06,14:45:00,auto,compressorCoolOff,HKhold,Home,71.1,64,72,66,78.5,0,165,0,165,0.7,72.8,66,0,4,80,1016,811,102126,76.4,0,
2026-03-06,14:50:00,auto,compressorCoolStage1On,HKhold,Home,71.1,64,72.1,63,78.5,0,300,0,300,1.3,73.4,63,0,4,83,1087,841,102125,76.7,0,
2026-03-06,14:55:00,auto,compressorCoolStage1On,HKhold,Home,71.1,64,71.9,61,78.5,0,300,0,300,1.6,73.6,61,0,4,93,1347,936,102124,76.8,0,
2026-03-06,15:00:00,auto,compressorCoolStage1On,HKhold,Home,71.1,64,71.4,59,78.4,0,300,0,300,2.1,73.5,59,1,4,99,1546,997,102118,76.6,0,
2026-03-06,15:05:00,auto,compressorCoolStage1On,HKhold,Home,71.1,64,71.7,60,78.4,0,300,0,300,1.9,73.6,60,1,4,98,1530,992,102115,76.5,0,
2026-03-06,15:10:00,auto,compressorCoolStage1On,HKhold,Home,71.1,64,72,60,78.4,0,300,0,300,1.8,73.8,60,0,4,95,1427,961,102113,76.5,0,
2026-03-06,15:15:00,auto,compressorCoolStage1On,HKhold,Home,71.1,64,72,60,78.4,0,300,0,300,1.8,73.9,60,0,4,96,1450,969,102111,76.4,0,
2026-03-06,15:20:00,auto,compressorCoolStage1On,HKhold,Home,71.1,64,71.8,59,78.4,0,300,0,300,1.9,73.8,59,0,4,97,1476,976,102110,76.3,0,
2026-03-06,15:25:00,auto,compressorCoolStage1On,HKhold,Home,71.1,64,71.7,60,78.4,0,300,0,300,2,73.7,60,0,4,99,1571,1004,102111,76.3,0,
2026-03-06,15:30:00,auto,compressorCoolStage1On,HKhold,Home,71.1,64,71.3,59,78.3,0,255,0,300,2,73.4,59,0,4,99,1557,1000,102106,76.4,0,
2026-03-06,15:35:00,auto,compressorCoolOff,HKhold,Home,71.1,64,72,63,78.3,0,45,0,45,1.4,73.4,63,0,4,93,1384,937,102106,76.5,0,
2026-03-06,15:40:00,auto,compressorCoolStage1On,HKhold,Home,71.1,64,72.7,63,78.3,0,300,0,300,1.5,73.8,63,0,4,79,988,798,102104,76.8,0,
2026-03-06,15:45:00,auto,compressorCoolStage1On,HKhold,Home,71.1,64,72.6,62,78.3,0,300,0,300,1.8,74,62,1,4,87,1171,874,102103,76.9,0,
2026-03-06,15:50:00,auto,compressorCoolStage1On,HKhold,Home,71.1,64,72,60,78.3,0,300,0,300,1.9,73.8,60,1,4,91,1283,914,102103,77.1,0,
2026-03-06,15:55:00,auto,compressorCoolStage1On,HKhold,Home,71.1,64,71.5,60,78.3,0,210,0,255,1.8,73.3,60,1,4,96,1438,965,102100,77,0,
2026-03-06,16:00:00,auto,compressorCoolOff,HKhold,Home,71.1,64,72.2,64,78.1,0,90,0,90,1.2,73.4,64,0,4,84,1102,844,102099,77,0,
2026-03-06,16:05:00,auto,compressorCoolStage1On,HKhold,Home,71.1,64,72.1,62,78.1,0,300,0,300,1.5,73.6,62,0,4,86,1147,863,102099,77.2,0,
2026-03-06,16:10:00,auto,compressorCoolStage1On,HKhold,Home,71.1,64,71.6,61,78.1,0,300,0,300,1.7,73.3,61,1,4,93,1362,941,102100,77.3,0,
2026-03-06,16:15:00,auto,compressorCoolStage1On,HKhold,Home,71.1,64,71.3,61,78.1,0,255,0,300,1.7,73,61,1,4,94,1375,945,102102,77.3,0,
2026-03-06,16:20:00,auto,compressorCoolOff,HKhold,Home,71.1,64,71.6,64,78.1,0,45,0,45,1.1,72.7,64,0,4,91,1325,919,102102,77.2,0,
2026-03-06,16:25:00,auto,compressorCoolStage1On,HKhold,Home,71.1,64,71.8,65,78.1,0,300,0,300,1.1,72.9,65,0,4,81,1050,824,102102,77.3,0,
2026-03-06,16:30:00,auto,compressorCoolStage1On,HKhold,Home,71.1,64,71.4,62,78.1,0,300,0,300,1.4,72.9,62,0,4,90,1277,913,102098,77.4,0,
2026-03-06,16:35:00,auto,compressorCoolStage1On,HKhold,Home,71.1,64,71.2,62,78.1,0,180,0,225,1.4,72.6,62,1,4,93,1345,935,102101,77.3,0,
2026-03-06,16:40:00,auto,compressorCoolOff,HKhold,Home,71.1,64,71.9,66,78.1,0,120,0,120,0.8,72.8,66,0,4,81,1038,819,102100,77.3,0,
2026-03-06,16:45:00,auto,compressorCoolStage1On,HKhold,Home,71.1,64,71.9,64,78.1,0,300,0,300,1.1,73,64,0,4,83,1082,839,102096,77.4,0,
2026-03-06,16:50:00,auto,compressorCoolStage1On,HKhold,Home,71.1,64,71.6,64,78.1,0,30,0,75,1.2,72.8,64,1,4,87,1175,874,102095,77.4,0,
2026-03-06,16:55:00,auto,compressorCoolOff,HKhold,Home,71.1,64,72.2,66,78.1,0,270,0,270,0.8,73.1,66,0,4,79,988,799,102099,77.5,0,
2026-03-06,17:00:00,auto,compressorCoolStage1On,HKhold,Home,71.1,64,71.7,63,77.5,0,300,0,300,1.3,73,63,0,4,88,1215,890,102098,77.6,0,
2026-03-06,17:05:00,auto,compressorCoolStage1On,HKhold,Home,71.1,64,71.3,63,77.5,0,195,0,240,1.3,72.6,63,0,4,94,1382,947,102101,77.5,0,
2026-03-06,17:10:00,auto,compressorCoolOff,HKhold,Home,71.1,64,71.7,66,77.5,0,105,0,105,0.7,72.4,66,0,4,89,1231,895,102106,77.4,0,
2026-03-06,17:15:00,auto,compressorCoolStage1On,HKhold,Home,71.1,64,71.5,64,77.5,0,300,0,300,1,72.6,64,1,4,89,1244,901,102106,77.4,0,
2026-03-06,17:20:00,auto,compressorCoolStage1On,HKhold,Home,71.1,64,71.1,63,77.5,0,150,0,195,1.2,72.3,63,0,4,97,1489,979,102110,77.3,0,
2026-03-06,17:25:00,auto,compressorCoolOff,HKhold,Home,71.1,64,71.5,66,77.5,0,150,0,150,0.8,72.4,66,1,4,90,1270,909,102113,77.3,0,
2026-03-06,17:30:00,,,,,,,,,77.5,0,,,,,,,,,,,,,,,
2026-03-06,17:35:00,,,,,,,,,77.5,0,,,,,,,,,,,,,,,
2026-03-06,17:40:00,,,,,,,,,77.5,0,,,,,,,,,,,,,,,
2026-03-06,17:45:00,,,,,,,,,77.5,0,,,,,,,,,,,,,,,
2026-03-06,17:50:00,,,,,,,,,77.5,0,,,,,,,,,,,,,,,
2026-03-06,17:55:00,,,,,,,,,77.5,0,,,,,,,,,,,,,,,
2026-03-06,18:00:00,,,,,,,,,77.5,0,,,,,,,,,,,,,,,
2026-03-06,18:05:00,,,,,,,,,77.5,0,,,,,,,,,,,,,,,
2026-03-06,18:10:00,,,,,,,,,77.5,0,,,,,,,,,,,,,,,
2026-03-06,18:15:00,,,,,,,,,77.5,0,,,,,,,,,,,,,,,
2026-03-06,18:20:00,auto,compressorCoolStage1On,HKhold,Home,71.1,64,72.4,61,77.5,0,300,0,300,2.2,72.9,61,1,0,122,2878,1225,102110,79.2,0,
2026-03-06,18:25:00,auto,compressorCoolStage1On,HKhold,Home,71.1,64,73.1,62,77.5,0,300,0,300,2.5,73.3,62,1,4,148,4816,1492,102115,78.9,0,
2026-03-06,18:30:00,auto,compressorCoolStage1On,HKhold,Home,71.1,64,73.6,64,77.5,0,300,0,300,1.8,73.7,64,1,4,127,2943,1277,102122,78.7,0,
2026-03-06,18:35:00,auto,compressorCoolStage1On,HKhold,Home,71.1,64,73.8,65,77.5,0,300,0,300,1.4,74,65,1,4,112,2096,1130,102131,78.4,0,
2026-03-06,18:40:00,auto,compressorCoolStage1On,HKhold,Home,71.1,64,73.5,66,77.5,0,300,0,300,1.2,74,66,1,4,104,1762,1054,102134,78,0,
2026-03-06,18:45:00,auto,compressorCoolStage1On,HKhold,Home,71.1,64,72.4,63,77.5,0,300,0,300,1.4,73.6,63,0,4,116,2266,1164,102132,77.6,0,
2026-03-06,18:50:00,auto,compressorCoolStage1On,HKhold,Home,71.1,64,71.7,63,77.5,0,300,0,300,1.2,73,63,1,4,120,2516,1211,102138,77.3,0,
2026-03-06,18:55:00,auto,compressorCoolStage1On,HKhold,Home,71.1,64,71.2,64,77.5,0,180,0,225,1.2,72.4,64,1,4,123,2681,1239,102143,77,0,
2026-03-06,19:00:00,auto,compressorCoolOff,HKhold,Home,71.1,64,71.1,65,76.2,0,45,0,45,0.9,72.1,65,0,4,117,2318,1175,102146,76.7,0,
2026-03-06,19:05:00,auto,compressorCoolStage1On,HKhold,Home,71.1,64,71.2,65,76.2,0,255,0,300,0.9,72.1,65,1,4,115,2214,1155,102144,76.7,0,
2026-03-06,19:10:00,auto,compressorCoolOff,HKhold,Home,71.1,64,71.2,66,76.2,0,45,0,45,0.8,72,66,1,4,116,2305,1171,102144,76.6,0,
2026-03-06,19:15:00,auto,compressorCoolStage1On,HKhold,Home,71.1,64,71.4,66,76.2,0,300,0,300,0.7,72.1,66,1,4,111,2041,1120,102149,76.6,0,
2026-03-06,19:20:00,auto,compressorCoolStage1On,HKhold,Home,71.1,64,71.3,66,76.2,0,105,0,150,0.8,72.1,66,1,4,113,2141,1140,102156,76.5,0,
2026-03-06,19:25:00,auto,compressorCoolOff,HKhold,Home,71.1,64,71.5,66,76.2,0,195,0,195,0.7,72.3,66,0,4,109,1955,1100,102162,76.5,0,
2026-03-06,19:30:00,auto,compressorCoolStage1On,HKhold,Home,71.1,64,71.3,65,76,0,120,0,165,0.9,72.2,65,0,4,112,2067,1125,102166,76.5,0,
2026-03-06,19:35:00,auto,compressorCoolOff,HKhold,Home,71.1,64,71.5,66,76,0,180,0,180,0.7,72.3,66,1,4,107,1870,1081,102170,76.5,0,
2026-03-06,19:40:00,auto,compressorCoolStage1On,HKhold,Home,71.1,64,72,68,76,0,300,0,300,0.4,72.5,68,0,4,100,1595,1010,102177,76.5,0,
2026-03-06,19:45:00,auto,compressorCoolStage1On,HKhold,Home,71.1,64,71.9,68,76,0,300,0,300,0.4,72.4,68,0,4,95,1418,959,102185,76.2,0,
2026-03-06,19:50:00,auto,compressorCoolStage1On,HKhold,Home,71.1,64,71.6,68,76,0,300,0,300,0.4,72.1,68,0,4,94,1390,950,102190,76,0,
2026-03-06,19:55:00,auto,compressorCoolStage1On,HKhold,Home,71.1,64,71.2,67,76,0,225,0,270,0.5,71.7,67,1,4,95,1409,956,102196,75.7,0,
2026-03-06,20:00:00,auto,compressorCoolOff,HKhold,Home,71.1,64,70.8,67,75.8,0,0,0,0,0.5,71.3,67,1,4,94,1394,951,102202,75.5,0,
2026-03-06,20:05:00,auto,compressorCoolOff,HKhold,Home,71.1,64,70.9,68,75.8,0,45,0,45,0.4,71.3,68,1,4,94,1397,952,102207,75.5,0,
2026-03-06,20:10:00,auto,compressorCoolStage1On,HKhold,Home,71.1,64,71.4,70,75.8,0,300,0,300,0.2,71.6,70,1,4,88,1202,886,102209,75.6,0,
2026-03-06,20:15:00,auto,compressorCoolStage1On,HKhold,Home,71.1,64,71.1,69,75.8,0,195,0,240,0.3,71.4,69,1,4,84,1104,849,102215,75.4,0,
2026-03-06,20:20:00,auto,compressorCoolOff,HKhold,Home,71.1,64,71,69,75.8,0,75,0,75,0.2,71.3,69,0,4,83,1071,835,102225,75.2,1,
2026-03-06,20:25:00,auto,compressorCoolStage1On,HKhold,Home,71.1,64,71.6,70,75.8,0,300,0,300,0.1,71.5,70,0,4,79,994,802,102232,75.2,1,
2026-03-06,20:30:00,auto,compressorCoolStage1On,HKhold,Home,71.1,64,71.7,70,75.8,0,300,0,300,0.4,71.4,70,1,4,77,935,775,102231,75.1,1,
2026-03-06,20:35:00,auto,compressorCoolStage1On,HKhold,Home,71.1,64,71.9,71,75.8,0,300,0,300,0.4,71.3,71,1,4,71,817,716,102231,74.9,1,
2026-03-06,20:40:00,auto,compressorCoolStage1On,HKhold,Home,71.1,64,71.9,71,75.8,0,300,0,300,0.5,71.1,71,1,4,70,795,704,102231,74.8,0,
2026-03-06,20:45:00,auto,compressorCoolStage1On,HKhold,Home,71.1,64,71.9,71,75.8,0,300,0,300,0.6,70.9,71,1,4,68,768,688,102230,74.7,0,
2026-03-06,20:50:00,auto,compressorCoolStage1On,HKhold,Home,71.1,64,71.7,72,75.8,0,300,0,300,0.7,70.5,72,1,4,68,765,686,102227,74.6,0,
2026-03-06,20:55:00,auto,compressorCoolStage1On,HKhold,Home,71.1,64,71.6,72,75.8,0,300,0,300,0.7,70.3,72,0,4,67,743,664,102230,74.5,0,
2026-03-06,21:00:00,auto,compressorCoolStage1On,HKhold,Home,71.1,64,71.4,72,75.6,0,300,0,300,0.7,70.1,72,0,4,67,747,667,102230,74.3,0,
2026-03-06,21:05:00,auto,compressorCoolStage1On,HKhold,Home,71.1,64,71.1,71,75.6,0,120,0,165,0.7,69.8,71,0,4,68,769,685,102234,74.2,0,
2026-03-06,21:10:00,auto,compressorCoolOff,HKhold,Home,71.1,64,70.9,72,75.6,0,0,0,0,0.6,69.8,72,0,4,65,723,617,102240,74.1,0,
2026-03-06,21:15:00,auto,compressorCoolOff,HKhold,Home,71.1,64,71,72,75.6,0,0,0,0,0.5,70.1,72,0,4,62,667,563,102247,74.3,0,
2026-03-06,21:20:00,auto,compressorCoolOff,HKhold,Home,71.1,64,71.3,72,75.6,0,270,0,270,0.5,70.4,72,0,4,59,626,549,102251,74.5,0,
2026-03-06,21:25:00,auto,compressorCoolStage1On,HKhold,Home,71.1,64,71.6,71,75.6,0,300,0,300,0.7,70.6,71,0,4,58,610,543,102255,74.7,0,
2026-03-06,21:30:00,auto,compressorCoolStage1On,HKhold,Home,71.1,64,71.2,69,75.6,0,45,0,90,1,70.4,69,0,4,70,807,702,102260,74.6,0,
2026-03-06,21:35:00,auto,compressorCoolOff,HKhold,Home,71.1,64,71.4,70,75.6,0,255,0,255,0.9,70.4,70,1,4,68,761,682,102258,74.6,0,
2026-03-06,21:40:00,auto,compressorCoolStage1On,HKhold,Home,71.1,64,71.2,68,75.6,0,135,0,180,1,70.5,68,1,4,71,823,719,102257,74.6,0,
2026-03-06,21:45:00,auto,compressorCoolOff,HKhold,Home,71.1,64,71.1,69,75.6,0,165,0,165,0.9,70.5,69,1,4,71,816,715,102253,74.6,0,
2026-03-06,21:50:00,auto,compressorCoolStage1On,HKhold,Home,71.1,64,71,69,75.6,0,135,0,180,0.7,70.7,69,1,4,68,762,685,102252,74.5,0,
2026-03-06,21:55:00,auto,compressorCoolOff,HKhold,Home,71.1,64,70.9,69,75.6,0,0,0,0,0.6,70.8,69,0,4,64,705,579,102255,74.5,0,
2026-03-06,22:00:00,auto,compressorCoolOff,HKhold,Home,71.1,64,70.9,69,75.3,0,0,0,0,0.4,71,69,1,4,63,680,567,102256,74.7,0,
2026-03-06,22:05:00,auto,compressorCoolOff,HKhold,Home,71.1,64,71,69,75.3,0,180,0,180,0.3,71.4,69,1,4,62,665,562,102259,75,0,
2026-03-06,22:10:00,auto,compressorCoolStage1On,HKhold,Home,71.1,64,71,68,75.3,0,135,0,180,0.4,71.4,68,0,4,66,736,632,102260,75.2,0,
2026-03-06,22:15:00,auto,compressorCoolOff,HKhold,Home,71.1,64,71.1,69,75.3,0,165,0,165,0.3,71.4,69,1,4,65,716,600,102259,75.2,0,
2026-03-06,22:20:00,auto,compressorCoolStage1On,HKhold,Home,71.1,64,70.9,69,75.3,0,135,0,180,0.3,71.3,69,1,4,64,696,594,102260,75.2,0,
2026-03-06,22:25:00,auto,compressorCoolOff,HKhold,Home,71.1,64,71.4,71,75.3,0,165,0,165,,71.4,71,1,3,53,540,516,102260,75.3,0,
2026-03-06,22:30:00,auto,compressorCoolStage1On,HKhold,Home,71.1,64,71.7,71,75.3,0,300,0,300,,71.7,71,0,3,48,487,493,102257,75.2,0,
2026-03-06,22:35:00,auto,compressorCoolStage1On,HKhold,Home,71.1,64,71.7,70,75.3,0,300,0,300,,71.7,70,1,3,47,482,492,102253,75.1,0,
2026-03-06,22:40:00,auto,compressorCoolStage1On,HKhold,Home,71.1,64,71,68,75.3,0,90,0,135,0.5,71.5,68,1,3,52,532,513,102249,75.1,0,
2026-03-06,22:45:00,auto,compressorCoolOff,HKhold,Home,71.1,64,70.9,69,75.3,0,90,0,90,0.4,71.4,69,1,4,51,522,509,102247,75.1,0,
2026-03-06,22:50:00,auto,compressorCoolStage1On,HKhold,Home,71.1,64,70.8,67,75.3,0,210,0,255,0.6,71.5,67,1,3,54,558,523,102244,75.1,0,
2026-03-06,22:55:00,auto,compressorCoolOff,HKhold,Home,71.1,64,70.6,66,75.3,0,0,0,0,0.7,71.3,66,1,4,59,630,550,102243,75.2,0,
2026-03-06,23:00:00,auto,compressorCoolOff,HKhold,Sleep,71.1,64,70.9,67,75,0,0,0,0,0.5,71.5,67,1,4,59,622,547,102240,75.3,0,
2026-03-06,23:05:00,auto,compressorCoolOff,HKhold,Sleep,71.1,64,71.1,67,75,0,240,0,240,0.6,71.7,67,1,4,59,632,551,102235,75.4,0,
2026-03-06,23:10:00,auto,compressorCoolStage1On,HKhold,Sleep,71.1,64,70.8,65,75,0,60,0,105,0.9,71.8,65,1,4,67,751,666,102235,75.5,0,
2026-03-06,23:15:00,auto,compressorCoolOff,HKhold,Sleep,71.1,64,71,65,75,0,135,0,135,0.8,71.8,65,1,4,67,747,667,102234,75.5,0,
2026-03-06,23:20:00,auto,compressorCoolStage1On,HKhold,Sleep,70.1,64,70.9,65,75,0,300,0,300,1,71.9,65,1,4,68,768,656,102233,75.5,0,
2026-03-06,23:25:00,auto,compressorCoolStage1On,auto,Sleep,69,64,70.3,63,75,0,300,0,300,1.1,71.5,63,1,4,79,982,797,102229,75.4,0,
2026-03-06,23:30:00,auto,compressorCoolStage1On,auto,Sleep,69,64,69.9,62,75,0,300,0,300,1.2,71.1,62,1,4,86,1159,869,102225,75.2,0,
2026-03-06,23:35:00,auto,compressorCoolStage1On,auto,Sleep,69,64,69.3,61,75,0,270,0,300,1.3,70.7,61,1,4,92,1317,926,102218,75,0,
2026-03-06,23:40:00,auto,compressorCoolOff,auto,Sleep,69,64,69,63,75,0,30,0,45,1.2,70.2,63,0,4,91,1315,924,102212,74.9,0,
2026-03-06,23:45:00,auto,compressorCoolStage1On,auto,Sleep,67.3,64,69.5,66,75,0,300,0,300,0.7,70.3,66,1,4,79,993,801,102215,74.9,0,
2026-03-06,23:50:00,auto,compressorCoolStage1On,hold,Sleep,67,64,68.9,64,75,0,300,0,300,1.1,70,64,1,4,91,1298,919,102209,74.8,0,
2026-03-06,23:55:00,auto,compressorCoolStage1On,hold,Sleep,67,64,68.2,62,75,0,300,0,300,1.3,69.6,62,1,4,101,1636,1021,102208,74.7,0,
2026-03-07,00:00:00,auto,compressorCoolStage1On,hold,Sleep,67,64,67.9,62,74.9,0,300,0,300,1.2,69.2,62,1,4,104,1726,1045,102209,74.4,0,
2026-03-07,00:05:00,auto,compressorCoolStage1On,hold,Sleep,67,64,67.6,62,74.9,0,300,0,300,1.2,68.9,62,1,4,107,1882,1083,102214,74.2,0,
2026-03-07,00:10:00,auto,compressorCoolStage1On,hold,Sleep,67,64,67.1,61,74.9,0,165,0,210,1.5,68.6,61,1,4,112,2092,1130,102209,74.1,0,
2026-03-07,00:15:00,auto,compressorCoolOff,hold,Sleep,67,64,67.3,63,74.9,0,135,0,135,1,68.4,63,0,4,105,1767,1053,102208,74,0,
2026-03-07,00:20:00,auto,compressorCoolStage1On,hold,Sleep,67,64,67.2,63,74.9,0,285,0,300,1.1,68.4,63,0,4,101,1638,1022,102203,74,0,
2026-03-07,00:25:00,auto,compressorCoolOff,hold,Sleep,67,64,67,63,74.9,0,15,0,45,1.2,68.3,63,1,4,105,1765,1055,102203,73.9,0,
2026-03-07,00:30:00,auto,compressorCoolStage1On,hold,Sleep,67,64,67.3,63,74.7,0,285,0,300,1.2,68.5,63,0,4,101,1609,1014,102210,73.9,0,
2026-03-07,00:35:00,auto,compressorCoolOff,hold,Sleep,67,64,67.1,63,74.7,0,15,0,45,1.1,68.3,63,1,4,104,1746,1050,102204,74,0,
2026-03-07,00:40:00,auto,compressorCoolStage1On,hold,Sleep,67,64,67.4,64,74.7,0,300,0,300,1,68.4,64,0,4,98,1515,988,102196,74.1,0,
2026-03-07,00:45:00,auto,compressorCoolStage1On,hold,Sleep,67,64,67.1,63,74.7,0,75,0,120,1.2,68.3,63,1,4,105,1785,1060,102185,74.1,0,
2026-03-07,00:50:00,auto,compressorCoolOff,hold,Sleep,67,64,67.4,64,74.7,0,225,0,225,0.9,68.4,64,1,4,97,1492,981,102180,74.1,0,
2026-03-07,00:55:00,auto,compressorCoolStage1On,hold,Sleep,67,64,67.1,62,74.7,0,195,0,240,1.2,68.4,62,0,4,103,1716,1042,102176,74.2,0,
2026-03-07,01:00:00,auto,compressorCoolOff,hold,Sleep,67,64,67.4,64,74.7,0,105,0,105,1,68.4,64,1,4,102,1686,1034,102169,74,0,
2026-03-07,01:05:00,auto,compressorCoolStage1On,hold,Sleep,67,64,67.5,64,74.7,0,300,0,300,1.1,68.6,64,1,4,96,1466,973,102165,74,0,
2026-03-07,01:10:00,auto,compressorCoolStage1On,hold,Sleep,67,64,67.9,67,74.7,0,300,0,300,0.6,68.6,67,1,4,87,1200,883,102157,73.9,0,
2026-03-07,01:15:00,auto,compressorCoolStage1On,hold,Sleep,67,64,67.5,65,74.7,0,300,0,300,0.9,68.4,65,1,4,87,1190,881,102153,73.8,0,
2026-03-07,01:20:00,auto,compressorCoolStage1On,hold,Sleep,67,64,67,64,74.7,0,165,0,210,1.1,68.1,64,1,4,93,1371,944,102148,73.8,0,
2026-03-07,01:25:00,auto,compressorCoolOff,hold,Sleep,67,64,67.3,67,74.7,0,135,0,135,0.5,67.8,67,1,4,86,1161,869,102142,73.8,0,
2026-03-07,01:30:00,auto,compressorCoolStage1On,hold,Sleep,67,64,67.4,67,74.7,0,300,0,300,0.5,68,67,1,4,82,1060,831,102132,73.9,0,
2026-03-07,01:35:00,auto,compressorCoolStage1On,hold,Sleep,67,64,67,65,74.7,0,90,0,135,0.8,67.9,65,1,4,88,1203,886,102123,73.8,0,
2026-03-07,01:40:00,auto,compressorCoolOff,hold,Sleep,67,64,67.5,68,74.7,0,210,0,210,0.5,68,68,1,4,82,1065,833,102119,73.7,0,
2026-03-07,01:45:00,auto,compressorCoolStage1On,hold,Sleep,67,64,67.3,66,74.7,0,300,0,300,0.8,68.1,66,1,4,88,1219,891,102111,73.8,0,
2026-03-07,01:50:00,auto,compressorCoolStage1On,hold,Sleep,67,64,67.1,65,74.7,0,30,0,75,0.8,67.9,65,1,4,95,1420,959,102100,73.9,0,
2026-03-07,01:55:00,auto,compressorCoolOff,hold,Sleep,67,64,67.8,67,74.7,0,270,0,270,0.5,68.3,67,1,4,89,1238,899,102095,73.9,0,
2026-03-07,02:00:00,auto,compressorCoolStage1On,hold,Sleep,67,64,67.4,64,74.6,0,300,0,300,1,68.4,64,1,4,99,1550,996,102091,73.9,0,
2026-03-07,02:05:00,auto,compressorCoolStage1On,hold,Sleep,67,64,67.1,63,74.6,0,60,0,105,1.1,68.3,63,1,4,106,1829,1071,102092,73.9,0,
2026-03-07,02:10:00,auto,compressorCoolOff,hold,Sleep,67,64,67.4,64,74.6,0,240,0,240,1,68.5,64,1,4,100,1599,1012,102089,73.9,0,
2026-03-07,02:15:00,auto,compressorCoolStage1On,hold,Sleep,67,64,67.1,63,74.6,0,135,0,180,1.2,68.3,63,1,4,106,1836,1073,102084,74.1,0,
2026-03-07,02:20:00,auto,compressorCoolOff,hold,Sleep,67,64,67.4,65,74.6,0,165,0,165,0.8,68.3,65,1,4,101,1614,1015,102082,74.1,0,
2026-03-07,02:25:00,auto,compressorCoolStage1On,hold,Sleep,68,64,67.1,63,74.6,0,165,0,210,1.1,68.3,63,1,4,105,1774,1056,102071,74.2,0,
2026-03-07,02:30:00,auto,compressorCoolOff,hold,Sleep,74,64,67.8,65,74.4,0,0,0,0,0.5,68.3,65,1,4,103,1692,1037,102066,74.3,0,
2026-03-07,02:35:00,auto,compressorCoolOff,hold,Sleep,74,64,68.4,65,74.4,0,0,0,0,0.4,68.9,65,1,4,100,1597,1011,102070,74.4,0,
2026-03-07,02:40:00,auto,compressorCoolOff,hold,Sleep,74,64,68.8,66,74.4,0,0,0,0,0.4,69.3,66,1,4,94,1385,948,102074,74.5,0,
2026-03-07,02:45:00,auto,compressorCoolOff,hold,Sleep,74,64,69.3,66,74.4,0,0,0,0,0.4,69.8,66,1,4,92,1319,926,102071,74.7,0,
2026-03-07,02:50:00,auto,compressorCoolOff,hold,Sleep,74,64,70.2,70,74.4,0,0,0,0,0.1,70.3,70,1,4,74,893,743,102067,74.9,0,
2026-03-07,02:55:00,auto,compressorCoolOff,hold,Sleep,72.8,64,70.7,71,74.4,0,90,0,90,,70.7,71,1,4,64,694,574,102068,75.1,0,
2026-03-07,03:00:00,auto,compressorCoolStage1On,auto,Sleep,70,64,70.4,68,74.4,0,300,0,300,0.3,70.8,68,1,4,71,817,712,102069,75.4,0,
2026-03-07,03:05:00,auto,compressorCoolStage1On,auto,Sleep,70,64,70.2,67,74.4,0,300,0,300,0.4,70.7,67,1,4,75,900,759,102066,75.3,0,
2026-03-07,03:10:00,auto,compressorCoolStage1On,auto,Sleep,70,64,70.3,69,74.4,0,135,0,180,0.1,70.5,69,1,4,70,807,707,102058,74.9,0,
2026-03-07,03:15:00,auto,compressorCoolOff,auto,Sleep,70,64,70.4,72,74.4,0,165,0,165,,70.4,72,1,4,58,612,543,102049,74.6,0,
2026-03-07,03:20:00,auto,compressorCoolStage1On,auto,Sleep,70,64,70.4,71,74.4,0,300,0,300,,70.4,71,1,4,53,542,517,102033,74.4,0,
2026-03-07,03:25:00,auto,compressorCoolStage1On,auto,Sleep,70,64,70.1,70,74.4,0,300,0,300,,70.2,70,1,4,55,570,528,102021,74.1,0,
2026-03-07,03:30:00,auto,compressorCoolStage1On,auto,Sleep,70,64,70.2,70,74.4,0,300,0,300,,70.2,70,1,3,51,522,509,102017,73.6,0,
2026-03-07,03:35:00,auto,compressorCoolStage1On,auto,Sleep,70,64,70.1,70,74.4,0,300,0,300,,70.2,70,1,3,47,483,492,102016,73.2,0,
2026-03-07,03:40:00,auto,compressorCoolStage1On,auto,Sleep,70,64,70,71,74.4,0,180,0,225,,70,71,0,3,44,450,476,102010,72.9,0,
2026-03-07,03:45:00,auto,compressorCoolOff,auto,Sleep,70,64,70,73,74.4,0,120,0,120,,70,73,1,3,37,379,437,102010,72.7,0,
2026-03-07,03:50:00,auto,compressorCoolStage1On,auto,Sleep,70,64,69.8,70,74.4,0,180,0,225,0.1,70,70,1,3,42,433,466,102013,72.7,0,
2026-03-07,03:55:00,auto,compressorCoolOff,auto,Sleep,70,64,69.6,70,74.4,0,0,0,0,0.1,69.7,70,1,3,47,482,491,102016,72.5,0,
2026-03-07,04:00:00,auto,compressorCoolOff,auto,Sleep,70,64,70,71,74.3,0,135,0,135,,70,71,1,3,43,437,470,102019,72.6,0,
2026-03-07,04:05:00,auto,compressorCoolStage1On,auto,Sleep,70,64,69.6,68,74.3,0,165,0,210,0.4,70,68,1,3,51,522,508,102014,72.7,0,
2026-03-07,04:10:00,auto,compressorCoolOff,auto,Sleep,70,64,69.8,70,74.3,0,120,0,120,0.1,70,70,1,3,49,506,501,102020,72.6,0,
2026-03-07,04:15:00,auto,compressorCoolStage1On,auto,Sleep,70,64,70.2,71,74.3,0,300,0,300,,70.2,71,1,3,41,419,461,102023,72.5,0,
2026-03-07,04:20:00,auto,compressorCoolStage1On,auto,Sleep,70,64,70,71,74.3,0,165,0,210,,70,71,1,3,42,424,463,102019,72.4,0,
2026-03-07,04:25:00,auto,compressorCoolOff,auto,Sleep,70,64,70,72,74.3,0,120,0,120,,70,72,1,3,44,449,476,102020,72.3,0,
2026-03-07,04:30:00,auto,compressorCoolStage1On,auto,Sleep,70,64,70,69,74.4,0,195,0,240,0.2,70.2,69,1,3,48,490,494,102021,72.4,0,
2026-03-07,04:35:00,auto,compressorCoolOff,auto,Sleep,70,64,69.7,70,74.4,0,90,0,90,0.1,69.9,70,1,3,55,577,530,102019,72.4,0,
2026-03-07,04:40:00,auto,compressorCoolStage1On,auto,Sleep,70,64,70.2,71,74.4,0,300,0,300,,70.2,71,1,3,49,502,500,102020,72.5,0,
2026-03-07,04:45:00,auto,compressorCoolStage1On,auto,Sleep,70,64,70.2,70,74.4,0,300,0,300,0.1,70.3,70,1,4,51,527,511,102022,72.6,0,
2026-03-07,04:50:00,auto,compressorCoolStage1On,auto,Sleep,70,64,69.8,68,74.4,0,30,0,75,0.3,70.2,68,1,4,60,646,554,102023,72.5,0,
2026-03-07,04:55:00,auto,compressorCoolOff,auto,Sleep,70,64,70.1,71,74.4,0,270,0,270,,70.2,71,1,4,58,617,546,102024,72.5,0,
2026-03-07,05:00:00,auto,compressorCoolStage1On,auto,Sleep,70,64,70,69,74.5,0,120,0,165,0.2,70.2,69,1,4,60,635,552,102024,72.4,0,
2026-03-07,05:05:00,auto,compressorCoolOff,auto,Sleep,70,64,70.3,72,74.5,0,180,0,180,,70.3,72,1,3,52,531,512,102029,72.4,0,
2026-03-07,05:10:00,auto,compressorCoolStage1On,auto,Sleep,70,64,70.5,72,74.5,0,300,0,300,,70.5,72,1,4,53,541,517,102029,72.5,0,
2026-03-07,05:15:00,auto,compressorCoolStage1On,auto,Sleep,70,64,70.4,72,74.5,0,300,0,300,,70.4,72,1,4,53,543,518,102030,72.4,0,
2026-03-07,05:20:00,auto,compressorCoolStage1On,auto,Sleep,70,64,70.3,71,74.5,0,300,0,300,,70.3,71,1,4,55,569,528,102032,72.3,0,
2026-03-07,05:25:00,auto,compressorCoolStage1On,auto,Sleep,70,64,70.2,71,74.5,0,300,0,300,,70.2,71,1,4,57,596,538,102035,72.2,0,
2026-03-07,05:30:00,auto,compressorCoolStage1On,auto,Sleep,70,64,70.3,72,74.5,0,300,0,300,,70.3,72,1,4,53,542,517,102038,72.3,0,
2026-03-07,05:35:00,auto,compressorCoolStage1On,auto,Sleep,70,64,70.3,73,74.5,0,300,0,300,,70.3,73,1,3,48,490,495,102042,72.4,0,
2026-03-07,05:40:00,auto,compressorCoolStage1On,auto,Sleep,70,64,70.4,73,74.5,0,300,0,300,,70.4,73,1,3,47,479,490,102044,72.4,0,
2026-03-07,05:45:00,auto,compressorCoolStage1On,auto,Sleep,70,64,70.4,73,74.5,0,300,0,300,,70.4,73,1,3,46,470,486,102047,72.7,0,
2026-03-07,05:50:00,auto,compressorCoolStage1On,auto,Sleep,70,64,70.3,73,74.5,0,300,0,300,,70.3,73,1,3,44,449,476,102045,72.8,0,
2026-03-07,05:55:00,auto,compressorCoolStage1On,auto,Sleep,70,64,70.2,71,74.5,0,300,0,300,,70.3,71,1,3,47,476,488,102047,72.7,0,
2026-03-07,06:00:00,auto,compressorCoolStage1On,auto,Sleep,70,64,69.7,69,74.7,0,15,0,60,0.3,70,69,1,3,55,574,530,102051,72.4,0,
2026-03-07,06:05:00,auto,compressorCoolOff,auto,Sleep,70,64,70,70,74.7,0,225,0,225,0.1,70.1,70,1,4,53,542,517,102056,72.4,0,
2026-03-07,06:10:00,auto,compressorCoolStage1On,auto,Sleep,70.7,64,69.6,68,74.7,0,75,0,120,0.3,70,68,1,4,57,602,540,102056,72.5,0,
2026-03-07,06:15:00,auto,compressorCoolOff,hold,Sleep,73,64,69.7,68,74.7,0,0,0,0,0.2,69.9,68,1,4,58,612,544,102061,72.6,0,
2026-03-07,06:20:00,auto,compressorCoolOff,hold,Sleep,73,64,70.1,69,74.7,0,0,0,0,0.1,70.2,69,1,4,60,645,556,102062,72.8,0,
2026-03-07,06:25:00,auto,compressorCoolOff,hold,Sleep,73,64,70.5,71,74.7,0,0,0,0,,70.5,71,1,4,55,574,530,102060,73,0,
2026-03-07,06:30:00,auto,compressorCoolOff,hold,Sleep,73,64,70.9,73,74.7,0,0,0,0,,70.9,73,1,3,48,495,497,102063,73.2,0,
2026-03-07,06:35:00,auto,compressorCoolOff,hold,Sleep,73,64,71.4,74,74.7,0,0,0,0,,71.4,74,1,3,44,446,474,102071,73.4,0,
2026-03-07,06:40:00,auto,compressorCoolOff,hold,Sleep,73.3,64,71.7,72,74.7,0,0,0,165,,71.7,72,1,3,47,479,490,102079,73.7,0,
2026-03-07,06:45:00,auto,compressorCoolOff,auto,Sleep,75,64,71.6,72,74.7,0,0,0,285,,71.6,72,1,4,53,545,518,102082,73.9,0,
2026-03-07,06:50:00,auto,compressorCoolOff,auto,Sleep,75,64,71.2,77,74.7,0,0,0,0,-0.2,71,77,1,3,46,465,483,102088,74,0,
2026-03-07,06:55:00,auto,compressorCoolOff,auto,Sleep,75,64,71.4,78,74.7,0,0,0,0,-0.2,71.2,78,1,3,40,404,452,102089,74.2,0,
2026-03-07,07:00:00,auto,compressorCoolOff,auto,Sleep,75,64,71.8,77,75.1,0,0,0,0,-0.1,71.7,77,1,3,42,421,462,102096,74.3,0,
2026-03-07,07:05:00,auto,compressorCoolOff,auto,Sleep,75,64,72.2,77,75.1,0,0,0,0,-0.1,72,77,1,3,46,462,482,102102,74.6,0,
2026-03-07,07:10:00,auto,compressorCoolOff,auto,Sleep,75,64,72.5,76,75.1,0,0,0,165,,72.4,76,1,3,47,483,492,102101,74.7,0,
2026-03-07,07:15:00,auto,compressorCoolOff,auto,Sleep,75,64,72.3,75,75.1,0,0,0,285,,72.2,75,1,4,53,546,519,102103,74.8,0,
2026-03-07,07:20:00,auto,compressorCoolOff,auto,Sleep,75,64,71.1,79,75.1,0,0,0,0,-0.3,70.8,79,0,4,53,542,517,102110,74.9,0,
2026-03-07,07:25:00,auto,compressorCoolOff,auto,Sleep,75,64,71.1,81,75.1,0,0,0,0,-0.4,70.7,81,0,3,49,502,500,102118,75.1,0,
2026-03-07,07:30:00,auto,compressorCoolOff,auto,Sleep,75,64,71.7,81,75.1,0,0,0,0,-0.3,71.4,81,0,3,49,503,501,102124,75.2,0,
2026-03-07,07:35:00,auto,compressorCoolOff,auto,Sleep,75,64,72.3,79,75.1,0,0,0,0,-0.2,72.1,79,0,3,51,520,508,102132,75.5,0,
2026-03-07,07:40:00,auto,compressorCoolOff,auto,Sleep,71.5,64,72.7,76,75.1,0,210,0,210,,72.7,76,0,4,56,582,532,102134,75.7,0,
2026-03-07,07:45:00,auto,compressorCoolStage1On,auto,Sleep,70,64,71.6,74,75.1,0,300,0,300,,71.6,74,0,4,68,773,669,102131,75.7,0,
2026-03-07,07:50:00,auto,compressorCoolStage1On,auto,Sleep,70,64,70.2,77,75.1,0,195,0,240,0.1,69.6,77,1,4,77,950,781,102129,75.4,0,
2026-03-07,07:55:00,auto,compressorCoolOff,auto,Sleep,70,64,69.3,79,75.1,0,0,0,0,,69,79,1,4,78,954,784,102133,75.1,0,
2026-03-07,08:00:00,auto,compressorCoolOff,auto,Home,70,64,69.7,79,75.5,0,30,0,30,,69.6,79,0,4,74,874,746,102136,75.1,0,
2026-03-07,08:05:00,auto,compressorCoolStage1On,auto,Home,70,64,70.2,77,75.5,0,270,0,300,,70.2,77,0,4,73,868,742,102132,75.2,0,
2026-03-07,08:10:00,auto,compressorCoolOff,auto,Home,70,64,69.3,77,75.5,0,0,0,15,,69.2,77,0,4,80,1019,814,102139,75,0,
2026-03-07,08:15:00,auto,compressorCoolOff,auto,Home,70,64,69.4,78,75.5,0,0,0,0,,69.3,78,1,4,80,998,804,102145,75,0,
2026-03-07,08:20:00,auto,compressorCoolOff,auto,Home,70,64,70.1,77,75.5,0,210,0,210,,70.1,77,0,4,76,921,768,102149,75.1,0,
2026-03-07,08:25:00,auto,compressorCoolStage1On,auto,Home,70,64,69.6,76,75.5,0,90,0,135,,69.6,76,0,4,81,1027,816,102152,75.1,0,
2026-03-07,08:30:00,auto,compressorCoolOff,auto,Home,70,64,69.3,76,75.6,0,0,0,0,,69.3,76,0,4,84,1097,845,102157,75.1,0,
2026-03-07,08:35:00,auto,compressorCoolOff,auto,Home,70,64,70,76,75.6,0,135,0,135,,70,76,0,4,78,962,788,102167,75.2,0,
2026-03-07,08:40:00,auto,compressorCoolStage1On,auto,Home,70,64,69.9,76,75.6,0,165,0,210,,69.9,76,0,4,78,967,789,102176,75.3,0,
2026-03-07,08:45:00,auto,compressorCoolOff,auto,Home,70,64,69.2,78,75.6,0,0,0,0,,69,78,0,4,80,1006,808,102189,75.2,0,
2026-03-07,08:50:00,auto,compressorCoolOff,auto,Home,70,64,70.2,78,75.6,0,195,0,195,0.1,69.5,78,0,4,75,892,754,102196,75.2,0,
2026-03-07,08:55:00,auto,compressorCoolStage1On,auto,Home,70,64,70.1,77,75.6,0,180,0,225,0.2,69.4,77,1,4,71,832,724,102205,75.2,0,
2026-03-07,09:00:00,auto,compressorCoolOff,auto,Home,70,64,69.3,76,76,0,0,0,0,,69.2,76,1,4,77,947,781,102207,75,0,
2026-03-07,09:05:00,auto,compressorCoolOff,auto,Home,70,64,69.9,76,76,0,90,0,90,,69.9,76,1,4,71,827,721,102211,75,0,
2026-03-07,09:10:00,auto,compressorCoolStage1On,auto,Home,70,64,70.3,76,76,0,300,0,300,,70.3,76,0,4,66,736,640,102214,75,0,
2026-03-07,09:15:00,auto,compressorCoolStage1On,auto,Home,70,64,69.8,75,76,0,90,0,135,,69.8,75,0,4,72,833,724,102216,74.7,0,
2026-03-07,09:20:00,auto,compressorCoolOff,auto,Home,70,64,69.5,75,76,0,0,0,0,,69.5,75,0,4,78,962,788,102219,74.4,0,
2026-03-07,09:25:00,auto,compressorCoolOff,auto,Home,70,64,70.2,75,76,0,210,0,210,,70.2,75,0,4,72,846,731,102222,74.3,0,
2026-03-07,09:30:00,auto,compressorCoolStage1On,auto,Home,70,64,70.3,74,76.3,0,285,0,300,,70.3,74,0,4,70,798,706,102225,74.4,0,
2026-03-07,09:35:00,auto,compressorCoolOff,auto,Home,70,64,69.5,74,76.3,0,0,0,30,,69.5,74,0,4,75,907,761,102226,74.1,0,
2026-03-07,09:40:00,auto,compressorCoolOff,auto,Home,70,64,69.9,73,76.3,0,105,0,105,0.1,69.6,73,0,4,79,980,796,102222,74,0,
2026-03-07,09:45:00,auto,compressorCoolStage1On,auto,Home,70,64,70.6,74,76.3,0,300,0,300,0.2,70,74,0,4,71,812,713,102225,73.9,0,
2026-03-07,09:50:00,auto,compressorCoolStage1On,auto,Home,70,64,70.5,74,76.3,0,300,0,300,0.3,69.5,74,0,4,75,907,762,102228,73.8,0,
2026-03-07,09:55:00,auto,compressorCoolStage1On,auto,Home,70,64,70,73,76.3,0,165,0,210,0.5,68.8,73,0,4,81,1026,815,102228,73.5,0,
2026-03-07,10:00:00,auto,compressorCoolOff,auto,Home,70,64,69.6,70,76.7,0,0,0,0,0.9,68.5,70,0,4,91,1304,922,102231,73.3,0,
2026-03-07,10:05:00,auto,compressorCoolOff,auto,Home,70,64,70.3,72,76.7,0,255,0,255,0.7,69.1,72,0,4,82,1058,827,102234,73.3,0,
2026-03-07,10:10:00,auto,compressorCoolStage1On,auto,Home,70,64,70.5,73,76.7,0,300,0,300,0.6,69.1,73,0,4,77,940,778,102232,73.3,0,
2026-03-07,10:15:00,auto,compressorCoolStage1On,auto,Home,70,64,70.1,74,76.7,0,165,0,210,0.6,68.6,74,0,4,80,1001,806,102231,73.1,0,
2026-03-07,10:20:00,auto,compressorCoolOff,auto,Home,70,64,69.6,71,76.7,0,0,0,0,0.9,68.2,71,0,4,86,1169,872,102226,73,0,
2026-03-07,10:25:00,auto,compressorCoolOff,auto,Home,70,64,70.1,71,76.7,0,165,0,165,0.8,68.8,71,0,4,85,1125,855,102224,73.1,0,
2026-03-07,10:30:00,auto,compressorCoolStage1On,auto,Home,70,64,70.5,72,76.7,0,300,0,300,0.7,69.3,72,0,4,74,882,749,102220,73.2,0,
2026-03-07,10:35:00,auto,compressorCoolStage1On,auto,Home,70,64,70.3,73,76.7,0,285,0,300,0.6,68.9,73,1,4,76,925,770,102222,73.1,0,
2026-03-07,10:40:00,auto,compressorCoolOff,auto,Home,70,64,69.2,68,76.7,0,0,0,30,1.1,68.3,68,1,4,92,1330,928,102219,73,0,
2026-03-07,10:45:00,auto,compressorCoolOff,auto,Home,70,64,69.5,68,76.7,0,0,0,0,1,68.8,68,0,4,89,1254,904,102222,73.1,0,
2026-03-07,10:50:00,auto,compressorCoolOff,auto,Home,70,64,70.2,69,76.7,0,165,0,165,0.7,69.8,69,0,4,82,1061,828,102222,73.3,0,
2026-03-07,10:55:00,auto,compressorCoolStage1On,auto,Home,70,64,70.7,71,76.7,0,300,0,300,0.3,70.2,71,0,4,71,824,720,102223,73.5,0,
2026-03-07,11:00:00,auto,compressorCoolStage1On,auto,Home,70,64,70,72,77.3,0,165,0,210,0.2,69.7,72,0,4,74,872,745,102227,73.5,0,
2026-03-07,11:05:00,auto,compressorCoolOff,auto,Home,70,64,69,68,77.3,0,0,0,0,0.4,69.3,68,0,4,83,1095,842,102222,73.5,0,
2026-03-07,11:10:00,auto,compressorCoolOff,auto,Home,70,64,69.2,68,77.3,0,0,0,0,0.5,69.7,68,0,4,86,1158,869,102217,73.6,0,
2026-03-07,11:15:00,auto,compressorCoolOff,auto,Home,70,64,70.6,70,77.3,0,225,0,225,0.3,70.5,70,0,4,77,949,778,102212,74,0,
2026-03-07,11:20:00,auto,compressorCoolStage1On,auto,Home,70,64,71.3,72,77.3,0,300,0,300,0.2,70.8,72,0,4,67,756,680,102213,74.2,0,
2026-03-07,11:25:00,auto,compressorCoolStage1On,auto,Home,70,64,71,73,77.3,0,300,0,300,0.3,70.2,73,0,4,68,769,689,102209,74.1,0,
2026-03-07,11:30:00,auto,compressorCoolStage1On,auto,Home,70,64,70.8,74,77.3,0,300,0,300,0.5,69.6,74,0,4,70,799,706,102208,74,0,
2026-03-07,11:35:00,auto,compressorCoolStage1On,auto,Home,70,64,70.7,75,77.3,0,300,0,300,0.5,69.1,75,0,4,71,830,723,102205,73.9,0,
2026-03-07,11:40:00,auto,compressorCoolStage1On,auto,Home,70,64,70.5,76,77.3,0,300,0,300,0.6,68.6,76,0,4,73,855,736,102203,73.8,0,
2026-03-07,11:45:00,auto,compressorCoolStage1On,auto,Home,70,64,70.3,76,77.3,0,300,0,300,0.6,68.3,76,0,4,71,828,722,102201,73.7,0,
2026-03-07,11:50:00,auto,compressorCoolStage1On,auto,Home,70,64,70.2,76,77.3,0,300,0,300,0.5,68,76,0,4,71,819,717,102195,73.6,0,
2026-03-07,11:55:00,auto,compressorCoolStage1On,auto,Home,70,64,70.1,77,77.3,0,300,0,300,0.5,67.8,77,0,4,71,829,723,102190,73.6,0,
2026-03-07,12:00:00,auto,compressorCoolStage1On,auto,Home,70,64,69.6,73,77.9,0,75,0,120,0.9,67.6,73,0,4,78,985,788,102183,73.5,0,
2026-03-07,12:05:00,auto,compressorCoolOff,auto,Home,70,64,69.2,68,77.9,0,0,0,0,1.3,67.8,68,0,4,97,1498,983,102177,73.5,0,
2026-03-07,12:10:00,auto,compressorCoolOff,auto,Home,70,64,69.7,67,77.9,0,30,0,30,1.4,68.7,67,1,4,95,1429,962,102169,73.8,0,
2026-03-07,12:15:00,auto,compressorCoolStage1On,auto,Home,70,64,70,66,77.9,0,270,0,300,1.4,69.5,66,1,4,90,1265,908,102155,74.2,0,
2026-03-07,12:20:00,auto,compressorCoolOff,auto,Home,70,64,70,65,77.9,0,30,0,45,1.5,69.8,65,1,4,94,1392,950,102152,74.4,0,
2026-03-07,12:25:00,auto,compressorCoolStage1On,auto,Home,70,64,70.3,65,77.9,0,300,0,300,1.3,70.3,65,0,4,91,1282,915,102146,74.6,0,
2026-03-07,12:30:00,auto,compressorCoolStage1On,auto,Home,70,64,70,64,78.3,0,45,0,90,1.4,70.6,64,1,4,97,1476,976,102139,74.9,0,
2026-03-07,12:35:00,auto,compressorCoolOff,auto,Home,70,64,70.2,64,78.3,0,255,0,255,1.1,70.9,64,1,4,93,1370,943,102131,75,0,
2026-03-07,12:40:00,auto,compressorCoolStage1On,auto,Home,70,64,70.1,63,78.3,0,45,0,90,1.1,71.2,63,1,4,95,1430,962,102125,75.3,0,
2026-03-07,12:45:00,auto,compressorCoolOff,auto,Home,70,64,70.5,64,78.3,0,255,0,255,1.1,71.6,64,1,4,94,1396,952,102121,75.4,0,
2026-03-07,12:50:00,auto,compressorCoolStage1On,auto,Home,70,64,70.3,62,78.3,0,150,0,195,1.4,71.7,62,1,4,103,1686,1034,102118,75.6,0,
2026-03-07,12:55:00,auto,compressorCoolOff,auto,Home,70,64,70.8,64,78.3,0,150,0,150,0.9,71.8,64,0,4,98,1529,991,102117,75.7,0,
2026-03-07,13:00:00,auto,compressorCoolStage1On,auto,Home,70,64,70.9,63,78.5,0,300,0,300,1.2,72.1,63,0,4,99,1557,1000,102112,75.8,0,
2026-03-07,13:05:00,auto,compressorCoolStage1On,auto,Home,70,64,70.4,60,78.5,0,300,0,300,1.7,72.1,60,0,4,109,1968,1102,102105,75.9,0,
2026-03-07,13:10:00,auto,compressorCoolStage1On,auto,Home,70,64,70,59,78.5,0,150,0,195,1.9,71.9,59,0,4,117,2323,1176,102099,75.9,0,
2026-03-07,13:15:00,auto,compressorCoolOff,auto,Home,70,64,70.6,62,78.5,0,150,0,150,1.3,71.9,62,0,4,106,1827,1069,102095,75.9,0,
2026-03-07,13:20:00,auto,compressorCoolStage1On,auto,Home,70,64,70.6,62,78.5,0,300,0,300,1.4,72.1,62,0,4,105,1782,1059,102090,76.1,0,
2026-03-07,13:25:00,auto,compressorCoolStage1On,auto,Home,70,64,70.3,59,78.5,0,180,0,225,2.1,71.9,59,0,4,116,2290,1169,102082,76.1,0,
2026-03-07,13:30:00,auto,compressorCoolOff,auto,Home,70,64,71.1,62,78.5,0,120,0,120,1.8,72,62,0,4,112,2078,1126,102075,76.2,0,
2026-03-07,13:35:00,auto,compressorCoolStage1On,auto,Home,70,64,71.4,61,78.5,0,300,0,300,2.1,72.2,61,0,4,111,2040,1118,102066,76.3,0,
2026-03-07,13:40:00,auto,compressorCoolStage1On,auto,Home,70,64,71,59,78.5,0,300,0,300,2.6,72,59,0,4,120,2528,1213,102060,76.4,0,
2026-03-07,13:45:00,auto,compressorCoolStage1On,auto,Home,70,64,70.8,58,78.5,0,300,0,300,2.9,71.8,58,0,4,127,2906,1275,102053,76.4,0,
2026-03-07,13:50:00,auto,compressorCoolStage1On,auto,Home,70,64,70.7,57,78.5,0,300,0,300,3.2,71.6,57,0,4,131,3224,1321,102043,76.4,0,
2026-03-07,13:55:00,auto,compressorCoolStage1On,auto,Home,70,64,70.5,57,78.5,0,300,0,300,3.2,71.4,57,0,4,135,3469,1353,102035,76.2,0,
2026-03-07,14:00:00,auto,compressorCoolStage1On,auto,Home,70,64,70.4,57,78.6,0,300,0,300,3.1,71.2,57,0,4,136,3599,1370,102022,76,0,
2026-03-07,14:05:00,auto,compressorCoolStage1On,auto,Home,70,64,70.4,57,78.6,0,300,0,300,3.1,71.1,57,0,4,138,3765,1389,102014,76,0,
2026-03-07,14:10:00,auto,compressorCoolStage1On,auto,Home,70,64,70.2,57,78.6,0,300,0,300,3.1,70.9,57,0,4,139,3885,1403,102011,76,0,
2026-03-07,14:15:00,auto,compressorCoolStage1On,auto,Home,70,64,70.1,57,78.6,0,195,0,240,3.1,70.6,57,0,4,140,3961,1412,102010,75.9,0,
2026-03-07,14:20:00,auto,compressorCoolOff,auto,Home,70,64,70.5,59,78.6,0,105,0,105,2.8,70.8,59,0,4,131,3241,1321,102004,75.9,0,
2026-03-07,14:25:00,auto,compressorCoolStage1On,auto,Home,70,64,70.7,59,78.6,0,300,0,300,2.8,71.2,59,0,4,127,2943,1280,101999,76.1,0,
2026-03-07,14:30:00,auto,compressorCoolStage1On,auto,Home,70,64,70.4,57,78.6,0,300,0,300,3.1,71.1,57,1,4,135,3557,1363,101990,76.2,0,
2026-03-07,14:35:00,auto,compressorCoolStage1On,auto,Home,70,64,70.3,57,78.6,0,300,0,300,3,71.1,57,0,4,148,4768,1493,101987,76.2,0,
2026-03-07,14:40:00,auto,compressorCoolStage1On,auto,Home,70,64,70.1,57,78.6,0,210,0,255,2.9,71.1,57,0,4,159,6059,1598,101980,76.2,0,
2026-03-07,14:45:00,auto,compressorCoolOff,auto,Home,70,64,70.4,60,78.6,0,90,0,90,2.3,71.2,60,0,4,155,5502,1555,101973,76.2,0,
2026-03-07,14:50:00,auto,compressorCoolStage1On,auto,Home,70,64,70.5,60,78.6,0,300,0,300,2.2,71.6,60,1,4,156,5690,1569,101967,76.3,0,
2026-03-07,14:55:00,auto,compressorCoolStage1On,auto,Home,70,64,70.1,59,78.6,0,180,0,225,2.1,71.7,59,1,4,174,8478,1745,101962,76.5,0,
2026-03-07,15:00:00,auto,compressorCoolOff,auto,Home,70,64,70.4,61,78.6,0,120,0,120,1.6,72.1,61,0,4,181,9904,1815,101960,76.5,0,
2026-03-07,15:05:00,auto,compressorCoolStage1On,auto,Home,70,64,70.9,60,78.6,0,300,0,300,1.8,72.7,60,0,4,186,11235,1870,101958,76.8,0,
2026-03-07,15:10:00,auto,compressorCoolStage1On,auto,Home,70,64,70.6,58,78.6,0,300,0,300,2.1,72.7,58,0,4,196,14005,1968,101956,77,0,
2026-03-07,15:15:00,auto,compressorCoolStage1On,auto,Home,70,64,70.3,57,78.6,0,300,0,300,2.3,72.7,57,1,4,205,17250,2060,101955,77.1,0,
2026-03-07,15:20:00,auto,compressorCoolStage1On,auto,Home,70,64,70.3,57,78.6,0,300,0,300,2.5,72.8,57,0,3,213,20802,2142,101953,77.2,0,
2026-03-07,15:25:00,auto,compressorCoolStage1On,auto,Home,70,64,70.2,56,78.6,0,300,0,300,2.4,72.6,56,1,3,224,26254,2245,101950,77.2,0,
2026-03-07,15:30:00,auto,compressorCoolStage1On,auto,Home,70,64,70.3,57,78.6,0,60,0,105,2.2,72.6,57,0,3,230,30152,2306,101948,77.1,0,
2026-03-07,15:35:00,auto,compressorCoolOff,auto,Home,70,64,71.1,60,78.6,0,240,0,240,1.8,73,60,1,3,218,23350,2194,101944,77.1,0,
2026-03-07,15:40:00,auto,compressorCoolStage1On,auto,Home,70,64,70.8,58,78.6,0,300,0,300,2.2,73,58,0,3,225,27197,2260,101945,77.3,0,
2026-03-07,15:45:00,auto,compressorCoolStage1On,auto,Home,70,64,70.3,57,78.6,0,300,0,300,2.3,72.6,57,0,3,233,32604,2341,101947,77.4,0,
2026-03-07,15:50:00,auto,compressorCoolStage1On,auto,Home,70,64,70.1,57,78.6,0,165,0,210,2.2,72.3,57,0,3,236,35011,2373,101947,77.3,0,
2026-03-07,15:55:00,auto,compressorCoolOff,auto,Home,70,64,70.6,60,78.6,0,135,0,135,1.7,72.3,60,0,3,229,29388,2294,101949,77.3,0,
2026-03-07,16:00:00,auto,compressorCoolStage1On,auto,Home,70,64,70.7,60,78.3,0,300,0,300,1.8,72.5,60,0,3,231,31031,2317,101946,77.5,0,
2026-03-07,16:05:00,auto,compressorCoolStage1On,auto,Home,70,64,70.2,58,78.3,0,195,0,240,2.1,72.3,58,0,3,248,46118,2492,101943,77.5,0,
2026-03-07,16:10:00,auto,compressorCoolOff,auto,Home,70,64,71,61,78.3,0,105,0,105,1.7,72.3,61,1,3,244,41571,2446,101941,77.5,0,
2026-03-07,16:15:00,auto,compressorCoolStage1On,auto,Home,70,64,70.9,60,78.3,0,300,0,300,1.7,72.5,60,1,3,241,39028,2420,101936,77.6,0,
2026-03-07,16:20:00,auto,compressorCoolStage1On,auto,Home,70,64,70.4,59,78.3,0,300,0,300,1.8,72.2,59,1,3,250,47555,2508,101935,77.6,0,
2026-03-07,16:25:00,auto,compressorCoolStage1On,auto,Home,70,64,70.5,60,78.3,0,300,0,300,1.8,72.3,60,1,3,251,48892,2520,101935,77.4,0,
2026-03-07,16:30:00,auto,compressorCoolStage1On,auto,Home,70,64,70.4,60,78.3,0,300,0,300,1.8,72.2,60,1,3,254,52496,2551,101932,77.2,0,
2026-03-07,16:35:00,auto,compressorCoolStage1On,auto,Home,70,64,70.3,60,78.3,0,75,0,120,1.7,72.1,60,1,3,257,55644,2577,101929,77,0,
2026-03-07,16:40:00,auto,compressorCoolOff,auto,Home,70,64,71,63,78.3,0,225,0,225,1.3,72.3,63,1,3,241,39212,2422,101926,77,0,
2026-03-07,16:45:00,auto,compressorCoolStage1On,auto,Home,70,64,70.9,62,78.3,0,300,0,300,1.4,72.3,62,1,3,242,40169,2433,101921,77.1,0,
2026-03-07,16:50:00,auto,compressorCoolStage1On,auto,Home,70,64,70.5,60,78.3,0,300,0,300,1.7,72.2,60,1,3,247,44265,2475,101916,77,0,
2026-03-07,16:55:00,auto,compressorCoolStage1On,auto,Home,70,64,70.5,61,78.3,0,300,0,300,1.6,72.1,61,1,3,244,41402,2446,101914,76.9,0,
2026-03-07,17:00:00,auto,compressorCoolStage1On,auto,Home,70,64,70.4,61,78,0,300,0,300,1.6,72.1,61,1,3,240,38422,2414,101911,76.8,0,
2026-03-07,17:05:00,auto,compressorCoolStage1On,auto,Home,70,64,70.3,60,78,0,300,0,300,1.6,72,60,1,3,240,37972,2409,101911,76.7,0,
2026-03-07,17:10:00,auto,compressorCoolStage1On,auto,Home,70,64,70.1,60,78,0,210,0,255,1.7,71.8,60,1,3,242,39416,2425,101908,76.7,0,
2026-03-07,17:15:00,auto,compressorCoolOff,auto,Home,70,64,70.1,62,78,0,90,0,90,1.3,71.5,62,0,3,236,34805,2367,101909,76.7,0,
2026-03-07,17:20:00,auto,compressorCoolStage1On,auto,Home,70,64,70,62,78,0,210,0,255,1.5,71.6,62,1,3,232,32015,2332,101903,76.8,0,
2026-03-07,17:25:00,auto,compressorCoolOff,auto,Home,70,64,70.2,63,78,0,90,0,90,1.2,71.5,63,1,3,229,29738,2299,101898,76.9,0,
2026-03-07,17:30:00,auto,compressorCoolStage1On,auto,Home,70,64,70.6,63,78,0,300,0,300,1.2,71.9,63,1,3,224,26571,2251,101898,77.1,0,
2026-03-07,17:35:00,auto,compressorCoolStage1On,auto,Home,70,64,70.5,61,78,0,300,0,300,1.5,72,61,1,3,234,33152,2345,101896,77.2,0,
2026-03-07,17:40:00,auto,compressorCoolStage1On,auto,Home,70,64,70.4,61,78,0,300,0,300,1.5,71.9,61,0,3,248,45960,2492,101893,77.1,0,
2026-03-07,17:45:00,auto,compressorCoolStage1On,auto,Home,70,64,70.1,61,78,0,30,0,75,1.6,71.8,61,0,3,251,48681,2517,101894,77,0,
2026-03-07,17:50:00,auto,compressorCoolOff,auto,Home,70,64,70.8,64,78,0,270,0,270,1.1,71.9,64,1,3,238,36406,2387,101894,77,0,
2026-03-07,17:55:00,auto,compressorCoolStage1On,auto,Home,70,64,71.7,68,78,0,300,0,300,0.4,72.2,68,0,3,214,21112,2145,101894,77.1,0,
2026-03-07,18:00:00,auto,compressorCoolStage1On,auto,Home,70,64,72,70,78,0,300,0,300,0.1,72.2,70,1,4,198,14841,1993,101895,77,0,
2026-03-07,18:05:00,auto,compressorCoolStage1On,auto,Home,70,64,71.9,70,78,0,300,0,300,,72,70,1,4,192,12756,1927,101898,76.9,0,
2026-03-07,18:10:00,auto,compressorCoolStage1On,auto,Home,70,64,71.5,70,78,0,300,0,300,0.1,71.7,70,1,4,189,12060,1903,101904,76.7,0,
2026-03-07,18:15:00,auto,compressorCoolStage1On,auto,Home,70,64,70.8,67,78,0,300,0,300,0.5,71.4,67,0,4,193,13071,1937,101911,76.6,0,
2026-03-07,18:20:00,auto,compressorCoolStage1On,auto,Home,70,64,70.4,67,78,0,300,0,300,0.6,71.1,67,0,4,199,15006,1999,101912,76.6,0,
2026-03-07,18:25:00,auto,compressorCoolStage1On,auto,Home,70,64,70.9,70,78,0,300,0,300,0.1,71,70,0,4,191,12666,1923,101910,76.5,0,
2026-03-07,18:30:00,auto,compressorCoolStage1On,auto,Home,70,64,70.8,70,78,0,300,0,300,0.1,71,70,1,4,185,10845,1856,101908,76.5,0,
2026-03-07,18:35:00,auto,compressorCoolStage1On,auto,Home,70,64,70.7,70,78,0,300,0,300,,70.8,70,0,4,184,10639,1847,101901,76.3,0,
2026-03-07,18:40:00,auto,compressorCoolStage1On,auto,Home,70,64,70.5,70,78,0,300,0,300,0.1,70.6,70,0,4,181,9907,1816,101894,76.1,0,
2026-03-07,18:45:00,auto,compressorCoolStage1On,auto,Home,70,64,70.1,69,78,0,270,0,300,0.2,70.4,69,0,4,180,9727,1808,101889,76,0,
2026-03-07,18:50:00,auto,compressorCoolOff,auto,Home,70,64,69.8,68,78,0,0,0,15,0.3,70.2,68,0,4,177,9075,1777,101890,75.9,0,
2026-03-07,18:55:00,auto,compressorCoolOff,auto,Home,70,64,70,68,78,0,270,0,270,0.4,70.4,68,1,4,178,9385,1792,101897,75.9,0,
2026-03-07,19:00:00,auto,compressorCoolStage1On,auto,Home,71.3,64,70,67,76.4,0,60,0,105,0.4,70.5,67,1,4,177,9161,1781,101898,76.1,0,
2026-03-07,19:05:00,auto,compressorCoolOff,hold,Home,73,64,70.4,68,76.4,0,0,0,0,0.3,70.8,68,1,4,172,8100,1727,101898,76.2,0,
2026-03-07,19:10:00,auto,compressorCoolOff,hold,Home,73,64,70.6,66,76.4,0,0,0,0,0.6,71.2,66,1,4,174,8555,1751,101898,76.4,0,
2026-03-07,19:15:00,auto,compressorCoolOff,hold,Home,73,64,71,66,76.4,0,0,0,0,0.7,71.7,66,0,4,172,8153,1730,101902,76.6,0,
2026-03-07,19:20:00,auto,compressorCoolOff,hold,Home,73,64,71.3,65,76.4,0,0,0,0,0.8,72.2,65,1,4,168,7402,1687,101907,77,0,
2026-03-07,19:25:00,auto,compressorCoolOff,hold,Home,73,64,72.1,67,76.4,0,0,0,0,0.6,72.7,67,1,4,160,6218,1609,101914,77.3,0,
2026-03-07,19:30:00,auto,compressorCoolOff,hold,Home,73,64,72.4,67,76.4,0,0,0,0,0.7,73.2,67,0,4,158,5853,1584,101919,77.7,0,
2026-03-07,19:35:00,auto,compressorCoolOff,hold,Home,73,64,72.7,65,76.4,0,0,0,0,0.9,73.7,65,0,4,161,6368,1621,101920,78,0,
2026-03-07,19:40:00,auto,compressorCoolOff,hold,Home,73,64,73,65,76.4,0,165,0,165,1,74,65,0,4,162,6501,1630,101923,78.2,0,
2026-03-07,19:45:00,auto,compressorCoolStage1On,hold,Home,73,64,72.6,63,76.4,0,135,0,285,1.3,74,63,0,4,170,7740,1705,101924,78.4,0,
2026-03-07,19:50:00,auto,compressorCoolOff,hold,Home,73,64,72.8,66,76.4,0,0,0,0,0.8,73.7,66,1,4,166,7124,1670,101930,78.3,0,
2026-03-07,19:55:00,auto,compressorCoolOff,hold,Home,73,64,72.8,65,76.4,0,285,0,285,0.8,73.7,65,1,4,164,6739,1646,101936,78.3,0,
2026-03-07,20:00:00,auto,compressorCoolStage1On,hold,Home,73,64,72.4,63,75.9,0,15,0,60,1.2,73.7,63,1,4,171,7944,1718,101943,78.3,0,
2026-03-07,20:05:00,auto,compressorCoolOff,hold,Home,72.4,64,72.7,64,75.9,0,165,0,165,1,73.8,64,1,4,167,7220,1676,101956,78.3,0,
2026-03-07,20:10:00,auto,compressorCoolStage1On,hold,Home,72,64,72.1,62,75.9,0,150,0,195,1.5,73.7,62,1,4,174,8470,1745,101961,78.3,0,
2026-03-07,20:15:00,auto,compressorCoolOff,hold,Home,72,64,72.2,64,75.9,0,150,0,150,1.2,73.4,64,1,4,173,8294,1737,101960,78.2,0,
2026-03-07,20:20:00,auto,compressorCoolStage1On,hold,Home,72,64,71.9,63,75.9,0,150,0,195,1.4,73.3,63,1,4,175,8693,1758,101964,78.1,0,
2026-03-07,20:25:00,auto,compressorCoolOff,hold,Home,72,64,72.1,63,75.9,0,150,0,150,1.4,73.5,63,1,4,170,7828,1712,101968,77.8,0,
2026-03-07,20:30:00,auto,compressorCoolStage1On,hold,Home,72,64,72.1,63,75.7,0,195,0,240,1.4,73.5,63,1,4,168,7409,1688,101968,77.7,0,
2026-03-07,20:35:00,auto,compressorCoolOff,hold,Home,72,64,72.2,65,75.7,0,105,0,105,1.2,73.4,65,0,4,164,6775,1648,101967,77.5,0,
2026-03-07,20:40:00,auto,compressorCoolStage1On,hold,Home,72,64,72.2,64,75.7,0,240,0,285,1.2,73.4,64,0,4,161,6348,1620,101973,77.5,0,
2026-03-07,20:45:00,auto,compressorCoolOff,hold,Home,72,64,72.2,64,75.7,0,60,0,60,1.1,73.3,64,0,4,161,6357,1620,101978,77.4,0,
2026-03-07,20:50:00,auto,compressorCoolStage1On,hold,Home,72,64,72,64,75.7,0,255,0,300,1.2,73.3,64,0,4,159,6070,1600,101986,77.4,0,
2026-03-07,20:55:00,auto,compressorCoolOff,hold,Home,72,64,72,64,75.7,0,45,0,45,1,73.1,64,0,4,158,5953,1591,101989,77.3,0,
2026-03-07,21:00:00,auto,compressorCoolStage1On,hold,Home,72,64,72,64,75.5,0,255,0,300,1,73.1,64,1,4,155,5566,1562,101991,77.3,0,
2026-03-07,21:05:00,auto,compressorCoolOff,hold,Home,72,64,71.7,64,75.5,0,0,0,0,1,72.7,64,1,4,154,5416,1550,101991,77.2,0,
2026-03-07,21:10:00,auto,compressorCoolOff,hold,Home,72,64,71.8,65,75.5,0,15,0,15,1,72.8,65,1,4,151,5026,1517,101989,77.2,0,
2026-03-07,21:15:00,auto,compressorCoolStage1On,hold,Home,72,64,72.1,65,75.5,0,300,0,300,1,73.1,65,1,4,148,4712,1488,101990,77.2,0,
2026-03-07,21:20:00,auto,compressorCoolStage1On,hold,Home,72,64,72,64,75.5,0,195,0,240,1,73,64,0,4,146,4539,1472,101990,77.2,0,
2026-03-07,21:25:00,auto,compressorCoolOff,hold,Home,72,64,71.6,65,75.5,0,0,0,0,0.9,72.6,65,1,4,145,4430,1461,101990,77.2,0,
2026-03-07,21:30:00,auto,compressorCoolOff,hold,Home,72,64,71.9,67,75.5,0,195,0,195,0.8,72.8,67,1,4,140,3931,1408,101992,77.2,0,
2026-03-07,21:35:00,auto,compressorCoolStage1On,hold,Home,72,64,71.9,66,75.5,0,105,0,150,0.8,72.8,66,1,4,139,3824,1396,101992,77.2,0,
2026-03-07,21:40:00,auto,compressorCoolOff,hold,Home,72,64,72,67,75.5,0,195,0,195,0.7,72.8,67,0,4,137,3672,1378,101997,77.1,0,
2026-03-07,21:45:00,auto,compressorCoolStage1On,hold,Home,72,64,71.8,66,75.5,0,105,0,150,0.8,72.7,66,0,4,136,3562,1365,102002,77,0,
2026-03-07,21:50:00,auto,compressorCoolOff,hold,Home,72,64,71.6,66,75.5,0,0,0,0,0.9,72.6,66,1,4,137,3640,1374,102005,76.9,0,
2026-03-07,21:55:00,auto,compressorCoolStage1On,hold,Home,72,64,72.1,67,75.5,0,300,0,300,0.6,72.8,67,1,4,131,3218,1320,102003,77,0,
2026-03-07,22:00:00,auto,compressorCoolStage1On,hold,Home,71.3,64,71.8,66,75.4,0,300,0,300,0.8,72.6,66,1,4,140,3962,1410,101997,77,0,
2026-03-07,22:05:00,auto,compressorCoolStage1On,hold,Home,71,64,71.1,64,75.4,0,105,0,150,1,72.2,64,1,4,153,5303,1539,102002,76.8,0,
2026-03-07,22:10:00,auto,compressorCoolOff,hold,Home,71,64,71.4,66,75.4,0,195,0,195,0.8,72.2,66,1,4,152,5207,1532,102005,76.6,0,
2026-03-07,22:15:00,auto,compressorCoolStage1On,hold,Home,71,64,71.1,65,75.4,0,300,0,300,1,72.1,65,1,4,157,5774,1577,102002,76.5,0,
2026-03-07,22:20:00,auto,compressorCoolStage1On,hold,Home,71,64,70.8,64,75.4,0,30,0,75,1.1,71.9,64,1,4,164,6746,1646,101999,76.3,0,
2026-03-07,22:25:00,auto,compressorCoolOff,hold,Home,71,64,70.9,65,75.4,0,105,0,105,1,72,65,0,4,161,6369,1621,102006,76.3,0,
2026-03-07,22:30:00,auto,compressorCoolStage1On,hold,Home,71,64,71,64,75.5,0,195,0,240,1.1,72.2,64,0,4,160,6220,1610,102011,76.4,0,
2026-03-07,22:35:00,auto,compressorCoolOff,hold,Home,71,64,71.1,66,75.5,0,105,0,105,0.8,72,66,0,4,155,5593,1562,102009,76.5,0,
2026-03-07,22:40:00,auto,compressorCoolStage1On,hold,Home,71,64,71,64,75.5,0,225,0,270,1,72.1,64,0,4,149,4770,1494,102001,76.6,0,
2026-03-07,22:45:00,auto,compressorCoolOff,hold,Home,71,64,71,66,75.5,0,75,0,75,0.7,71.7,66,0,4,142,4118,1426,101987,76.6,0,
2026-03-07,22:50:00,auto,compressorCoolStage1On,hold,Home,71,64,70.8,65,75.5,0,225,0,270,0.9,71.7,65,1,4,131,3216,1320,101976,76.6,0,
2026-03-07,22:55:00,auto,compressorCoolOff,hold,Home,71,64,70.6,66,75.5,0,0,0,0,0.8,71.5,66,1,4,123,2683,1238,101968,76.7,0,
2026-03-07,23:00:00,auto,compressorCoolOff,hold,Sleep,71,64,70.8,66,75.4,0,135,0,135,0.8,71.7,66,1,4,113,2119,1136,101967,76.7,0,
2026-03-07,23:05:00,auto,compressorCoolStage1On,hold,Sleep,71,64,70.8,65,75.4,0,165,0,210,0.9,71.8,65,0,4,119,2471,1202,101965,76.9,0,
2026-03-07,23:10:00,auto,compressorCoolOff,hold,Sleep,71,64,70.8,67,75.4,0,105,0,105,0.7,71.6,67,1,4,122,2594,1225,101966,76.9,0,
2026-03-07,23:15:00,auto,compressorCoolStage1On,hold,Sleep,71,64,70.7,66,75.4,0,195,0,240,0.8,71.5,66,1,4,125,2806,1259,101960,76.8,0,
2026-03-07,23:20:00,auto,compressorCoolOff,hold,Sleep,71,64,70.8,67,75.4,0,0,0,0,0.6,71.4,67,1,4,124,2762,1252,101949,76.7,0,
2026-03-07,23:25:00,auto,compressorCoolOff,hold,Sleep,71,64,71.1,67,75.4,0,285,0,285,0.6,71.7,67,1,4,123,2650,1235,101940,76.7,0,
2026-03-07,23:30:00,auto,compressorCoolStage1On,hold,Sleep,71,64,70.8,67,75.3,0,120,0,165,0.7,71.6,67,1,4,128,2997,1288,101932,76.7,0,
2026-03-07,23:35:00,auto,compressorCoolOff,hold,Sleep,71,64,71.1,68,75.3,0,180,0,180,0.5,71.6,68,1,4,127,2961,1283,101929,76.7,0,
2026-03-07,23:40:00,auto,compressorCoolStage1On,hold,Sleep,71,64,71,66,75.3,0,120,0,165,0.7,71.7,66,1,4,132,3318,1333,101925,76.5,0,
2026-03-07,23:45:00,auto,compressorCoolOff,hold,Sleep,71,64,71.2,67,75.3,0,180,0,180,0.5,71.7,67,0,4,131,3179,1315,101927,76.4,0,
2026-03-07,23:50:00,auto,compressorCoolStage1On,hold,Sleep,71,64,70.9,66,75.3,0,120,0,165,0.7,71.7,66,1,4,137,3658,1376,101924,76.4,0,
2026-03-07,23:55:00,auto,compressorCoolOff,hold,Sleep,71,64,71.2,68,75.3,0,180,0,180,0.4,71.6,68,0,4,134,3401,1344,101922,76.4,0,
2026-03-08,00:00:00,auto,compressorCoolStage1On,hold,Sleep,70.3,66.1,70.9,66,75.3,0,300,0,300,0.6,71.5,66,1,4,135,3494,1356,101912,76.4,0,
2026-03-08,00:05:00,auto,compressorCoolStage1On,,Sleep,70,67,70.4,64,75.3,0,285,0,300,0.9,71.3,64,1,4,140,3930,1408,101906,76.2,0,
2026-03-08,00:10:00,auto,compressorCoolOff,,Sleep,70,67,70.3,65,75.3,0,15,0,45,0.7,71,65,1,4,140,3936,1408,101899,76,0,
2026-03-08,00:15:00,auto,compressorCoolStage1On,,Sleep,70,67,70.4,65,75.3,0,300,0,300,0.6,71.1,65,1,4,133,3335,1336,101893,76,0,
2026-03-08,00:20:00,auto,compressorCoolStage1On,,Sleep,70,67,70,65,75.3,0,75,0,120,0.7,70.7,65,1,4,124,2753,1250,101888,76,0,
2026-03-08,00:25:00,auto,compressorCoolOff,,Sleep,70,67,70,66,75.3,0,225,0,225,0.5,70.5,66,1,4,110,2003,1111,101888,76,0,
2026-03-08,00:30:00,auto,compressorCoolStage1On,,Sleep,70,67,69.6,65,75.3,0,75,0,120,0.7,70.3,65,1,4,111,2030,1117,101887,76,0,
2026-03-08,00:35:00,auto,compressorCoolOff,,Sleep,70,67,70,67,75.3,0,195,0,195,0.4,70.4,67,1,4,105,1767,1056,101884,75.8,0,
2026-03-08,00:40:00,auto,compressorCoolStage1On,,Sleep,70,67,69.9,66,75.3,0,135,0,180,0.6,70.6,66,0,4,106,1837,1073,101886,75.7,0,
2026-03-08,00:45:00,auto,compressorCoolOff,,Sleep,70,67,70,67,75.3,0,150,0,150,0.5,70.5,67,1,4,104,1752,1052,101888,75.6,0,
2026-03-08,00:50:00,auto,compressorCoolStage1On,,Sleep,70,67,70,66,75.3,0,180,0,225,0.5,70.6,66,1,4,107,1880,1083,101888,75.6,0,
2026-03-08,00:55:00,auto,compressorCoolOff,,Sleep,70,67,70.1,68,75.3,0,120,0,120,0.3,70.4,68,1,4,107,1864,1079,101888,75.5,0,
2026-03-08,01:00:00,auto,compressorCoolStage1On,,Sleep,70,67,69.9,66,75.5,0,180,0,225,0.5,70.4,66,1,4,110,1992,1108,101894,75.4,0,
2026-03-08,01:05:00,auto,compressorCoolOff,,Sleep,70,67,70,67,75.5,0,75,0,75,0.4,70.5,67,1,4,112,2058,1123,101895,75.4,0,
2026-03-08,01:10:00,auto,compressorCoolStage1On,,Sleep,70,67,70.1,66,75.5,0,225,0,270,0.6,70.7,66,1,4,113,2149,1141,101892,75.4,0,
2026-03-08,01:15:00,auto,compressorCoolOff,,Sleep,70,67,70,66,75.5,0,75,0,75,0.6,70.6,66,1,4,118,2397,1190,101892,75.4,0,
2026-03-08,01:20:00,auto,compressorCoolStage1On,,Sleep,70,67,69.9,65,75.5,0,225,0,270,0.7,70.7,65,1,4,120,2523,1212,101889,75.3,0,
2026-03-08,01:25:00,auto,compressorCoolOff,,Sleep,70,67,69.8,65,75.5,0,30,0,30,0.7,70.6,65,1,4,121,2560,1219,101877,75.3,0,
2026-03-08,01:30:00,auto,compressorCoolStage1On,,Sleep,70,67,70,65,75.5,0,270,0,300,0.7,70.8,65,1,4,121,2523,1213,101872,75.3,0,
2026-03-08,01:35:00,auto,compressorCoolOff,,Sleep,70,67,70.1,66,75.5,0,30,0,45,0.6,70.7,66,1,4,123,2658,1236,101869,75.3,0,
2026-03-08,01:40:00,auto,compressorCoolStage1On,,Sleep,70,67,70.3,67,75.5,0,300,0,300,0.5,70.8,67,0,4,119,2420,1195,101866,75.2,0,
2026-03-08,01:45:00,auto,compressorCoolStage1On,,Sleep,70,67,69.6,66,75.5,0,15,0,60,0.5,70.2,66,0,4,124,2726,1247,101861,75.1,0,
2026-03-08,01:50:00,auto,compressorCoolOff,,Sleep,70,67,69.4,67,75.5,0,0,0,0,0.6,70,67,0,4,125,2809,1260,101851,75.1,0,
2026-03-08,01:55:00,auto,compressorCoolOff,,Sleep,70,67,70,67,75.5,0,150,0,150,0.5,70.5,67,0,4,123,2653,1235,101847,75.2,0,
2026-03-08,03:00:00,auto,compressorCoolStage1On,,Sleep,70,67,70,66,75.3,0,150,0,195,0.6,70.6,66,1,4,124,2719,1245,101839,75.3,0,
2026-03-08,03:05:00,auto,compressorCoolOff,,Sleep,70,67,69.6,67,75.3,0,0,0,0,0.6,70.2,67,1,4,128,3003,1290,101840,75.3,0,
2026-03-08,03:10:00,auto,compressorCoolOff,,Sleep,70,67,70.1,67,75.3,0,180,0,180,0.5,70.6,67,0,4,125,2767,1254,101844,75.3,0,
2026-03-08,03:15:00,auto,compressorCoolStage1On,,Sleep,70,67,70.1,67,75.3,0,180,0,225,0.5,70.6,67,1,4,124,2721,1246,101839,75.3,0,
2026-03-08,03:20:00,auto,compressorCoolOff,,Sleep,70,67,69.5,67,75.3,0,0,0,0,0.6,70.1,67,0,4,127,2933,1279,101832,75.3,0,
2026-03-08,03:25:00,auto,compressorCoolOff,,Sleep,70,67,69.8,67,75.3,0,75,0,75,0.4,70.2,67,1,4,126,2894,1273,101829,75.3,0,
2026-03-08,03:30:00,auto,compressorCoolStage1On,,Sleep,70,67,70.1,67,75.3,0,300,0,300,0.5,70.6,67,0,4,125,2782,1256,101825,75.3,0,
2026-03-08,03:35:00,auto,compressorCoolOff,,Sleep,70,67,69.5,66,75.3,0,0,0,45,0.5,70.1,66,0,4,130,3166,1313,101820,75.2,0,
2026-03-08,03:40:00,auto,compressorCoolOff,,Sleep,70,67,69.6,67,75.3,0,0,0,0,0.5,70.2,67,0,4,131,3221,1320,101811,75.2,0,
2026-03-08,03:45:00,auto,compressorCoolOff,,Sleep,70,67,70.2,67,75.3,0,270,0,270,0.5,70.7,67,0,4,128,2987,1287,101805,75.2,0,
2026-03-08,03:50:00,auto,compressorCoolStage1On,,Sleep,70,67,69.8,66,75.3,0,120,0,165,0.5,70.4,66,1,4,131,3225,1320,101801,75.1,0,
2026-03-08,03:55:00,auto,compressorCoolOff,,Sleep,70,67,69.4,67,75.3,0,0,0,0,0.4,69.8,67,0,4,133,3334,1336,101802,75.1,0,
2026-03-08,04:00:00,auto,compressorCoolOff,,Sleep,70,67,69.8,67,75,0,45,0,45,0.5,70.3,67,0,4,131,3210,1319,101793,75.1,0,
2026-03-08,04:05:00,auto,compressorCoolStage1On,,Sleep,70,67,70.3,67,75,0,300,0,300,0.5,70.8,67,0,4,130,3101,1304,101780,75.2,0,
2026-03-08,04:10:00,auto,compressorCoolStage1On,,Sleep,70,67,69.8,66,75,0,105,0,150,0.5,70.3,66,0,4,134,3402,1345,101778,75,0,
2026-03-08,04:15:00,auto,compressorCoolOff,,Sleep,70,67,69.3,67,75,0,0,0,0,0.4,69.7,67,0,4,136,3636,1374,101779,74.9,0,
2026-03-08,04:20:00,auto,compressorCoolOff,,Sleep,70,67,69.6,67,75,0,0,0,0,0.5,70.1,67,0,4,134,3399,1344,101773,74.9,0,
2026-03-08,04:25:00,auto,compressorCoolOff,,Sleep,70,67,70.3,66,75,0,255,0,255,0.6,70.7,66,1,4,131,3233,1322,101769,74.9,0,
2026-03-08,04:30:00,auto,compressorCoolStage1On,,Sleep,70,67,69.8,65,75,0,60,0,105,0.8,70.5,65,1,4,138,3777,1390,101765,75,0,
2026-03-08,04:35:00,auto,compressorCoolOff,,Sleep,70,67,69.8,66,75,0,75,0,75,0.5,70.4,66,1,4,142,4124,1430,101766,74.9,0,
2026-03-08,04:40:00,auto,compressorCoolStage1On,,Sleep,70,67,70,65,75,0,225,0,270,0.7,70.7,65,0,4,141,4024,1419,101762,74.9,0,
2026-03-08,04:45:00,auto,compressorCoolOff,,Sleep,70,67,69.6,66,75,0,0,0,0,0.6,70.2,66,0,4,145,4385,1457,101758,74.8,0,
2026-03-08,04:50:00,auto,compressorCoolOff,,Sleep,70,67,69.5,67,75,0,0,0,0,0.6,70.1,67,0,4,146,4472,1465,101763,74.8,0,
2026-03-08,04:55:00,auto,compressorCoolOff,,Sleep,70,67,70,67,75,0,165,0,165,0.5,70.5,67,0,4,145,4416,1460,101775,74.9,0,
2026-03-08,05:00:00,auto,compressorCoolStage1On,,Sleep,70,67,69.8,65,75,0,135,0,180,0.7,70.6,65,0,4,148,4693,1486,101778,74.9,0,
2026-03-08,05:05:00,auto,compressorCoolOff,,Sleep,70,67,69.7,66,75,0,0,0,0,0.6,70.2,66,0,4,153,5292,1540,101782,74.9,0,
2026-03-08,05:10:00,auto,compressorCoolStage1On,,Sleep,70,67,70.4,66,75,0,300,0,300,0.8,70.5,66,0,4,150,4987,1513,101786,74.9,0,
2026-03-08,05:15:00,auto,compressorCoolStage1On,,Sleep,70,67,70.1,65,75,0,225,0,270,1.2,70,65,0,4,155,5486,1554,101787,74.8,0,
2026-03-08,05:20:00,auto,compressorCoolOff,,Sleep,70,67,69.7,65,75,0,0,0,0,1.3,69.1,65,0,4,175,8810,1762,101789,74.6,0,
2026-03-08,05:25:00,auto,compressorCoolOff,,Sleep,70,67,70.2,66,75,0,225,0,225,1.2,69.4,66,0,4,177,9013,1774,101794,74.5,0,
2026-03-08,05:30:00,auto,compressorCoolStage1On,,Sleep,70,67,70.3,67,75,0,300,0,300,1.3,69.2,67,0,4,177,9172,1781,101798,74.5,0,
2026-03-08,05:35:00,auto,compressorCoolStage1On,,Sleep,70,67,69.7,67,75,0,30,0,75,1.4,68.4,67,0,4,187,11558,1883,101797,74.1,0,
2026-03-08,05:40:00,auto,compressorCoolOff,,Sleep,70,67,69.6,67,75,0,0,0,0,1.4,68.2,67,0,4,195,13727,1960,101801,73.9,0,
2026-03-08,05:45:00,auto,compressorCoolOff,,Sleep,70,67,69.9,67,75,0,105,0,105,1.3,68.7,67,0,4,199,14874,1995,101810,74,0,
2026-03-08,05:50:00,auto,compressorCoolStage1On,,Sleep,70,67,70.1,67,75,0,300,0,300,1.3,69,67,0,4,198,14747,1991,101814,74,0,
2026-03-08,05:55:00,auto,compressorCoolOff,,Sleep,70,67,69.7,66,75,0,0,0,45,1.4,68.4,66,0,4,208,18355,2087,101814,74,0,
2026-03-08,06:00:00,auto,compressorCoolOff,,Sleep,70,67,69.9,66,75.1,0,75,0,75,1.4,68.7,66,0,4,210,19236,2109,101813,74,0,
2026-03-08,06:05:00,auto,compressorCoolStage1On,,Sleep,70,67,70.1,66,75.1,0,240,0,285,1.4,69.1,66,0,4,202,16119,2031,101813,74,0,
2026-03-08,06:10:00,auto,compressorCoolOff,,Sleep,70,67,69.9,67,75.1,0,0,0,0,1.3,68.6,67,0,4,206,17355,2063,101814,73.9,0,
2026-03-08,06:15:00,auto,compressorCoolOff,,Sleep,70,67,69.8,67,75.1,0,15,0,15,1.4,68.6,67,0,4,205,17228,2060,101818,73.9,0,
2026-03-08,06:20:00,auto,compressorCoolStage1On,,Sleep,70,67,70,66,75.1,0,285,0,300,1.3,69.1,66,1,4,201,15688,2018,101823,74,0,
2026-03-08,06:25:00,auto,compressorCoolOff,,Sleep,70,67,69.7,66,75.1,0,0,0,30,1.2,68.9,66,1,4,203,16335,2036,101828,73.9,0,
2026-03-08,06:30:00,auto,compressorCoolOff,,Sleep,70,67,69.7,65,75.1,0,0,0,0,1.2,69.2,65,0,4,201,15616,2016,101834,73.9,0,
2026-03-08,06:35:00,auto,compressorCoolOff,,Sleep,70,67,69.8,65,75.1,0,0,0,0,1.1,69.7,65,0,4,197,14306,1978,101841,74,0,
2026-03-08,06:40:00,auto,compressorCoolOff,,Sleep,70,67,69.8,65,75.1,0,0,0,0,1,70.1,65,0,4,195,13624,1957,101853,74.1,0,
2026-03-08,06:45:00,auto,compressorCoolOff,,Sleep,70,67,69.9,65,75.1,0,0,0,0,0.9,70.5,65,0,4,195,13568,1955,101862,74.2,0,
2026-03-08,06:50:00,auto,compressorCoolOff,,Sleep,70,67,70.1,65,75.1,0,240,0,240,0.8,70.9,65,0,4,202,16071,2029,101865,74.3,0,
2026-03-08,06:55:00,auto,compressorCoolStage1On,,Sleep,70,67,69.8,65,75.1,0,60,0,105,0.9,70.5,65,0,4,208,18619,2094,101865,74.4,0,
2026-03-08,07:00:00,auto,compressorCoolOff,,Sleep,70,67,69.8,66,75,0,0,0,0,0.9,69.9,66,0,3,214,21214,2152,101878,74.3,0,
2026-03-08,07:05:00,auto,compressorCoolStage1On,,Sleep,70,67,70.1,65,75,0,300,0,300,1.1,70.2,65,0,3,214,21070,2149,101884,74.3,0,
2026-03-08,07:10:00,auto,compressorCoolStage1On,,Sleep,70,67,69.9,65,75,0,90,0,135,1.3,69.6,65,0,3,221,25049,2222,101875,74.3,0,
2026-03-08,07:15:00,auto,compressorCoolOff,,Sleep,70,67,69.8,65,75,0,15,0,15,1.3,69.2,65,0,3,231,30966,2319,101875,74.1,0,
2026-03-08,07:20:00,auto,compressorCoolStage1On,,Sleep,70,67,70.2,65,75,0,300,0,300,1.4,69.5,65,0,3,229,29686,2300,101879,74.1,0,
2026-03-08,07:25:00,auto,compressorCoolStage1On,,Sleep,70,67,69.9,64,75,0,150,0,195,1.6,69,64,1,3,239,37927,2403,101887,74.1,0,
2026-03-08,07:30:00,auto,compressorCoolOff,,Sleep,70,67,69.4,65,75,0,0,0,0,1.4,68.5,65,1,3,252,50437,2534,101889,73.8,0,
2026-03-08,07:35:00,auto,compressorCoolOff,,Sleep,70,67,69.5,65,75,0,0,0,0,1.3,69,65,0,3,250,47965,2511,101894,73.8,0,
2026-03-08,07:40:00,auto,compressorCoolOff,,Sleep,70,67,69.8,65,75,0,0,0,0,1.2,69.7,65,0,3,248,45850,2492,101901,73.9,0,
2026-03-08,07:45:00,auto,compressorCoolOff,,Sleep,70,67,69.9,65,75,0,255,0,255,1.1,70.2,65,1,3,247,44083,2474,101907,73.9,0,
2026-03-08,07:50:00,auto,compressorCoolStage1On,,Sleep,70,67,69.4,65,75,0,45,0,90,0.8,69.8,65,1,3,249,46891,2501,101917,74,0,
2026-03-08,07:55:00,auto,compressorCoolOff,,Sleep,70.3,67.3,69,67,75,0,0,0,0,0.4,69.4,67,1,3,254,52867,2554,101927,73.9,0,
2026-03-08,08:00:00,auto,compressorCoolOff,,Home,71,68,69.4,67,75.7,0,0,0,0,0.2,69.6,67,0,3,252,49579,2526,101936,74,0,
2026-03-08,08:05:00,auto,compressorCoolOff,,Home,71,68,69.7,67,75.7,0,0,0,0,0.3,70.1,67,0,3,251,48374,2515,101947,74,0,
2026-03-08,08:10:00,auto,compressorCoolOff,,Home,71,68,70.2,67,75.7,0,0,0,0,0.4,70.6,67,0,3,249,47081,2504,101956,74.1,0,
2026-03-08,08:15:00,auto,compressorCoolOff,,Home,71,68,70.5,67,75.7,0,0,0,0,0.4,70.9,67,0,3,249,46707,2500,101956,74.2,0,
2026-03-08,08:20:00,auto,compressorCoolOff,,Home,71,68,70.7,67,75.7,0,0,0,0,0.5,71.3,67,0,3,252,49976,2530,101958,74.3,0,
2026-03-08,08:25:00,auto,compressorCoolOff,,Home,71,68,71,65,75.7,0,135,0,135,0.7,71.6,65,0,3,256,54339,2567,101959,74.5,0,
2026-03-08,08:30:00,auto,compressorCoolStage1On,,Home,71,68,71,64,75.7,0,210,0,255,1,71.6,64,0,3,254,51941,2547,101967,74.5,0,
2026-03-08,08:35:00,auto,compressorCoolOff,,Home,71,68,70.6,64,75.7,0,0,0,0,1.1,70.7,64,0,3,259,58529,2599,101978,74.4,0,
2026-03-08,08:40:00,auto,compressorCoolOff,,Home,71,68,70.7,65,75.7,0,0,0,0,1.2,70.7,65,0,3,256,55074,2573,101984,74.4,0,
2026-03-08,08:45:00,auto,compressorCoolOff,,Home,71,68,71,65,75.7,0,165,0,165,1.3,71,65,0,3,251,49339,2524,101992,74.4,0,
2026-03-08,08:50:00,auto,compressorCoolStage1On,,Home,71,68,71.1,65,75.7,0,165,0,210,1.4,70.9,65,0,3,249,46315,2496,102000,74.4,0,
2026-03-08,08:55:00,auto,compressorCoolOff,,Home,71,68,70.8,65,75.7,0,0,0,0,1.4,70.2,65,0,3,253,51005,2539,102006,74.3,0,
2026-03-08,09:00:00,auto,compressorCoolOff,,Home,71,68,70.8,65,76.1,0,0,0,0,1.4,70.3,65,0,3,250,47213,2504,102007,74.3,0,
2026-03-08,09:05:00,auto,compressorCoolOff,,Home,71,68,71.1,65,76.1,0,225,0,225,1.4,70.8,65,0,3,244,41484,2447,102008,74.3,0,
2026-03-08,09:10:00,auto,compressorCoolStage1On,,Home,71,68,70.9,65,76.1,0,120,0,165,1.4,70.6,65,0,3,243,41083,2442,102006,74.3,0,
2026-03-08,09:15:00,auto,compressorCoolOff,,Home,71,68,70.7,66,76.1,0,0,0,0,1.2,69.9,66,0,3,252,50292,2532,102007,74.1,0,
2026-03-08,09:20:00,auto,compressorCoolOff,,Home,71,68,70.8,67,76.1,0,0,0,0,1.2,70.1,67,1,3,255,52891,2555,102011,74.2,0,
2026-03-08,09:25:00,auto,compressorCoolOff,,Home,71,68,71,66,76.1,0,270,0,270,1.1,70.6,66,1,3,252,50105,2530,102017,74.2,0,
2026-03-08,09:30:00,auto,compressorCoolStage1On,,Home,71,68,70.6,66,76.1,0,30,0,75,1.1,70.2,66,0,3,250,47557,2508,102025,74.1,0,
2026-03-08,09:35:00,auto,compressorCoolOff,,Home,71,68,70.2,67,76.1,0,0,0,0,0.9,69.8,67,0,3,251,49168,2522,102036,74.1,0,
2026-03-08,09:40:00,auto,compressorCoolOff,,Home,71,68,70.3,67,76.1,0,0,0,0,0.7,70.2,67,0,3,251,49008,2521,102039,74.1,0,
2026-03-08,09:45:00,auto,compressorCoolOff,,Home,71,68,70.5,67,76.1,0,0,0,0,0.6,70.7,67,0,3,254,52397,2550,102044,74.2,0,
2026-03-08,09:50:00,auto,compressorCoolOff,,Home,71,68,70.7,67,76.1,0,0,0,0,0.5,71.2,67,0,3,256,54140,2565,102045,74.3,0,
2026-03-08,09:55:00,auto,compressorCoolOff,,Home,71,68,71.1,67,76.1,0,165,0,165,0.6,71.6,67,0,3,253,50755,2536,102042,74.4,0,
2026-03-08,10:00:00,auto,compressorCoolStage1On,,Home,71,68,71.4,66,77.1,0,270,0,300,0.7,71.6,66,0,3,248,45416,2488,102041,74.5,0,
2026-03-08,10:05:00,auto,compressorCoolOff,,Home,71,68,70.8,67,77.1,0,0,0,15,0.8,70.7,67,0,3,250,47944,2511,102035,74.4,0,
2026-03-08,10:10:00,auto,compressorCoolOff,,Home,71,68,70.8,67,77.1,0,0,0,0,1,70.4,67,0,3,252,49906,2529,102034,74.4,0,
2026-03-08,10:15:00,auto,compressorCoolStage1On,,Home,71,68,71.2,67,77.1,0,300,0,300,1,70.8,67,1,3,245,42697,2459,102034,74.5,0,
2026-03-08,10:20:00,auto,compressorCoolStage1On,,Home,71,68,70.8,67,77.1,0,90,0,135,1,70.4,67,0,3,242,39534,2426,102031,74.4,0,
2026-03-08,10:25:00,auto,compressorCoolOff,,Home,71,68,70.3,67,77.1,0,0,0,0,0.9,69.9,67,0,3,247,44504,2478,102032,74.3,0,
2026-03-08,10:30:00,auto,compressorCoolOff,,Home,71,68,70.5,67,77.1,0,0,0,0,0.7,70.4,67,0,3,246,43270,2466,102030,74.4,0,
2026-03-08,10:35:00,auto,compressorCoolOff,,Home,71,68,70.7,67,77.1,0,0,0,0,0.6,71,67,0,3,245,42809,2461,102032,74.5,0,
2026-03-08,10:40:00,auto,compressorCoolOff,,Home,71,68,70.9,67,77.1,0,45,0,45,0.5,71.4,67,0,3,244,41343,2446,102034,74.7,0,
2026-03-08,10:45:00,auto,compressorCoolStage1On,,Home,71,68,71.2,66,77.1,0,300,0,300,0.6,71.9,66,0,3,239,37288,2400,102032,74.8,0,
2026-03-08,10:50:00,auto,compressorCoolStage1On,,Home,71,68,71,66,77.1,0,120,0,165,0.7,71.4,66,0,3,240,37865,2407,102030,74.8,0,
2026-03-08,10:55:00,auto,compressorCoolOff,,Home,71,68,70.7,67,77.1,0,0,0,0,0.8,70.6,67,0,3,246,43623,2469,102025,74.6,0,
2026-03-08,11:00:00,auto,compressorCoolOff,,Home,71,68,71.1,67,77.8,0,165,0,165,0.8,70.8,67,0,3,244,41842,2450,102022,74.6,0,
2026-03-08,11:05:00,auto,compressorCoolStage1On,,Home,71,68,71.5,68,77.8,0,300,0,300,0.9,71,68,0,3,234,33087,2348,102022,74.7,0,
2026-03-08,11:10:00,auto,compressorCoolStage1On,,Home,71,68,71.3,68,77.8,0,300,0,300,0.9,70.4,68,0,3,235,34154,2362,102023,74.6,0,
2026-03-08,11:15:00,auto,compressorCoolStage1On,,Home,71,68,70.8,68,77.8,0,60,0,105,1.1,69.6,68,1,3,239,36994,2396,102018,74.5,0,
2026-03-08,11:20:00,auto,compressorCoolOff,,Home,71,68,70.3,67,77.8,0,0,0,0,1.2,69.3,67,1,3,250,48203,2514,102011,74.3,0,
2026-03-08,11:25:00,auto,compressorCoolOff,,Home,71,68,70.6,67,77.8,0,0,0,0,1.1,70,67,0,3,248,45116,2484,102011,74.4,0,
2026-03-08,11:30:00,auto,compressorCoolOff,,Home,71,68,71.1,67,78,0,165,0,165,0.9,70.7,67,1,3,243,40961,2442,102014,74.6,0,
2026-03-08,11:35:00,auto,compressorCoolStage1On,,Home,71,68,71.1,67,78,0,135,0,180,0.7,70.9,67,1,3,242,39565,2426,102011,74.7,0,
2026-03-08,11:40:00,auto,compressorCoolOff,,Home,71,68,71.1,69,78,0,165,0,165,0.4,71,69,1,3,235,34340,2363,102009,74.8,0,
2026-03-08,11:45:00,auto,compressorCoolStage1On,,Home,71,68,71.2,67,78,0,270,0,300,0.5,71.6,67,0,3,233,32754,2343,102005,74.9,0,
2026-03-08,11:50:00,auto,compressorCoolOff,,Home,71,68,71.2,66,78,0,30,0,45,0.5,71.7,66,0,3,238,36728,2394,102002,74.9,0,
2026-03-08,11:55:00,auto,compressorCoolStage1On,,Home,71,68,71.7,68,78,0,300,0,300,0.2,71.9,68,1,3,227,28806,2279,102006,74.9,0,
2026-03-08,12:00:00,auto,compressorCoolStage1On,,Home,71,68,72,69,78.2,0,300,0,300,,72.1,69,1,4,203,16788,2041,102008,74.9,0,
2026-03-08,12:05:00,auto,compressorCoolStage1On,,Home,71,68,71.3,67,78.2,0,240,0,285,0.4,71.8,67,1,4,191,12648,1920,102008,74.6,0,
2026-03-08,12:10:00,auto,compressorCoolOff,,Home,71,68,71.1,66,78.2,0,60,0,60,0.5,71.6,66,1,4,208,18535,2092,102006,74.5,0,
2026-03-08,12:15:00,auto,compressorCoolStage1On,,Home,71,68,71,65,78.2,0,255,0,300,0.6,71.7,65,1,4,206,17683,2072,102003,74.5,0,
2026-03-08,12:20:00,auto,compressorCoolOff,,Home,71,68,71.2,66,78.2,0,45,0,45,0.6,71.9,66,1,4,209,18769,2098,101998,74.5,0,
2026-03-08,12:25:00,auto,compressorCoolStage1On,,Home,71,68,71.3,65,78.2,0,300,0,300,0.7,72.1,65,1,4,208,18586,2093,101990,74.6,0,
2026-03-08,12:30:00,auto,compressorCoolStage1On,,Home,71,68,71.2,65,78.2,0,255,0,300,0.7,72,65,1,4,210,19104,2103,101980,74.6,0,
2026-03-08,12:35:00,auto,compressorCoolOff,,Home,71,68,71.2,65,78.2,0,45,0,45,0.7,71.9,65,1,4,217,22380,2174,101971,74.4,0,
2026-03-08,12:40:00,auto,compressorCoolStage1On,,Home,71,68,71.4,65,78.2,0,300,0,300,0.7,72.1,65,1,4,212,19909,2124,101967,74.5,0,
2026-03-08,12:45:00,auto,compressorCoolStage1On,,Home,71,68,71.3,66,78.2,0,15,0,60,0.6,71.9,66,1,4,212,20090,2123,101962,74.5,0,
2026-03-08,12:50:00,auto,compressorCoolOff,,Home,71,68,72.1,69,78.2,0,285,0,285,0.1,72.2,69,1,4,194,13274,1944,101958,74.5,0,
2026-03-08,12:55:00,auto,compressorCoolStage1On,,Home,71,68,72.4,69,78.2,0,300,0,300,,72.5,69,1,4,195,13636,1957,101952,74.6,0,
2026-03-08,13:00:00,auto,compressorCoolStage1On,,Home,71,68,72.3,68,78.6,0,300,0,300,0.3,72.7,68,0,4,195,13619,1956,101951,74.7,0,
2026-03-08,13:05:00,auto,compressorCoolStage1On,,Home,71,68,72.4,68,78.6,0,300,0,300,0.2,72.6,68,1,4,193,13129,1938,101949,74.6,0,
2026-03-08,13:10:00,auto,compressorCoolStage1On,,Home,71,68,72.2,68,78.6,0,300,0,300,0.3,72.6,68,1,4,186,11050,1864,101944,74.6,0,
2026-03-08,13:15:00,auto,compressorCoolStage1On,,Home,71,68,71.7,66,78.6,0,300,0,300,0.6,72.4,66,1,4,185,10965,1861,101934,74.5,0,
2026-03-08,13:20:00,auto,compressorCoolStage1On,,Home,71,68,71.2,65,78.6,0,15,0,60,0.9,72.2,65,0,4,189,12084,1901,101926,74.5,0,
2026-03-08,13:25:00,auto,compressorCoolOff,,Home,71,68,71.7,67,78.6,0,285,0,285,0.5,72.2,67,0,4,176,8852,1766,101922,74.6,0,
2026-03-08,13:30:00,auto,compressorCoolStage1On,,Home,71,68,71.8,67,78.6,0,300,0,300,0.4,72.3,67,1,4,174,8447,1745,101911,74.7,0,
2026-03-08,13:35:00,auto,compressorCoolStage1On,,Home,71,68,71.5,66,78.6,0,270,0,300,0.6,72.1,66,1,4,169,7639,1701,101901,74.7,0,
2026-03-08,13:40:00,auto,compressorCoolOff,,Home,71,68,71.6,67,78.6,0,30,0,45,0.4,72,67,1,4,169,7622,1697,101894,74.7,0,
2026-03-08,13:45:00,auto,compressorCoolStage1On,,Home,71,68,71.8,67,78.6,0,300,0,300,0.4,72.3,67,1,4,161,6375,1620,101885,74.8,0,
2026-03-08,13:50:00,auto,compressorCoolStage1On,,Home,71,68,71.6,66,78.6,0,75,0,120,0.6,72.2,66,1,4,165,6955,1658,101877,74.9,0,
2026-03-08,13:55:00,auto,compressorCoolOff,,Home,71,68,72.7,73,78.6,0,225,0,225,,72.7,73,1,4,140,3995,1407,101881,75.1,0,
2026-03-08,14:00:00,auto,compressorCoolStage1On,,Home,71,68,72.8,73,78.8,0,300,0,300,,72.8,73,1,4,128,2998,1288,101882,75.3,0,
2026-03-08,14:05:00,auto,compressorCoolStage1On,,Home,71,68,72.7,72,78.8,0,300,0,300,,72.7,72,1,4,131,3218,1320,101876,75.2,0,
2026-03-08,14:10:00,auto,compressorCoolStage1On,,Home,71,68,72.6,71,78.8,0,300,0,300,,72.6,71,1,4,130,3108,1305,101867,75.1,0,
2026-03-08,14:15:00,auto,compressorCoolStage1On,,Home,71,68,72.5,71,78.8,0,300,0,300,,72.5,71,1,4,123,2713,1244,101864,74.9,0,
2026-03-08,14:20:00,auto,compressorCoolStage1On,,Home,71,68,72.2,69,78.8,0,300,0,300,0.2,72.4,69,1,4,128,3017,1291,101860,74.6,0,
2026-03-08,14:25:00,auto,compressorCoolStage1On,,Home,71,68,72.6,72,78.8,0,300,0,300,,72.6,72,1,4,119,2467,1200,101857,74.3,0,
2026-03-08,14:30:00,auto,compressorCoolStage1On,,Home,71,68,72.6,72,78.8,0,300,0,300,,72.6,72,1,4,119,2446,1195,101852,74.3,0,
2026-03-08,14:35:00,auto,compressorCoolStage1On,,Home,71,68,72.7,77,78.8,0,300,0,300,,72.7,77,1,4,115,2260,1160,101846,74.3,0,
2026-03-08,14:40:00,auto,compressorCoolStage1On,,Home,71,68,72.8,76,78.8,0,300,0,300,,72.8,76,1,4,108,1906,1088,101838,74.3,0,
2026-03-08,14:45:00,auto,compressorCoolStage1On,,Home,71,68,72.7,71,78.8,0,300,0,300,,72.7,71,1,4,125,2789,1256,101830,74.4,0,
2026-03-08,14:50:00,auto,compressorCoolStage1On,,Home,71,68,72.7,70,78.8,0,300,0,300,,72.8,70,0,4,122,2631,1231,101826,74.5,0,
2026-03-08,14:55:00,auto,compressorCoolStage1On,,Home,71,68,72.7,68,78.8,0,300,0,300,0.2,73,68,0,4,120,2512,1211,101823,74.5,0,
2026-03-08,15:00:00,auto,compressorCoolStage1On,,Home,71,68,73,69,79,0,300,0,300,0.1,73.1,69,0,4,114,2173,1146,101819,74.4,0,
2026-03-08,15:05:00,auto,compressorCoolStage1On,,Home,71,68,73,68,79,0,300,0,300,0.3,73.3,68,1,4,113,2140,1140,101810,74.4,0,
2026-03-08,15:10:00,auto,compressorCoolStage1On,,Home,71,68,73.5,71,79,0,300,0,300,,73.5,71,1,4,96,1472,973,101813,74.5,0,
2026-03-08,15:15:00,auto,compressorCoolStage1On,,Home,71,68,73.5,72,79,0,300,0,300,,73.6,72,1,4,88,1223,893,101813,74.6,0,
2026-03-08,15:20:00,auto,compressorCoolStage1On,,Home,71,68,73.3,69,79,0,300,0,300,0.2,73.5,69,0,4,101,1616,1016,101810,74.8,0,
2026-03-08,15:25:00,auto,compressorCoolStage1On,,Home,71,68,73.5,69,79,0,300,0,300,0.2,73.7,69,1,4,88,1200,884,101808,74.9,0,
2026-03-08,15:30:00,auto,compressorCoolStage1On,,Home,71,68,73.3,66,79,0,300,0,300,0.6,73.9,66,1,4,77,941,777,101800,75.1,0,
2026-03-08,15:35:00,auto,compressorCoolStage1On,,Home,71,68,72.4,63,79,0,300,0,300,1.2,73.6,63,1,4,86,1166,872,101797,75.2,0,
2026-03-08,15:40:00,auto,compressorCoolStage1On,,Home,71,68,72.1,61,79,0,300,0,300,1.5,73.6,61,0,4,92,1336,932,101799,75.5,0,
2026-03-08,15:45:00,auto,compressorCoolStage1On,,Home,71,68,72,60,79,0,300,0,300,1.5,73.5,60,1,4,97,1468,974,101798,75.8,0,
2026-03-08,15:50:00,auto,compressorCoolStage1On,,Home,71,68,71.5,59,79,0,300,0,300,1.9,73.4,59,1,4,101,1629,1020,101796,75.8,0,
2026-03-08,15:55:00,auto,compressorCoolStage1On,,Home,71,68,71.6,60,79,0,300,0,300,1.7,73.3,60,1,4,97,1484,977,101792,75.7,0,
2026-03-08,16:00:00,auto,compressorCoolStage1On,,Home,71,68,71.6,59,78.9,0,300,0,300,1.8,73.4,59,1,4,95,1421,958,101786,75.7,0,
2026-03-08,16:05:00,auto,compressorCoolStage1On,,Home,71,68,71.6,60,78.9,0,300,0,300,1.7,73.4,60,1,4,102,1662,1029,101782,75.8,0,
2026-03-08,16:10:00,auto,compressorCoolStage1On,,Home,71,68,71.7,60,78.9,0,300,0,300,1.6,73.3,60,1,4,104,1730,1047,101783,75.8,0,
2026-03-08,16:15:00,auto,compressorCoolStage1On,,Home,71,68,71.4,58,78.9,0,300,0,300,1.9,73.3,58,1,4,109,1966,1102,101778,75.9,0,
2026-03-08,16:20:00,auto,compressorCoolStage1On,,Home,71,68,71.1,58,78.9,0,240,0,285,2,73.1,58,0,4,116,2281,1168,101778,76.1,0,
2026-03-08,16:25:00,auto,compressorCoolOff,,Home,71,68,71.6,60,78.9,0,60,0,60,1.7,73.3,60,1,4,111,2034,1116,101777,76.3,0,
2026-03-08,16:30:00,auto,compressorCoolStage1On,,Home,71,68,72.5,60,78.9,0,300,0,300,1.6,74.1,60,1,4,106,1833,1072,101780,76.7,0,
2026-03-08,16:35:00,auto,compressorCoolStage1On,,Home,71,68,72.2,58,78.9,0,300,0,300,2.1,74.3,58,1,4,113,2135,1139,101774,76.8,0,
2026-03-08,16:40:00,auto,compressorCoolStage1On,,Home,71,68,72.3,58,78.9,0,300,0,300,2.1,74.4,58,1,4,117,2315,1175,101768,76.7,0,
2026-03-08,16:45:00,auto,compressorCoolStage1On,,Home,71,68,72.4,59,78.9,0,300,0,300,1.9,74.4,59,1,4,109,1940,1097,101768,76.5,0,
2026-03-08,16:50:00,auto,compressorCoolStage1On,,Home,71,68,72,57,78.9,0,300,0,300,2.2,74.2,57,1,4,113,2116,1135,101770,76.3,0,
2026-03-08,16:55:00,auto,compressorCoolStage1On,,Home,71,68,71.6,57,78.9,0,300,0,300,2.3,74,57,1,4,117,2356,1183,101769,76.3,0,
2026-03-08,17:00:00,auto,compressorCoolStage1On,,Home,71,68,71.2,57,78.7,0,300,0,300,2.3,73.6,57,0,4,121,2582,1223,101764,76.4,0,
2026-03-08,17:05:00,auto,compressorCoolStage1On,,Home,71,68,71.2,58,78.7,0,75,0,120,2,73.2,58,1,4,122,2603,1225,101766,76.6,0,
2026-03-08,17:10:00,auto,compressorCoolOff,,Home,71,68,72,60,78.7,0,225,0,225,1.6,73.7,60,0,4,109,1943,1098,101773,76.9,0,
2026-03-08,17:15:00,auto,compressorCoolStage1On,,Home,71,68,71.6,59,78.7,0,300,0,300,1.9,73.6,59,1,4,112,2098,1131,101773,77.2,0,
2026-03-08,17:20:00,auto,compressorCoolStage1On,,Home,71,68,71.3,58,78.7,0,240,0,285,1.9,73.3,58,1,4,121,2562,1219,101770,77.2,0,
2026-03-08,17:25:00,auto,compressorCoolOff,,Home,71,68,71.4,60,78.7,0,60,0,60,1.7,73.1,60,1,4,122,2585,1223,101775,77.1,0,
2026-03-08,17:30:00,auto,compressorCoolStage1On,,Home,71,68,72.1,61,78.7,0,300,0,300,1.4,73.5,61,1,4,117,2337,1178,101779,77.3,0,
2026-03-08,17:35:00,auto,compressorCoolStage1On,,Home,71,68,73.1,67,78.7,0,300,0,300,0.6,73.8,67,1,4,89,1286,895,101783,77.3,0,
2026-03-08,17:40:00,auto,compressorCoolStage1On,,Home,71,68,74.3,71,78.7,0,300,0,300,,74.3,71,0,4,60,645,556,101787,77.1,0,
2026-03-08,17:45:00,auto,compressorCoolStage1On,,Home,71,68,74.1,70,78.7,0,300,0,300,,74.1,70,1,4,66,736,640,101786,76.8,0,
2026-03-08,17:50:00,auto,compressorCoolStage1On,,Home,71,68,73.4,71,78.7,0,300,0,300,,73.4,71,1,4,72,850,733,101778,76.5,0,
2026-03-08,17:55:00,auto,compressorCoolStage1On,,Home,71,68,72.6,70,78.7,0,300,0,300,,72.6,70,1,4,76,915,766,101779,76.3,0,
2026-03-08,18:00:00,auto,compressorCoolStage1On,,Home,71,68,72.2,71,78.4,0,300,0,300,,72.2,71,1,4,78,969,792,101781,76.1,0,
2026-03-08,18:05:00,auto,compressorCoolStage1On,,Home,71,68,71.7,71,78.4,0,300,0,300,,71.7,71,1,4,81,1027,817,101784,75.9,0,
2026-03-08,18:10:00,auto,compressorCoolStage1On,,Home,71,68,70.6,67,78.4,0,45,0,90,0.4,71,67,1,4,98,1535,985,101787,75.8,0,
2026-03-08,18:15:00,auto,compressorCoolOff,,Home,71,68,71.2,74,78.4,0,75,0,75,,71.2,74,1,4,69,806,669,101792,75.9,0,
2026-03-08,18:20:00,auto,compressorCoolStage1On,,Home,71,68,71.9,70,78.4,0,300,0,300,,72,70,1,4,64,702,622,101785,76.4,0,
2026-03-08,18:25:00,auto,compressorCoolStage1On,,Home,71,68,72.3,69,78.4,0,300,0,300,0.1,72.5,69,1,4,69,781,696,101780,76.6,0,
2026-03-08,18:30:00,auto,compressorCoolStage1On,,Home,71,68,72.4,67,78.4,0,300,0,300,0.3,72.7,67,1,4,74,888,750,101783,76.7,0,
2026-03-08,18:35:00,auto,compressorCoolStage1On,,Home,71,68,72.2,66,78.4,0,300,0,300,0.5,72.7,66,1,4,101,1637,1017,101782,76.6,0,
2026-03-08,18:40:00,auto,compressorCoolStage1On,,Home,71,68,72.2,67,78.4,0,300,0,300,0.5,72.7,67,1,4,111,2056,1122,101778,76.5,0,
2026-03-08,18:45:00,auto,compressorCoolStage1On,,Home,71,68,71.9,66,78.4,0,300,0,300,0.6,72.5,66,1,4,118,2399,1190,101776,76.3,0,
2026-03-08,18:50:00,auto,compressorCoolStage1On,,Home,71,68,71.6,66,78.4,0,300,0,300,0.5,72.2,66,1,4,124,2731,1247,101776,76,0,
2026-03-08,18:55:00,auto,compressorCoolStage1On,,Home,71,68,71.5,67,78.4,0,300,0,300,0.4,72,67,1,4,127,2942,1280,101782,75.8,0,
2026-03-08,19:00:00,auto,compressorCoolStage1On,,Home,71,68,71.3,67,78.4,0,30,0,75,0.3,71.7,67,1,4,128,3012,1289,101786,75.5,0,
2026-03-08,19:05:00,auto,compressorCoolOff,,Home,70.6,67.6,71.6,69,78.4,0,270,0,270,0.1,71.8,69,1,4,120,2487,1206,101788,75.6,0,
2026-03-08,19:10:00,auto,compressorCoolStage1On,hold,Home,69,66,71.4,69,78.4,0,300,0,300,0.2,71.6,69,1,4,126,2872,1270,101789,75.7,0,
2026-03-08,19:15:00,auto,compressorCoolStage1On,hold,Home,69,66,71,67,78.4,0,300,0,300,0.4,71.4,67,1,4,132,3302,1331,101783,75.7,0,
2026-03-08,19:20:00,auto,compressorCoolStage1On,hold,Home,69,66,70.8,66,78.4,0,300,0,300,0.5,71.4,66,1,4,133,3375,1341,101786,75.6,0,
2026-03-08,19:25:00,auto,compressorCoolStage1On,hold,Home,69,66,70.5,66,78.4,0,300,0,300,0.5,71.1,66,1,4,136,3623,1372,101790,75.5,0,
2026-03-08,19:30:00,auto,compressorCoolStage1On,hold,Home,69,66,70.2,65,78.4,0,300,0,300,0.7,70.9,65,1,4,139,3878,1402,101796,75.3,0,
2026-03-08,19:35:00,auto,compressorCoolStage1On,hold,Home,69,66,69.9,65,78.4,0,300,0,300,0.7,70.6,65,1,4,140,3890,1404,101794,75,0,
2026-03-08,19:40:00,auto,compressorCoolStage1On,hold,Home,69,66,69.7,66,78.4,0,300,0,300,0.5,70.3,66,1,4,137,3735,1382,101796,74.8,0,
2026-03-08,19:45:00,auto,compressorCoolStage1On,hold,Home,69,66,69.9,67,78.4,0,300,0,300,0.3,70.3,67,1,4,129,3070,1299,101796,74.5,0,
2026-03-08,19:50:00,auto,compressorCoolStage1On,hold,Home,69,66,69.6,67,78.4,0,300,0,300,0.4,70.1,67,1,4,129,3068,1299,101810,74.3,0,
2026-03-08,19:55:00,auto,compressorCoolStage1On,hold,Home,69,66,69.3,66,78.4,0,300,0,300,0.6,69.9,66,0,4,129,3047,1296,101818,74.1,0,
2026-03-08,20:00:00,auto,compressorCoolStage1On,hold,Home,69,66,69.1,65,77.1,0,105,0,150,0.6,69.7,65,1,4,130,3164,1312,101823,73.9,0,
2026-03-08,20:05:00,auto,compressorCoolOff,hold,Home,68.4,65.4,69.4,67,77.1,0,180,0,180,0.3,69.8,67,1,4,123,2678,1239,101841,73.8,0,
2026-03-08,20:10:00,auto,compressorCoolStage1On,hold,Home,68,65,69.6,68,77.1,0,300,0,300,0.3,69.9,68,1,4,121,2587,1223,101853,73.8,0,
2026-03-08,20:15:00,auto,compressorCoolStage1On,hold,Home,68,65,69.5,67,77.1,0,300,0,300,0.3,69.8,67,0,4,116,2288,1170,101855,73.7,0,
2026-03-08,20:20:00,auto,compressorCoolStage1On,hold,Home,68,65,68.9,65,77.1,0,300,0,300,0.8,69.7,65,1,4,124,2734,1248,101848,73.4,0,
2026-03-08,20:25:00,auto,compressorCoolStage1On,hold,Home,68.1,65,68.6,64,77.1,0,255,0,300,0.7,69.4,64,1,4,124,2767,1250,101853,73.2,0,
2026-03-08,20:30:00,auto,compressorCoolOff,hold,Home,70,65,68.4,63,77.1,0,0,0,0,0.7,69.1,63,1,4,137,3671,1376,101858,73.2,0,
2026-03-08,20:35:00,auto,compressorCoolOff,hold,Home,70,65,68.9,65,77.1,0,0,0,0,0.6,69.5,65,1,4,119,2472,1202,101864,73.2,0,
2026-03-08,20:40:00,auto,compressorCoolStage1On,hold,Home,68,65,69,64,77.1,0,300,0,300,0.8,69.8,64,1,4,120,2505,1209,101867,73.5,0,
2026-03-08,20:45:00,auto,compressorCoolStage1On,hold,Home,68,65,68.6,62,77.1,0,300,0,300,1.2,69.8,62,1,4,129,3061,1297,101877,73.7,0,
2026-03-08,20:50:00,auto,compressorCoolStage1On,hold,Home,68,65,68.6,63,77.1,0,300,0,300,1.1,69.7,63,1,4,127,2958,1282,101889,73.5,0,
2026-03-08,20:55:00,auto,compressorCoolStage1On,hold,Home,68,65,68.1,61,77.1,0,165,0,210,1.2,69.4,61,1,4,129,3089,1301,101894,73.3,0,
2026-03-08,21:00:00,auto,compressorCoolOff,hold,Home,68,65,68.4,64,76.6,0,135,0,135,0.8,69.2,64,1,4,124,2756,1247,101898,73.1,0,
2026-03-08,21:05:00,auto,compressorCoolStage1On,hold,Home,68,65,68.8,65,76.6,0,300,0,300,0.6,69.5,65,1,4,113,2118,1135,101910,73.2,0,
2026-03-08,21:10:00,auto,compressorCoolStage1On,hold,Home,68,65,69.4,68,76.6,0,300,0,300,0.1,69.6,68,1,4,94,1416,955,101924,73.3,0,
2026-03-08,21:15:00,auto,compressorCoolStage1On,hold,Home,68,65,69.9,70,76.6,0,300,0,300,,69.9,70,1,4,81,1034,817,101934,73.4,0,
2026-03-08,21:20:00,auto,compressorCoolStage1On,hold,Home,68,65,70.1,72,76.6,0,300,0,300,,70.1,72,1,4,63,681,589,101947,73.8,0,
2026-03-08,21:25:00,auto,compressorCoolStage1On,hold,Home,68,65,70.4,72,76.6,0,300,0,300,,70.4,72,1,4,55,577,531,101954,74.2,0,
2026-03-08,21:30:00,auto,compressorCoolStage1On,hold,Home,68,65,70.7,71,76.4,0,300,0,300,,70.7,71,1,4,59,624,548,101960,74.6,0,
2026-03-08,21:35:00,auto,compressorCoolStage1On,hold,Home,68,65,71.2,72,76.4,0,300,0,300,,71.2,72,1,4,56,589,535,101968,74.5,0,
2026-03-08,21:40:00,auto,compressorCoolStage1On,hold,Home,68,65,71.4,71,76.4,0,300,0,300,,71.4,71,1,4,53,550,520,101975,74.3,0,
2026-03-08,21:45:00,auto,compressorCoolStage1On,hold,Home,68,65,71.4,71,76.4,0,300,0,300,,71.4,71,1,4,52,538,516,101982,74,0,
2026-03-08,21:50:00,auto,compressorCoolStage1On,hold,Home,68,65,71.5,72,76.4,0,300,0,300,,71.5,72,1,3,52,530,512,101989,73.7,0,
2026-03-08,21:55:00,auto,compressorCoolStage1On,hold,Home,68,65,71.5,74,76.4,0,300,0,300,,71.5,74,1,3,42,423,462,101987,73.5,0,
2026-03-08,22:00:00,auto,compressorCoolStage1On,hold,Home,68,65,71.6,71,76.2,0,300,0,300,,71.6,71,1,3,49,502,500,101985,73.4,1,
2026-03-08,22:05:00,auto,compressorCoolStage1On,hold,Home,68,65,71.9,71,76.2,0,300,0,300,0.1,71.7,71,1,3,51,517,507,101982,73.5,1,
2026-03-08,22:10:00,auto,compressorCoolStage1On,hold,Home,68,65,71.9,72,76.2,0,300,0,300,0.1,71.6,72,1,3,45,454,478,101984,73.3,1,
2026-03-08,22:15:00,auto,compressorCoolStage1On,hold,Home,68,65,72.1,72,76.2,0,300,0,300,,71.7,72,1,3,41,418,460,101992,73.2,0,
2026-03-08,22:20:00,auto,compressorCoolStage1On,hold,Home,68,65,72,72,76.2,0,300,0,300,,71.6,72,1,3,38,389,444,101999,73,0,
2026-03-08,22:25:00,auto,compressorCoolStage1On,hold,Home,68,65,71.9,73,76.2,0,300,0,300,,71.3,73,1,3,33,351,422,102004,72.8,0,
2026-03-08,22:30:00,auto,compressorCoolStage1On,hold,Home,68,65,71.9,73,76.1,0,300,0,300,,71.3,73,1,3,31,329,409,102007,72.7,0,
2026-03-08,22:35:00,auto,compressorCoolStage1On,hold,Home,68,65,71.6,70,76.1,0,300,0,300,0.3,71.3,70,1,3,34,359,426,102012,72.5,0,
2026-03-08,22:40:00,auto,compressorCoolStage1On,hold,Home,68,65,71.1,67,76.1,0,300,0,300,0.6,71.4,67,1,3,46,462,482,102007,72.4,0,
2026-03-08,22:45:00,auto,compressorCoolStage1On,hold,Home,68,65,71,68,76.1,0,300,0,300,0.5,71.1,68,1,3,45,460,480,102007,72.3,0,
2026-03-08,22:50:00,auto,compressorCoolStage1On,hold,Home,68,65,71.2,71,76.1,0,300,0,300,0.2,70.9,71,1,3,33,345,417,102008,72.4,0,
2026-03-08,22:55:00,auto,compressorCoolStage1On,hold,Home,68,65,71.2,71,76.1,0,300,0,300,0.1,71,71,1,3,30,325,405,102011,72.5,0,
2026-03-08,23:00:00,auto,compressorCoolStage1On,hold,Sleep,68,65,71.1,72,76,0,300,0,300,,70.9,72,1,3,26,296,400,102013,72.6,0,
2026-03-08,23:05:00,auto,compressorCoolStage1On,hold,Sleep,68,65,70.8,74,76,0,300,0,300,,70.8,74,1,3,21,267,400,102020,72.6,0,
2026-03-08,23:10:00,auto,compressorCoolStage1On,hold,Sleep,68,65,70.9,74,76,0,300,0,300,,70.9,74,1,3,19,252,400,102030,72.6,0,
2026-03-08,23:15:00,auto,compressorCoolStage1On,hold,Sleep,68,65,71,74,76,0,300,0,300,,71,74,1,3,17,243,400,102038,72.6,0,
2026-03-08,23:20:00,auto,compressorCoolStage1On,hold,Sleep,68,65,71.2,74,76,0,300,0,300,,71.2,74,1,3,17,242,400,102042,72.6,0,
2026-03-08,23:25:00,auto,compressorCoolStage1On,hold,Sleep,68,65,71.2,73,76,0,300,0,300,,71.2,73,1,3,17,244,400,102047,72.7,0,
2026-03-08,23:30:00,auto,compressorCoolStage1On,hold,Sleep,68,65,71,70,76,0,300,0,300,,71.1,70,1,3,26,300,403,102049,72.5,0,
2026-03-08,23:35:00,auto,compressorCoolStage1On,hold,Sleep,68,65,70.8,71,76,0,300,0,300,,70.8,71,1,3,31,334,411,102052,72.4,0,
2026-03-08,23:40:00,auto,compressorCoolStage1On,hold,Sleep,68,65,70.7,70,76,0,300,0,300,,70.8,70,1,3,29,318,404,102050,72.3,0,
2026-03-08,23:45:00,auto,compressorCoolStage1On,hold,Sleep,68,65,70,67,76,0,300,0,300,0.4,70.5,67,1,3,41,421,461,102042,72.3,0,
2026-03-08,23:50:00,auto,compressorCoolStage1On,hold,Sleep,68,65,69.6,67,76,0,300,0,300,0.5,70.2,67,1,3,49,499,499,102040,72.3,0,
2026-03-08,23:55:00,auto,compressorCoolOff,hold,Sleep,72,65,69.7,68,76,0,0,0,30,0.2,70,68,1,3,48,486,493,102040,72.1,0,
2026-03-09,00:00:00,auto,compressorCoolOff,hold,Sleep,72,65,70.2,69,75.6,0,0,0,0,,70.3,69,1,3,44,447,475,102039,72.4,0,
2026-03-09,00:05:00,auto,compressorCoolOff,hold,Sleep,72,65,70.7,69,75.6,0,0,0,0,,70.8,69,1,3,44,444,473,102042,72.9,0,
2026-03-09,00:10:00,auto,compressorCoolOff,hold,Sleep,72,65,71.1,69,75.6,0,0,0,0,0.1,71.3,69,1,3,45,451,477,102049,73.4,0,
2026-03-09,00:15:00,auto,compressorCoolOff,hold,Sleep,72,65,71.5,69,75.6,0,0,0,0,0.1,71.7,69,1,3,47,480,490,102044,73.8,0,
2026-03-09,00:20:00,auto,compressorCoolOff,hold,Sleep,72,65,71.9,69,75.6,0,120,0,120,,71.9,69,0,3,49,501,500,102038,74.3,0,
2026-03-09,00:25:00,auto,compressorCoolStage1On,hold,Sleep,72,65,71.7,67,75.6,0,180,0,225,0.1,71.9,67,0,4,57,601,539,102038,74.6,0,
2026-03-09,00:30:00,auto,compressorCoolOff,hold,Sleep,72,65,71.5,69,75.6,0,0,0,0,,71.6,69,0,4,59,629,549,102042,74.8,0,
2026-03-09,00:35:00,auto,compressorCoolOff,hold,Sleep,72,65,71.9,72,75.6,0,0,0,0,,71.9,72,0,3,47,483,491,102042,75,0,
2026-03-09,00:40:00,auto,compressorCoolOff,hold,Sleep,72,65,72.3,73,75.6,0,0,0,0,,72.3,73,1,3,41,417,459,102040,75.3,0,
2026-03-09,00:45:00,auto,compressorCoolOff,hold,Sleep,72,65,72.5,73,75.6,0,285,0,285,,72.5,73,1,3,41,414,458,102030,75.6,0,
2026-03-09,00:50:00,auto,compressorCoolStage1On,hold,Sleep,72,65,72,68,75.6,0,165,0,210,0.2,72.3,68,1,3,55,583,531,102024,75.6,0,
2026-03-09,00:55:00,auto,compressorCoolOff,hold,Sleep,72,65,72.1,69,75.6,0,0,0,0,,72.1,69,1,4,61,652,558,102023,75.5,0,
2026-03-09,01:00:00,auto,compressorCoolOff,hold,Sleep,72,65,72.4,69,75.4,0,165,0,165,,72.4,69,1,4,59,626,549,102021,75.6,0,
2026-03-09,01:05:00,auto,compressorCoolStage1On,hold,Sleep,72,65,72.1,67,75.4,0,195,0,240,0.3,72.4,67,1,4,66,740,644,102010,75.7,0,
2026-03-09,01:10:00,auto,compressorCoolOff,hold,Sleep,72,65,72.2,69,75.4,0,105,0,105,,72.2,69,1,4,62,667,569,102005,75.6,0,
2026-03-09,01:15:00,auto,compressorCoolStage1On,hold,Sleep,72,65,72,68,75.4,0,210,0,255,0.1,72.2,68,1,4,61,655,568,102003,75.6,0,
2026-03-09,01:20:00,auto,compressorCoolOff,hold,Sleep,72,65,72.1,68,75.4,0,0,0,0,,72.2,68,1,4,65,726,614,101997,75.6,0,
2026-03-09,01:25:00,auto,compressorCoolOff,hold,Sleep,72,65,72.3,68,75.4,0,225,0,225,0.1,72.4,68,0,4,66,733,618,101991,75.7,0,
2026-03-09,01:30:00,auto,compressorCoolStage1On,hold,Sleep,72,65,71.7,67,75.6,0,75,0,120,0.5,72.2,67,0,4,74,880,748,101988,75.8,0,
2026-03-09,01:35:00,auto,compressorCoolOff,hold,Sleep,72,65,71.9,67,75.6,0,90,0,90,0.3,72.3,67,0,4,72,845,731,101985,75.8,0,
2026-03-09,01:40:00,auto,compressorCoolStage1On,hold,Sleep,72,65,71.8,66,75.6,0,210,0,255,0.4,72.3,66,1,4,74,881,748,101980,75.8,0,
2026-03-09,01:45:00,auto,compressorCoolOff,hold,Sleep,72,65,71.8,69,75.6,0,0,0,0,0.1,72,69,1,4,73,857,734,101978,75.8,0,
2026-03-09,01:50:00,auto,compressorCoolOff,hold,Sleep,72,65,72.1,70,75.6,0,270,0,270,,72.1,70,1,4,64,702,581,101975,75.8,0,
2026-03-09,01:55:00,auto,compressorCoolStage1On,,Sleep,70,67,72.1,69,75.6,0,300,0,300,,72.1,69,1,4,67,753,679,101969,75.6,0,
2026-03-09,02:00:00,auto,compressorCoolStage1On,,Sleep,70,67,71.5,68,75.6,0,300,0,300,0.1,71.7,68,1,4,73,857,737,101967,75.4,0,
2026-03-09,02:05:00,auto,compressorCoolStage1On,,Sleep,70,67,71.5,69,75.6,0,300,0,300,,71.5,69,1,4,75,896,757,101963,75.1,0,
2026-03-09,02:10:00,auto,compressorCoolStage1On,,Sleep,70,67,71.5,68,75.6,0,300,0,300,,71.5,68,0,4,75,911,764,101955,74.8,0,
2026-03-09,02:15:00,auto,compressorCoolStage1On,,Sleep,70,67,71,68,75.6,0,300,0,300,0.2,71.3,68,0,4,81,1037,821,101950,74.7,0,
2026-03-09,02:20:00,auto,compressorCoolStage1On,,Sleep,70,67,70.7,67,75.6,0,300,0,300,0.3,71.1,67,0,4,86,1167,873,101948,74.4,0,
2026-03-09,02:25:00,auto,compressorCoolStage1On,,Sleep,70,67,70.3,67,75.6,0,150,0,195,0.3,70.7,67,1,4,92,1338,933,101949,74.2,0,
2026-03-09,02:30:00,auto,compressorCoolOff,,Sleep,70,67,70.5,68,75.6,0,150,0,150,,70.6,68,1,4,90,1265,908,101949,74.2,0,
2026-03-09,02:35:00,auto,compressorCoolStage1On,,Sleep,70,67,70.6,68,75.6,0,300,0,300,,70.6,68,1,4,92,1328,930,101944,74.2,0,
2026-03-09,02:40:00,auto,compressorCoolStage1On,,Sleep,70,67,69.9,66,75.6,0,90,0,135,0.4,70.3,66,1,4,100,1580,1006,101941,74.2,0,
2026-03-09,02:45:00,auto,compressorCoolOff,,Sleep,70,67,70.2,69,75.6,0,210,0,210,,70.3,69,0,4,94,1397,952,101943,74.1,0,
2026-03-09,02:50:00,auto,compressorCoolStage1On,,Sleep,70,67,70,68,75.6,0,165,0,210,0.2,70.3,68,0,4,98,1518,988,101937,74,0,
2026-03-09,02:55:00,auto,compressorCoolOff,,Sleep,70,67,70.2,69,75.6,0,135,0,135,,70.3,69,0,4,97,1478,976,101929,73.9,0,
2026-03-09,03:00:00,auto,compressorCoolStage1On,,Sleep,70,67,70,67,75.5,0,180,0,225,0.3,70.4,67,0,4,99,1578,1001,101921,73.8,0,
2026-03-09,03:05:00,auto,compressorCoolOff,,Sleep,70,67,69.7,67,75.5,0,120,0,120,0.2,70,67,0,4,107,1854,1076,101917,73.7,0,
2026-03-09,03:10:00,auto,compressorCoolStage1On,,Sleep,70,67,69.7,65,75.5,0,180,0,225,0.6,70.1,65,0,4,108,1890,1084,101913,73.6,0,
2026-03-09,03:15:00,auto,compressorCoolOff,,Sleep,70,67,70,66,75.5,0,90,0,90,0.7,70,66,0,4,108,1901,1087,101912,73.6,0,
2026-03-09,03:20:00,auto,compressorCoolStage1On,,Sleep,70,67,70.1,65,75.5,0,255,0,300,0.9,70.1,65,0,4,109,1968,1102,101913,73.6,0,
2026-03-09,03:25:00,auto,compressorCoolOff,,Sleep,70,67,70.1,65,75.5,0,45,0,45,1,69.9,65,0,4,116,2273,1166,101910,73.5,0,
2026-03-09,03:30:00,auto,compressorCoolStage1On,,Sleep,70,67,70.3,66,75.5,0,300,0,300,1.1,70.1,66,0,4,111,2023,1115,101909,73.5,0,
2026-03-09,03:35:00,auto,compressorCoolStage1On,,Sleep,70,67,70,63,75.5,0,150,0,195,1.4,69.8,63,0,4,121,2573,1220,101903,73.4,0,
2026-03-09,03:40:00,auto,compressorCoolOff,,Sleep,70,67,70.1,65,75.5,0,150,0,150,1.1,69.5,65,0,4,119,2442,1197,101896,73.2,0,
2026-03-09,03:45:00,auto,compressorCoolStage1On,,Sleep,70,67,69.9,64,75.5,0,150,0,195,1.3,69.5,64,0,4,121,2549,1216,101886,73.2,0,
2026-03-09,03:50:00,auto,compressorCoolOff,,Sleep,70,67,69.9,65,75.5,0,150,0,150,1.2,69.4,65,0,4,120,2494,1208,101877,73.1,0,
2026-03-09,03:55:00,auto,compressorCoolStage1On,,Sleep,70,67,69.9,64,75.5,0,150,0,195,1.3,69.4,64,0,4,124,2724,1246,101872,73.1,0,
2026-03-09,04:00:00,auto,compressorCoolOff,,Sleep,70,67,69.9,65,75.3,0,30,0,30,1.2,69.4,65,0,4,123,2663,1236,101867,73.1,0,
2026-03-09,04:05:00,auto,compressorCoolStage1On,,Sleep,70,67,69.9,64,75.3,0,270,0,300,1.3,69.5,64,0,4,121,2569,1220,101863,73.2,0,
2026-03-09,04:10:00,auto,compressorCoolOff,,Sleep,70,67,69.8,64,75.3,0,0,0,15,1.4,69.4,64,0,4,126,2871,1269,101860,73.1,0,
2026-03-09,04:15:00,auto,compressorCoolOff,,Sleep,70,67,70,64,75.3,0,225,0,225,1.3,69.7,64,0,4,121,2577,1222,101857,73.1,0,
2026-03-09,04:20:00,auto,compressorCoolStage1On,,Sleep,70,67,69.8,63,75.3,0,75,0,120,1.4,69.5,63,0,4,128,3019,1291,101858,73.2,0,
2026-03-09,04:25:00,auto,compressorCoolOff,,Sleep,70,67,70,64,75.3,0,225,0,225,1.3,69.5,64,0,4,126,2857,1268,101858,73.2,0,
2026-03-09,04:30:00,auto,compressorCoolStage1On,,Sleep,70,67,69.6,63,75.3,0,75,0,120,1.4,69.3,63,1,4,130,3170,1313,101854,73.2,0,
2026-03-09,04:35:00,auto,compressorCoolOff,,Sleep,70,67,69.8,65,75.3,0,0,0,0,1.2,69.4,65,0,4,125,2804,1259,101846,73.2,0,
2026-03-09,04:40:00,auto,compressorCoolOff,,Sleep,70,67,69.9,65,75.3,0,0,0,0,1.1,69.8,65,0,4,122,2619,1229,101841,73.4,0,
2026-03-09,04:45:00,auto,compressorCoolOff,,Sleep,70,67,69.9,65,75.3,0,15,0,15,1,70,65,0,4,119,2468,1203,101839,73.5,0,
2026-03-09,04:50:00,auto,compressorCoolStage1On,,Sleep,70,67,70.2,66,75.3,0,300,0,300,0.7,70.3,66,0,4,113,2126,1137,101839,73.7,0,
2026-03-09,04:55:00,auto,compressorCoolStage1On,,Sleep,70,67,69.7,66,75.3,0,30,0,75,0.6,70.1,66,0,4,113,2136,1139,101835,73.7,0,
2026-03-09,05:00:00,auto,compressorCoolOff,,Sleep,70,67,69.3,65,75,0,0,0,0,0.6,69.9,65,0,4,119,2452,1200,101836,73.7,0,
2026-03-09,05:05:00,auto,compressorCoolOff,,Sleep,70,67,69.8,65,75,0,0,0,0,0.8,70.1,65,0,4,118,2385,1188,101838,73.8,0,
2026-03-09,05:10:00,auto,compressorCoolStage1On,,Sleep,70,67,70.5,65,75,0,300,0,300,0.8,70.6,65,0,4,111,2052,1121,101844,73.9,0,
2026-03-09,05:15:00,auto,compressorCoolStage1On,,Sleep,70,67,70.8,67,75,0,300,0,300,0.8,70.4,67,0,4,106,1833,1072,101842,74,0,
2026-03-09,05:20:00,auto,compressorCoolStage1On,,Sleep,70,67,70.6,68,75,0,300,0,300,0.7,69.8,68,0,4,105,1798,1063,101846,73.9,0,
2026-03-09,05:25:00,auto,compressorCoolStage1On,,Sleep,70,67,70.3,69,75,0,300,0,300,0.9,69.1,69,0,4,104,1747,1051,101853,73.7,0,
2026-03-09,05:30:00,auto,compressorCoolStage1On,,Sleep,70,67,69.6,66,75.1,0,45,0,90,1.2,68.4,66,0,4,110,2045,1114,101860,73.5,0,
2026-03-09,05:35:00,auto,compressorCoolOff,,Sleep,70,67,69.3,65,75.1,0,0,0,0,1.4,68.3,65,0,4,124,2751,1251,101862,73.4,0,
2026-03-09,05:40:00,auto,compressorCoolOff,,Sleep,70,67,69.5,65,75.1,0,0,0,0,1.4,68.7,65,0,4,124,2729,1248,101870,73.4,0,
2026-03-09,05:45:00,auto,compressorCoolOff,,Sleep,70,67,69.8,65,75.1,0,0,0,0,1.4,69.1,65,0,4,121,2559,1219,101878,73.4,0,
2026-03-09,05:50:00,auto,compressorCoolOff,,Sleep,70,67,70.2,66,75.1,0,195,0,195,1.2,69.5,66,0,4,114,2192,1148,101885,73.5,0,
2026-03-09,05:55:00,auto,compressorCoolStage1On,,Sleep,70,67,70.6,67,75.1,0,300,0,300,1,69.7,67,0,4,105,1755,1053,101893,73.7,0,
2026-03-09,06:00:00,auto,compressorCoolStage1On,,Sleep,70,67,70.3,68,75.1,0,300,0,300,0.9,69.1,68,0,4,105,1782,1060,101899,73.6,0,
2026-03-09,06:05:00,auto,compressorCoolStage1On,,Sleep,70,67,69.9,68,75.1,0,105,0,150,1,68.6,68,0,4,104,1754,1053,101912,73.4,0,
2026-03-09,06:10:00,auto,compressorCoolOff,,Sleep,70,67,69.3,65,75.1,0,0,0,0,1.3,68.2,65,0,4,121,2536,1213,101922,73.3,0,
2026-03-09,06:15:00,auto,compressorCoolOff,,Sleep,70,67,69.4,65,75.1,0,0,0,0,1.3,68.3,65,0,4,124,2754,1252,101931,73.3,0,
2026-03-09,06:20:00,auto,compressorCoolOff,,Sleep,70,67,69.5,65,75.1,0,0,0,0,1.3,68.7,65,0,4,123,2693,1242,101939,73.3,0,
2026-03-09,06:25:00,auto,compressorCoolOff,,Sleep,70,67,69.7,65,75.1,0,0,0,0,1.4,68.9,65,0,4,123,2661,1236,101942,73.4,0,
2026-03-09,06:30:00,auto,compressorCoolOff,,Sleep,70,67,70.1,65,75,0,150,0,150,1.3,69.3,65,0,4,120,2493,1207,101949,73.6,0,
2026-03-09,06:35:00,auto,compressorCoolStage1On,,Sleep,70,67,70.5,67,75,0,300,0,300,1,69.6,67,0,4,113,2122,1137,101953,73.6,0,
2026-03-09,06:40:00,auto,compressorCoolStage1On,,Sleep,70,67,70.3,68,75,0,300,0,300,0.9,69.2,68,0,4,114,2198,1152,101957,73.5,0,
2026-03-09,06:45:00,auto,compressorCoolStage1On,,Sleep,70,67,70,69,75,0,150,0,195,0.9,68.7,69,0,4,115,2233,1159,101960,73.2,0,
2026-03-09,06:50:00,auto,compressorCoolOff,,Sleep,70,67,69.3,65,75,0,0,0,0,1.2,68.1,65,0,4,130,3181,1311,101967,73,0,
2026-03-09,06:55:00,auto,compressorCoolOff,,Sleep,70,67,69.3,65,75,0,0,0,0,1.2,68.3,65,0,4,137,3668,1378,101971,73,0,
2026-03-09,07:00:00,auto,compressorCoolOff,,Sleep,70,67,69.5,65,75,0,0,0,0,1.3,68.7,65,0,4,137,3664,1378,101977,73.1,0,
2026-03-09,07:05:00,auto,compressorCoolOff,,Sleep,70,67,69.7,65,75,0,0,0,0,1.3,68.9,65,0,4,137,3660,1377,101978,73.2,0,
2026-03-09,07:10:00,auto,compressorCoolOff,,Sleep,70,67,69.9,65,75,0,0,0,0,1.3,69.2,65,0,4,135,3502,1357,101986,73.3,0,
2026-03-09,07:15:00,auto,compressorCoolOff,,Sleep,70,67,70.4,66,75,0,270,0,270,1.1,69.6,66,0,4,129,3076,1299,101989,73.5,0,
2026-03-09,07:20:00,auto,compressorCoolStage1On,,Sleep,70,67,70.4,67,75,0,300,0,300,1.1,69.6,67,0,4,123,2689,1241,101994,73.5,0,
2026-03-09,07:25:00,auto,compressorCoolStage1On,,Sleep,70,67,70.1,68,75,0,270,0,300,1,68.9,68,0,4,122,2606,1227,101999,73.4,0,
2026-03-09,07:30:00,auto,compressorCoolOff,,Sleep,70,67,69.5,66,75,0,0,0,15,1.2,68.3,66,0,4,125,2825,1259,102003,73.2,0,
2026-03-09,07:35:00,auto,compressorCoolOff,,Sleep,70,67,69.2,65,75,0,0,0,0,1.4,68.2,65,0,4,136,3614,1372,102005,73.1,0,
2026-03-09,07:40:00,auto,compressorCoolOff,,Sleep,70,67,69.4,65,75,0,0,0,0,1.3,68.4,65,0,4,135,3490,1356,102019,73.1,0,
2026-03-09,07:45:00,auto,compressorCoolOff,,Sleep,70,67,69.6,65,75,0,0,0,0,1.3,68.8,65,0,4,134,3421,1347,102026,73.2,0,
2026-03-09,07:50:00,auto,compressorCoolOff,,Sleep,70,67,69.8,65,75,0,0,0,0,1.4,69.1,65,0,4,132,3299,1331,102031,73.3,0,
2026-03-09,07:55:00,auto,compressorCoolOff,,Sleep,70.2,67.2,69.9,65,75,0,0,0,0,1.3,69.3,65,0,4,130,3138,1309,102035,73.4,0,
2026-03-09,08:00:00,auto,compressorCoolOff,,Home,71,68,70.2,65,75.1,0,0,0,0,1.3,69.5,65,0,4,130,3115,1306,102040,73.5,0,
2026-03-09,08:05:00,auto,compressorCoolOff,,Home,71,68,70.4,65,75.1,0,0,0,0,1.2,69.9,65,0,4,128,3000,1289,102047,73.6,0,
2026-03-09,08:10:00,auto,compressorCoolOff,,Home,71,68,70.6,65,75.1,0,0,0,0,1.2,70.2,65,0,4,127,2922,1278,102050,73.7,0,
2026-03-09,08:15:00,auto,compressorCoolOff,,Home,71,68,70.7,65,75.1,0,0,0,0,1.2,70.3,65,0,4,126,2878,1271,102052,73.8,0,
2026-03-09,08:20:00,auto,compressorCoolOff,,Home,71,68,71,65,75.1,0,135,0,135,1.2,70.6,65,0,4,126,2838,1265,102060,73.9,0,
2026-03-09,08:25:00,auto,compressorCoolStage1On,,Home,71,68,71.2,65,75.1,0,300,0,300,1.1,70.8,65,0,4,121,2580,1223,102070,74,0,
2026-03-09,08:30:00,auto,compressorCoolOff,,Home,71,68,70.8,66,75.1,0,0,0,45,1.2,70.2,66,0,4,126,2881,1268,102081,73.9,0,
2026-03-09,08:35:00,auto,compressorCoolOff,,Home,71,68,70.4,65,75.1,0,0,0,0,1.3,69.7,65,0,4,139,3836,1398,102090,73.8,0,
2026-03-09,08:40:00,auto,compressorCoolOff,,Home,71,68,70.4,65,75.1,0,0,0,0,1.3,69.7,65,0,4,139,3876,1402,102089,73.8,0,
2026-03-09,08:45:00,auto,compressorCoolOff,,Home,71,68,70.6,65,75.1,0,0,0,0,1.2,70,65,0,4,139,3846,1399,102095,73.8,0,
2026-03-09,08:50:00,auto,compressorCoolOff,,Home,71,68,70.8,65,75.1,0,0,0,0,1.2,70.3,65,0,4,139,3808,1394,102104,73.9,0,
2026-03-09,08:55:00,auto,compressorCoolOff,,Home,71,68,71,65,75.1,0,165,0,165,1.2,70.6,65,0,4,136,3582,1367,102108,73.9,0,
2026-03-09,09:00:00,auto,compressorCoolStage1On,,Home,71,68,71.3,66,75.8,0,300,0,300,1,70.8,66,0,4,130,3099,1303,102110,74,0,
2026-03-09,09:05:00,auto,compressorCoolStage1On,,Home,71,68,70.8,65,75.8,0,135,0,180,1.2,70.2,65,0,4,128,3011,1289,102113,73.9,0,
2026-03-09,09:10:00,auto,compressorCoolOff,,Home,71,68,70.1,64,75.8,0,0,0,0,1.4,69.5,64,0,4,148,4706,1487,102116,73.7,0,
2026-03-09,09:15:00,auto,compressorCoolOff,,Home,71,68,70.2,65,75.8,0,0,0,0,1.3,69.5,65,0,4,146,4490,1467,102121,73.6,0,
2026-03-09,09:20:00,auto,compressorCoolOff,,Home,71,68,70.4,65,75.8,0,0,0,0,1.3,69.8,65,0,4,145,4453,1463,102127,73.7,0,
2026-03-09,09:25:00,auto,compressorCoolOff,,Home,71,68,70.6,65,75.8,0,0,0,0,1.2,70.1,65,0,4,144,4292,1447,102128,73.8,0,
2026-03-09,09:30:00,auto,compressorCoolOff,,Home,71,68,70.8,65,76.2,0,0,0,0,1.2,70.4,65,0,4,142,4128,1430,102130,73.8,0,
2026-03-09,09:35:00,auto,compressorCoolOff,,Home,71,68,71.2,66,76.2,0,270,0,270,1,70.8,66,0,4,137,3716,1382,102130,73.9,0,
2026-03-09,09:40:00,auto,compressorCoolStage1On,,Home,71,68,71.3,67,76.2,0,300,0,300,0.9,70.8,67,0,4,129,3065,1299,102127,73.8,0,
2026-03-09,09:45:00,auto,compressorCoolStage1On,,Home,71,68,70.3,63,76.2,0,30,0,75,1.4,69.9,63,1,4,145,4516,1455,102127,73.6,0,
2026-03-09,09:50:00,auto,compressorCoolOff,,Home,71,68,70,63,76.2,0,0,0,0,1.2,69.7,63,0,4,158,5970,1592,102132,73.5,0,
2026-03-09,09:55:00,auto,compressorCoolOff,,Home,71,68,70.2,64,76.2,0,0,0,0,1,70.1,64,0,4,160,6160,1607,102142,73.5,0,
2026-03-09,10:00:00,auto,compressorCoolOff,,Home,71,68,70.4,65,76.8,0,0,0,0,0.9,70.4,65,0,4,163,6634,1639,102148,73.6,0,
2026-03-09,10:05:00,auto,compressorCoolOff,,Home,71,68,70.4,65,76.8,0,0,0,0,0.7,70.6,65,0,4,166,7107,1670,102146,73.6,0,
2026-03-09,10:10:00,auto,compressorCoolOff,,Home,71,68,70.4,65,76.8,0,0,0,0,0.6,70.8,65,0,4,167,7239,1678,102146,73.7,0,
2026-03-09,10:15:00,auto,compressorCoolOff,,Home,71,68,70.5,65,76.8,0,0,0,0,0.6,71,65,0,4,167,7198,1675,102152,73.8,0,
2026-03-09,10:20:00,auto,compressorCoolOff,,Home,71,68,70.7,65,76.8,0,0,0,0,0.8,71.2,65,1,4,166,7111,1670,102164,73.9,0,
2026-03-09,10:25:00,auto,compressorCoolOff,,Home,71,68,70.8,65,76.8,0,0,0,0,0.9,71.4,65,1,4,167,7325,1682,102173,74,0,
2026-03-09,10:30:00,auto,compressorCoolOff,,Home,71,68,70.9,65,76.8,0,0,0,0,0.7,71.6,65,0,4,177,9176,1782,102172,74.1,0,
2026-03-09,10:35:00,auto,compressorCoolOff,,Home,71,68,70.9,64,76.8,0,270,0,270,0.7,71.7,64,0,4,179,9620,1803,102177,74.2,0,
2026-03-09,10:40:00,auto,compressorCoolStage1On,,Home,73.5,68,70.8,62,76.8,0,30,0,75,0.6,71.5,62,0,4,187,11371,1876,102182,74.1,0,
2026-03-09,10:45:00,auto,compressorCoolOff,auto,Home,74,68,70.9,63,76.8,0,0,0,0,0.5,71.5,63,0,4,186,11199,1870,102184,74.1,0,
2026-03-09,10:50:00,auto,compressorCoolOff,auto,Home,74,68,71.2,64,76.8,0,0,0,0,0.5,71.7,64,1,4,183,10523,1843,102184,74.1,0,
2026-03-09,10:55:00,auto,compressorCoolOff,auto,Home,74,68,71.4,65,76.8,0,0,0,45,0.4,71.9,65,1,4,182,10247,1831,102189,74.1,0,
2026-03-09,11:00:00,auto,compressorCoolOff,auto,Home,74.1,68,71.6,65,77.8,0,0,0,270,0.4,72,65,0,4,179,9496,1797,102193,74.3,0,
2026-03-09,11:05:00,auto,compressorCoolOff,auto,Home,75,68,71.7,67,77.8,0,0,0,0,0.2,71.9,67,0,4,173,8247,1735,102195,74.3,0,
2026-03-09,11:10:00,auto,compressorCoolOff,auto,Home,75,68,71.7,67,77.8,0,0,0,0,0.3,72,67,1,4,173,8266,1736,102199,74.4,0,
2026-03-09,11:15:00,auto,compressorCoolOff,auto,Home,75,68,72.1,67,77.8,0,0,0,0,0.3,72.4,67,0,4,174,8561,1752,102205,74.5,0,
2026-03-09,11:20:00,auto,compressorCoolOff,auto,Home,75,68,72.4,67,77.8,0,0,0,0,0.3,72.8,67,0,4,175,8739,1761,102204,74.7,0,
2026-03-09,11:25:00,auto,compressorCoolOff,auto,Home,75,68,72.6,67,77.8,0,0,0,0,0.3,73,67,0,4,176,8832,1766,102211,74.9,0,
2026-03-09,11:30:00,auto,compressorCoolOff,auto,Home,75,68,72.9,67,77.8,0,0,0,0,0.3,73.2,67,0,4,176,8803,1764,102216,75.1,0,
2026-03-09,11:35:00,auto,compressorCoolOff,auto,Home,75,68,73.2,67,77.8,0,0,0,0,0.3,73.5,67,0,4,175,8761,1762,102214,75.3,0,
2026-03-09,11:40:00,auto,compressorCoolOff,auto,Home,75,68,73.4,66,77.8,0,0,0,180,0.3,73.7,66,0,4,175,8692,1758,102212,75.4,0,
2026-03-09,11:45:00,auto,compressorCoolOff,auto,Home,75,68,73.5,68,77.8,0,0,0,270,0.2,73.6,68,0,4,171,7902,1716,102217,75.5,0,
2026-03-09,11:50:00,auto,compressorCoolOff,auto,Home,75,68,73.7,69,77.8,0,0,0,0,0.2,73.5,69,0,4,168,7478,1692,102220,75.6,0,
2026-03-09,11:55:00,auto,compressorCoolOff,auto,Home,75,68,74.1,69,77.8,0,0,0,0,0.3,73.8,69,0,4,169,7506,1694,102219,75.8,0,
2026-03-09,12:00:00,auto,compressorCoolOff,auto,Home,75,68,74.4,68,78.4,0,0,0,0,0.3,74.2,68,0,4,168,7518,1694,102217,76,0,
2026-03-09,12:05:00,auto,compressorCoolOff,auto,Home,75,68,74.5,66,78.4,0,0,0,0,0.7,74.5,66,0,4,168,7408,1688,102218,76.2,0,
2026-03-09,12:10:00,auto,compressorCoolOff,auto,Home,75,68,74.7,66,78.4,0,60,0,180,0.8,74.7,66,0,4,167,7320,1683,102218,76.4,0,
2026-03-09,12:15:00,auto,compressorCoolStage1On,auto,Home,75,68,74.6,65,78.4,0,240,0,285,0.9,74.7,65,0,4,170,7828,1711,102213,76.6,0,
2026-03-09,12:20:00,auto,compressorCoolOff,auto,Home,75,68,74.3,65,78.4,0,0,0,0,1.1,74.4,65,0,4,177,9226,1784,102209,76.5,0,
2026-03-09,12:25:00,auto,compressorCoolOff,auto,Home,75,68,74.5,66,78.4,0,0,0,0,0.9,74.6,66,0,4,174,8500,1748,102210,76.5,0,
2026-03-09,12:30:00,auto,compressorCoolOff,auto,Home,74,68,74.5,65,78.6,0,285,0,285,1,74.7,65,1,4,173,8218,1734,102211,76.7,0,
2026-03-09,12:35:00,auto,compressorCoolStage1On,hold,Home,74,68,74.2,64,78.6,0,255,0,300,1.1,74.6,64,1,4,176,8915,1769,102206,76.5,0,
2026-03-09,12:40:00,auto,compressorCoolOff,hold,Home,74,68,73.8,63,78.6,0,30,0,30,1.2,74.4,63,0,4,179,9433,1794,102204,76.3,0,
2026-03-09,12:45:00,auto,compressorCoolStage1On,hold,Home,74,68,73.9,64,78.6,0,270,0,300,1,74.4,64,0,4,172,8065,1725,102202,76.4,0,
2026-03-09,12:50:00,auto,compressorCoolOff,hold,Home,74,68,73.9,65,78.6,0,30,0,45,0.7,74.3,65,1,4,171,8004,1721,102187,76.4,0,
2026-03-09,12:55:00,auto,compressorCoolStage1On,hold,Home,74,68,73.9,65,78.6,0,270,0,300,0.5,74.4,65,1,4,165,6861,1654,102175,76.5,0,
2026-03-09,13:00:00,auto,compressorCoolOff,hold,Home,73.9,68,73.9,66,78.7,0,30,0,45,0.4,74.4,66,1,4,165,6937,1657,102176,76.6,0,
2026-03-09,13:05:00,auto,compressorCoolStage1On,hold,Home,73,68,74.1,66,78.7,0,300,0,300,0.3,74.5,66,1,4,159,6048,1597,102181,76.7,0,
2026-03-09,13:10:00,auto,compressorCoolStage1On,hold,Home,73,68,73.8,65,78.7,0,300,0,300,0.5,74.4,65,1,4,165,6997,1663,102184,76.8,0,
2026-03-09,13:15:00,auto,compressorCoolStage1On,hold,Home,73,68,73.2,63,78.7,0,255,0,300,0.9,74.2,63,1,4,169,7627,1699,102167,76.8,0,
2026-03-09,13:20:00,auto,compressorCoolOff,hold,Home,73,68,73.6,66,78.7,0,45,0,45,0.4,74.1,66,0,4,165,7000,1659,102158,76.8,0,
2026-03-09,13:25:00,auto,compressorCoolStage1On,hold,Home,73,68,74,66,78.7,0,300,0,300,0.3,74.3,66,0,4,157,5799,1579,102149,77,0,
2026-03-09,13:30:00,auto,compressorCoolStage1On,hold,Home,73,68,73.4,64,78.7,0,300,0,300,0.8,74.2,64,0,4,166,7201,1674,102137,77.1,0,
2026-03-09,13:35:00,auto,compressorCoolOff,hold,Home,73,68,73.4,65,78.7,0,0,0,45,0.6,74,65,1,4,167,7318,1680,102127,77.1,0,
2026-03-09,13:40:00,auto,compressorCoolStage1On,hold,Home,73,68,74,67,78.7,0,300,0,300,0.2,74.2,67,1,4,158,5926,1589,102124,77.3,0,
2026-03-09,13:45:00,auto,compressorCoolStage1On,hold,Home,73,68,74.3,71,78.7,0,300,0,300,,74.4,71,1,4,152,5218,1526,102121,77.3,0,
2026-03-09,13:50:00,auto,compressorCoolStage1On,hold,Home,73,68,74.8,71,78.7,0,300,0,300,,74.8,71,1,4,141,4075,1423,102111,77.1,0,
2026-03-09,13:55:00,auto,compressorCoolStage1On,hold,Home,73,68,74.5,67,78.7,0,300,0,300,0.4,75,67,1,4,148,4786,1485,102104,77,0,
2026-03-09,14:00:00,auto,compressorCoolStage1On,hold,Home,73,68,73.3,62,78.8,0,300,0,300,1.1,74.5,62,1,4,173,8285,1737,102100,76.9,0,
2026-03-09,14:05:00,auto,compressorCoolOff,hold,Home,73,68,73.3,63,78.8,0,0,0,45,0.9,74.2,63,1,4,171,7956,1717,102101,76.9,0,
2026-03-09,14:10:00,auto,compressorCoolStage1On,hold,Home,73,68,73.9,65,78.8,0,300,0,300,0.7,74.6,65,1,4,162,6446,1627,102098,77.1,0,
2026-03-09,14:15:00,auto,compressorCoolStage1On,hold,Home,73,68,73.5,63,78.8,0,300,0,300,1.1,74.6,63,0,4,167,7195,1675,102093,77.4,0,
2026-03-09,14:20:00,auto,compressorCoolStage1On,hold,Home,73,68,73.2,62,78.8,0,300,0,300,1.1,74.3,62,1,4,170,7778,1709,102086,77.4,0,
2026-03-09,14:25:00,auto,compressorCoolStage1On,hold,Home,73,68,73,63,78.8,0,60,0,105,0.9,74,63,1,4,168,7496,1692,102085,77.5,0,
2026-03-09,14:30:00,auto,compressorCoolOff,hold,Home,73,68,73.7,66,78.9,0,240,0,240,0.3,74,66,1,4,154,5369,1545,102084,77.8,0,
2026-03-09,14:35:00,auto,compressorCoolStage1On,hold,Home,73,68,73.7,64,78.9,0,300,0,300,0.7,74.5,64,1,4,157,5780,1578,102086,78,0,
2026-03-09,14:40:00,auto,compressorCoolStage1On,hold,Home,73,68,73.6,63,78.9,0,300,0,300,1,74.6,63,1,4,163,6605,1637,102082,78.1,0,
2026-03-09,14:45:00,auto,compressorCoolStage1On,hold,Home,73,68,73.5,61,78.9,0,300,0,300,1.3,74.8,61,1,4,165,6974,1661,102074,78,0,
2026-03-09,14:50:00,auto,compressorCoolStage1On,hold,Home,73,68,73.4,61,78.9,0,300,0,300,1.4,74.8,61,1,4,167,7232,1677,102068,77.9,0,
2026-03-09,14:55:00,auto,compressorCoolStage1On,hold,Home,73,68,73.2,60,78.9,0,165,0,210,1.4,74.7,60,0,4,167,7224,1677,102064,77.7,0,
2026-03-09,15:00:00,auto,compressorCoolOff,hold,Home,73,68,73.9,63,79,0,135,0,135,1,74.9,63,1,4,155,5515,1556,102061,77.8,0,
2026-03-09,15:05:00,auto,compressorCoolStage1On,hold,Home,73,68,74,62,79,0,300,0,300,1.2,75.2,62,1,4,152,5186,1530,102054,78.1,0,
2026-03-09,15:10:00,auto,compressorCoolStage1On,hold,Home,73,68,73.9,61,79,0,300,0,300,1.4,75.4,61,0,4,155,5458,1553,102052,78,0,
2026-03-09,15:15:00,auto,compressorCoolStage1On,hold,Home,73,68,73.9,61,79,0,300,0,300,1.4,75.3,61,0,4,154,5403,1549,102048,77.9,0,
2026-03-09,15:20:00,auto,compressorCoolStage1On,hold,Home,73,68,73.7,61,79,0,300,0,300,1.5,75.2,61,1,4,154,5356,1545,102041,77.6,0,
2026-03-09,15:25:00,auto,compressorCoolStage1On,hold,Home,73,68,73.7,61,79,0,300,0,300,1.4,75.2,61,0,4,153,5311,1541,102030,77.5,0,
2026-03-09,15:30:00,auto,compressorCoolStage1On,hold,Home,73,68,73.5,60,79.1,0,300,0,300,1.5,75.1,60,0,4,154,5400,1549,102020,77.3,0,
2026-03-09,15:35:00,auto,compressorCoolStage1On,hold,Home,73,68,73.5,60,79.1,0,90,0,135,1.5,75,60,0,4,153,5264,1536,102005,77.2,0,
2026-03-09,15:40:00,auto,compressorCoolOff,hold,Home,73,68,74.3,62,79.1,0,210,0,210,1.1,75.5,62,0,4,139,3820,1395,101995,77.3,0,
2026-03-09,15:45:00,auto,compressorCoolStage1On,hold,Home,73,68,74.4,61,79.1,0,300,0,300,1.4,75.8,61,1,4,140,3940,1409,101988,77.8,0,
2026-03-09,15:50:00,auto,compressorCoolStage1On,hold,Home,73,68,74.2,60,79.1,0,300,0,300,1.6,75.9,60,0,4,144,4270,1445,101986,77.8,0,
2026-03-09,15:55:00,auto,compressorCoolStage1On,hold,Home,73,68,74,59,79.1,0,300,0,300,1.8,75.9,59,0,4,146,4471,1465,101986,77.9,0,
2026-03-09,16:00:00,auto,compressorCoolStage1On,hold,Home,73,68,73.9,59,79.1,0,300,0,300,1.9,75.9,59,1,4,146,4489,1467,101985,77.9,0,
2026-03-09,16:05:00,auto,compressorCoolStage1On,hold,Home,73,68,73.8,58,79.1,0,300,0,300,2,75.8,58,0,4,146,4485,1467,101980,77.9,0,
2026-03-09,16:10:00,auto,compressorCoolStage1On,hold,Home,73,68,73.6,57,79.1,0,300,0,300,2.1,75.8,57,1,4,146,4467,1465,101975,78,0,
2026-03-09,16:15:00,auto,compressorCoolStage1On,hold,Home,73,68,73.5,57,79.1,0,300,0,300,2.2,75.8,57,1,4,144,4349,1453,101971,77.9,0,
2026-03-09,16:20:00,auto,compressorCoolStage1On,hold,Home,73,68,73.4,57,79.1,0,300,0,300,2.2,75.7,57,1,4,144,4267,1445,101972,77.7,0,
2026-03-09,16:25:00,auto,compressorCoolStage1On,hold,Home,73,68,73.5,57,79.1,0,300,0,300,2.3,75.8,57,0,4,142,4157,1433,101973,77.5,0,
2026-03-09,16:30:00,auto,compressorCoolStage1On,hold,Home,73,68,73.5,57,79.1,0,300,0,300,2.3,75.8,57,1,4,140,3942,1409,101971,77.2,0,
2026-03-09,16:35:00,auto,compressorCoolStage1On,hold,Home,73,68,73.5,57,79.1,0,300,0,300,2.4,75.9,57,1,4,138,3804,1394,101970,77.1,0,
2026-03-09,16:40:00,auto,compressorCoolStage1On,hold,Home,73,68,73.5,57,79.1,0,300,0,300,2.3,75.9,57,1,4,139,3877,1402,101965,77,0,
2026-03-09,16:45:00,auto,compressorCoolStage1On,hold,Home,73,68,73.5,57,79.1,0,300,0,300,2.3,75.9,57,1,4,137,3660,1377,101963,77,0,
2026-03-09,16:50:00,auto,compressorCoolStage1On,hold,Home,73,68,73.5,56,79.1,0,300,0,300,2.3,75.8,56,1,4,138,3769,1390,101958,77,0,
2026-03-09,16:55:00,auto,compressorCoolStage1On,hold,Home,73,68,73.1,56,79.1,0,300,0,300,2.4,75.6,56,1,4,139,3803,1394,101946,77.1,0,
2026-03-09,17:00:00,auto,compressorCoolStage1On,hold,Home,73,68,73.3,57,78.9,0,75,0,120,2,75.4,57,1,4,135,3516,1357,101942,77.3,0,
2026-03-09,17:05:00,auto,compressorCoolOff,hold,Home,73,68,75.2,65,78.9,0,225,0,225,0.6,75.8,65,1,4,104,1776,1047,101947,77.6,0,
2026-03-09,17:10:00,auto,compressorCoolStage1On,hold,Home,73,68,75.5,65,78.9,0,300,0,300,0.7,76.3,65,1,4,96,1471,975,101946,78,0,
2026-03-09,17:15:00,auto,compressorCoolStage1On,hold,Home,73,68,75.6,65,78.9,0,300,0,300,0.7,76.4,65,1,4,93,1348,936,101942,78.2,0,
2026-03-09,17:20:00,auto,compressorCoolStage1On,hold,Home,73,68,75.7,65,78.9,0,300,0,300,0.7,76.4,65,0,4,90,1276,912,101942,78.2,0,
2026-03-09,17:25:00,auto,compressorCoolStage1On,hold,Home,73,68,75.1,63,78.9,0,300,0,300,1,76.1,63,1,4,97,1505,984,101940,78.2,0,
2026-03-09,17:30:00,auto,compressorCoolStage1On,hold,Home,73,68,75.2,66,78.9,0,300,0,300,0.6,75.8,66,1,4,89,1237,897,101939,78.2,0,
2026-03-09,17:35:00,auto,compressorCoolStage1On,hold,Home,73,68,75.7,71,78.9,0,300,0,300,,75.7,71,1,4,70,798,703,101942,78.2,0,
2026-03-09,17:40:00,auto,compressorCoolStage1On,hold,Home,73,68,74.7,74,78.9,0,300,0,300,,74.7,74,1,4,64,701,589,101941,78.2,0,
2026-03-09,17:45:00,auto,compressorCoolStage1On,hold,Home,73,68,73.8,75,78.9,0,300,0,300,,73.8,75,1,4,64,703,586,101942,78.2,0,
2026-03-09,17:50:00,auto,compressorCoolStage1On,hold,Home,73,68,73.1,75,78.9,0,165,0,210,,73.1,75,0,4,73,862,738,101943,78.4,0,
2026-03-09,17:55:00,auto,compressorCoolOff,hold,Home,70.7,67.2,72.7,77,78.9,0,135,0,135,,72.7,77,0,4,71,818,716,101944,78.6,0,
2026-03-09,18:00:00,auto,compressorCoolStage1On,HKhold,Home,70,67,72.9,77,78.3,0,300,0,300,,72.7,77,1,4,66,731,633,101940,79.1,1,
2026-03-09,18:05:00,auto,compressorCoolStage1On,HKhold,Home,70,67,73.3,79,78.3,0,300,0,300,0.2,72.3,79,1,4,59,621,547,101946,79.3,1,
2026-03-09,18:10:00,auto,compressorCoolStage1On,HKhold,Home,70,67,73.7,77,78.3,0,300,0,300,0.4,72.2,77,1,4,61,659,560,101950,79.4,1,
2026-03-09,18:15:00,auto,compressorCoolStage1On,HKhold,Home,70,67,73.9,76,78.3,0,300,0,300,0.6,72,76,0,4,64,693,571,101956,79.4,0,
2026-03-09,18:20:00,auto,compressorCoolStage1On,HKhold,Home,70,67,74,76,78.3,0,300,0,300,0.8,71.8,76,0,4,66,729,629,101956,79.3,0,
2026-03-09,18:25:00,auto,compressorCoolStage1On,HKhold,Home,70,67,74,75,78.3,0,300,0,300,1,71.5,75,1,4,68,762,680,101960,79.3,0,
2026-03-09,18:30:00,auto,compressorCoolStage1On,HKhold,Home,70,67,73.9,75,78.3,0,300,0,300,1.1,71.1,75,1,4,68,763,686,101959,79.2,0,
2026-03-09,18:35:00,auto,compressorCoolStage1On,HKhold,Home,70,67,73.6,75,78.3,0,300,0,300,1.2,70.5,75,1,4,66,741,649,101957,79.2,0,
2026-03-09,18:40:00,auto,compressorCoolStage1On,HKhold,Home,70,67,73.2,76,78.3,0,300,0,300,1.2,70,76,1,4,64,693,571,101962,79.3,0,
2026-03-09,18:45:00,auto,compressorCoolStage1On,HKhold,Home,70,67,72.7,77,78.3,0,300,0,300,1.1,69.8,77,0,4,61,654,558,101963,79.2,0,
2026-03-09,18:50:00,auto,compressorCoolStage1On,HKhold,Home,70,67,72.2,77,78.3,0,300,0,300,0.9,69.5,77,1,4,60,641,554,101966,79.2,0,
2026-03-09,18:55:00,auto,compressorCoolStage1On,HKhold,Home,70,67,71.6,76,78.3,0,300,0,300,0.7,69.4,76,0,4,62,664,562,101969,79.2,0,
2026-03-09,19:00:00,auto,compressorCoolStage1On,HKhold,Home,70,67,70.7,76,78.3,0,300,0,300,0.4,69.1,76,0,4,62,667,563,101973,79.1,0,
2026-03-09,19:05:00,auto,compressorCoolStage1On,HKhold,Home,70,67,69.8,77,78.3,0,90,0,135,,68.8,77,0,4,59,629,550,101981,78.9,0,
2026-03-09,19:10:00,auto,compressorCoolOff,HKhold,Home,70,67,69.8,77,78.3,0,90,0,90,,69.7,77,1,3,51,526,510,101982,78.9,0,
2026-03-09,19:15:00,auto,compressorCoolStage1On,HKhold,Home,70,67,70.4,77,78.3,0,300,0,300,,70.4,77,1,3,43,438,470,101985,79.1,0,
2026-03-09,19:20:00,auto,compressorCoolStage1On,HKhold,Home,70,67,70.3,77,78.3,0,300,0,300,,70.3,77,1,3,45,456,479,101989,79.1,0,
2026-03-09,19:25:00,auto,compressorCoolStage1On,HKhold,Home,70,67,70,77,78.3,0,150,0,195,,70,77,1,3,49,496,498,101991,79,0,
2026-03-09,19:30:00,auto,compressorCoolOff,HKhold,Home,70,67,70.4,77,78.3,0,150,0,150,,70.4,77,0,3,45,452,477,101999,79,0,
2026-03-09,19:35:00,auto,compressorCoolStage1On,HKhold,Home,70,67,70.7,77,78.3,0,300,0,300,,70.7,77,0,3,47,474,488,102004,79.2,0,
2026-03-09,19:40:00,auto,compressorCoolStage1On,HKhold,Home,70,67,70.2,77,78.3,0,225,0,270,,70.2,77,0,3,51,518,507,102008,79.2,0,
2026-03-09,19:45:00,auto,compressorCoolOff,HKhold,Home,70,67,69.9,78,78.3,0,75,0,75,,69.9,78,0,3,48,490,495,102008,79.2,0,
2026-03-09,19:50:00,auto,compressorCoolStage1On,HKhold,Home,70,67,70.3,77,78.3,0,300,0,300,,70.3,77,1,3,50,516,506,102006,79.2,0,
2026-03-09,19:55:00,auto,compressorCoolStage1On,HKhold,Home,70,67,70.1,77,78.3,0,165,0,210,,70.1,77,1,4,56,585,534,102009,79.2,0,
2026-03-09,20:00:00,auto,compressorCoolOff,HKhold,Home,70,67,70.3,77,77.2,0,135,0,135,,70.3,77,1,4,56,583,533,102015,79.1,0,
2026-03-09,20:05:00,auto,compressorCoolStage1On,HKhold,Home,70,67,70.6,76,77.2,0,300,0,300,,70.6,76,0,4,59,628,549,102018,79.2,0,
2026-03-09,20:10:00,auto,compressorCoolStage1On,HKhold,Home,70,67,70.1,76,77.2,0,210,0,255,,70.1,76,0,4,65,716,612,102023,79.2,0,
2026-03-09,20:15:00,auto,compressorCoolOff,HKhold,Home,70,67,70,76,77.2,0,90,0,90,,70,76,1,4,66,742,645,102029,79.2,0,
2026-03-09,20:20:00,auto,compressorCoolStage1On,HKhold,Home,70,67,70.7,75,77.2,0,300,0,300,,70.7,75,1,4,70,799,706,102030,79.2,0,
2026-03-09,20:25:00,auto,compressorCoolStage1On,HKhold,Home,70,67,70.9,74,77.2,0,300,0,300,,70.9,74,0,4,72,842,729,102031,79,0,
2026-03-09,20:30:00,auto,compressorCoolStage1On,HKhold,Home,70,67,70.7,74,77.2,0,300,0,300,,70.7,74,0,4,72,838,727,102038,78.6,0,
2026-03-09,20:35:00,auto,compressorCoolStage1On,HKhold,Home,70,67,70.2,74,77.2,0,300,0,300,,70.2,74,0,4,72,848,732,102039,78.2,0,
2026-03-09,20:40:00,auto,compressorCoolStage1On,HKhold,Home,70,67,69.9,73,77.2,0,45,0,90,,69.9,73,0,4,74,878,746,102045,77.7,0,
2026-03-09,20:45:00,auto,compressorCoolOff,HKhold,Home,70,67,70.3,73,77.2,0,255,0,255,,70.3,73,0,4,76,918,767,102051,77.6,0,
2026-03-09,20:50:00,auto,compressorCoolStage1On,HKhold,Home,70,67,70.3,73,77.2,0,285,0,300,,70.3,73,1,4,73,863,740,102053,77.4,0,
2026-03-09,20:55:00,auto,compressorCoolOff,HKhold,Home,70,67,69.8,72,77.2,0,0,0,30,,69.8,72,1,4,84,1114,850,102056,77.1,0,
2026-03-09,21:00:00,auto,compressorCoolStage1On,HKhold,Home,70,67,70.3,73,76.7,0,300,0,300,,70.3,73,1,4,85,1124,856,102069,77.1,0,
2026-03-09,21:05:00,auto,compressorCoolStage1On,HKhold,Home,70,67,70.1,74,76.7,0,225,0,270,,70.1,74,0,4,81,1033,819,102075,77.1,0,
2026-03-09,21:10:00,auto,compressorCoolOff,HKhold,Home,70,67,69.8,72,76.7,0,30,0,30,,69.8,72,1,4,88,1213,890,102085,77,0,
2026-03-09,21:15:00,auto,compressorCoolStage1On,HKhold,Home,70,67,70.5,73,76.7,0,300,0,300,,70.5,73,0,4,84,1096,845,102085,77.1,0,
2026-03-09,21:20:00,auto,compressorCoolStage1On,HKhold,Home,70,67,70.3,72,76.7,0,285,0,300,,70.3,72,1,4,81,1026,816,102090,77,0,
2026-03-09,21:25:00,auto,compressorCoolOff,HKhold,Home,70,67,69.9,72,76.7,0,0,0,30,,69.9,72,0,4,85,1133,860,102097,76.7,0,
2026-03-09,21:30:00,auto,compressorCoolOff,HKhold,Home,70,67,70.2,72,76.7,0,255,0,255,,70.2,72,1,4,83,1082,839,102099,76.7,0,
2026-03-09,21:35:00,auto,compressorCoolStage1On,HKhold,Home,70,67,70.3,72,76.7,0,300,0,300,,70.3,72,0,4,80,1008,809,102102,76.7,0,
2026-03-09,21:40:00,auto,compressorCoolStage1On,HKhold,Home,70,67,69.9,71,76.7,0,105,0,150,,69.9,71,1,4,80,1014,811,102106,76.4,0,
2026-03-09,21:45:00,auto,compressorCoolOff,HKhold,Home,70,67,69.9,71,76.7,0,105,0,105,,69.9,71,1,4,84,1096,845,102110,76.2,0,
2026-03-09,21:50:00,auto,compressorCoolStage1On,HKhold,Home,70,67,69.8,68,76.7,0,195,0,240,0.1,70,68,1,4,112,2287,1131,102110,76.3,0,
2026-03-09,21:55:00,auto,compressorCoolOff,HKhold,Home,70,67,70.2,68,76.7,0,105,0,105,,70.3,68,1,4,153,5365,1543,102112,76.4,0,
2026-03-09,22:00:00,auto,compressorCoolStage1On,HKhold,Home,70,67,70.2,66,76,0,195,0,240,0.5,70.7,66,0,4,167,7280,1677,102116,76.6,0,
2026-03-09,22:05:00,auto,compressorCoolOff,HKhold,Home,70,67,70.6,68,76,0,105,0,105,0.1,70.7,68,1,4,183,10415,1837,102119,76.7,0,
2026-03-09,22:10:00,auto,compressorCoolStage1On,HKhold,Home,70,67,70.8,67,76,0,300,0,300,0.3,71.1,67,1,4,192,12848,1930,102126,76.8,0,
2026-03-09,22:15:00,auto,compressorCoolStage1On,HKhold,Home,70,67,70.7,66,76,0,300,0,300,0.4,71.2,66,1,4,203,16505,2040,102130,76.8,0,
2026-03-09,22:20:00,auto,compressorCoolStage1On,HKhold,Home,70,67,70.5,66,76,0,255,0,300,0.5,71.1,66,1,4,208,18366,2088,102136,76.9,0,
2026-03-09,22:25:00,auto,compressorCoolOff,HKhold,Home,70,67,70,64,76,0,45,0,45,0.7,70.8,64,1,3,212,20350,2132,102136,76.9,0,
2026-03-09,22:30:00,auto,compressorCoolStage1On,HKhold,Home,70,67,70.2,64,76,0,255,0,300,0.7,70.9,64,1,3,210,19150,2106,102140,76.9,0,
2026-03-09,22:35:00,auto,compressorCoolOff,HKhold,Home,70,67,70.2,65,76,0,45,0,45,0.5,70.8,65,1,3,211,19746,2119,102143,76.7,0,
2026-03-09,22:40:00,auto,compressorCoolStage1On,HKhold,Home,70,67,70.6,65,76,0,300,0,300,0.7,71.3,65,1,4,205,17355,2063,102148,76.6,0,
2026-03-09,22:45:00,auto,compressorCoolStage1On,HKhold,Home,70,67,70.4,62,76,0,300,0,300,1,71.5,62,1,4,209,18892,2101,102144,76.3,0,
2026-03-09,22:50:00,auto,compressorCoolStage1On,HKhold,Home,70,67,70.1,61,76,0,300,0,300,1.3,71.5,61,1,4,203,16467,2039,102147,76,0,
2026-03-09,22:55:00,auto,compressorCoolStage1On,HKhold,Home,70,67,70,61,76,0,120,0,165,1.3,71.4,61,0,4,200,15319,2008,102147,75.7,0,
2026-03-09,23:00:00,auto,compressorCoolOff,HKhold,Sleep,70,67,70.5,63,75.6,0,180,0,180,0.9,71.5,63,1,4,189,12055,1902,102150,75.4,0,
2026-03-09,23:05:00,auto,compressorCoolStage1On,HKhold,Sleep,70,67,70.2,61,75.6,0,300,0,300,1.4,71.6,61,1,4,188,11751,1891,102154,75.4,0,
2026-03-09,23:10:00,auto,compressorCoolOff,HKhold,Sleep,70,67,70.1,61,75.6,0,0,0,45,1.4,71.6,61,1,4,188,11672,1887,102155,75.1,0,
2026-03-09,23:15:00,auto,compressorCoolStage1On,HKhold,Sleep,70,67,70.8,64,75.6,0,300,0,300,0.8,71.6,64,1,4,171,8045,1722,102154,75,0,
2026-03-09,23:20:00,auto,compressorCoolStage1On,HKhold,Sleep,70,67,70.1,62,75.6,0,210,0,255,1.2,71.4,62,1,4,171,7932,1718,102147,74.9,0,
2026-03-09,23:25:00,auto,compressorCoolOff,HKhold,Sleep,70,67,70.3,63,75.6,0,90,0,90,0.9,71.3,63,1,4,168,7483,1692,102139,74.7,0,
2026-03-09,23:30:00,auto,compressorCoolStage1On,HKhold,Sleep,70,67,70.4,63,75.4,0,300,0,300,0.9,71.3,63,1,4,165,6948,1660,102136,74.7,0,
2026-03-09,23:35:00,auto,compressorCoolStage1On,HKhold,Sleep,70,67,70.1,61,75.4,0,135,0,180,1.3,71.4,61,1,4,173,8373,1741,102134,74.6,0,
2026-03-09,23:40:00,auto,compressorCoolOff,HKhold,Sleep,70,67,70.6,64,75.4,0,165,0,165,0.9,71.5,64,1,4,169,7682,1703,102134,74.5,0,
2026-03-09,23:45:00,auto,compressorCoolStage1On,HKhold,Sleep,70,67,70.2,61,75.4,0,240,0,285,1.4,71.6,61,1,4,171,8029,1723,102131,74.5,0,
2026-03-09,23:50:00,auto,compressorCoolOff,HKhold,Sleep,70,67,70.4,62,75.4,0,60,0,60,1.1,71.5,62,1,4,175,8616,1754,102122,74.2,0,
2026-03-09,23:55:00,auto,compressorCoolStage1On,HKhold,Sleep,70,67,70.3,62,75.4,0,300,0,300,1.2,71.6,62,1,4,173,8357,1741,102116,74.3,0,
2026-03-10,00:00:00,auto,compressorCoolStage1On,HKhold,Sleep,70,67,69.9,61,75.3,0,165,0,210,1.1,71.1,61,1,4,183,10533,1842,102105,74.2,0,
2026-03-10,00:05:00,auto,compressorCoolOff,HKhold,Sleep,70,67,70.2,62,75.3,0,135,0,135,0.8,71.1,62,1,4,182,10099,1824,102098,73.9,0,
2026-03-10,00:10:00,auto,compressorCoolStage1On,HKhold,Sleep,70,67,70,61,75.3,0,180,0,225,1.1,71.1,61,1,4,181,9972,1819,102094,74,0,
2026-03-10,00:15:00,auto,compressorCoolOff,HKhold,Sleep,70,67,70.3,62,75.3,0,120,0,120,1,71.4,62,1,4,180,9739,1808,102096,73.9,0,
2026-03-10,00:20:00,auto,compressorCoolStage1On,HKhold,Sleep,70,67,70.3,61,75.3,0,300,0,300,1.2,71.6,61,1,4,179,9478,1796,102101,73.9,0,
2026-03-10,00:25:00,auto,compressorCoolStage1On,HKhold,Sleep,70,67,70.2,61,75.3,0,15,0,60,1.1,71.3,61,1,4,183,10369,1836,102102,73.7,0,
2026-03-10,00:30:00,auto,compressorCoolOff,HKhold,Sleep,70,67,70.6,61,75,0,285,0,285,1.1,71.7,61,1,4,178,9223,1784,102102,73.8,0,
2026-03-10,00:35:00,auto,compressorCoolStage1On,HKhold,Sleep,70,67,70,59,75,0,180,0,225,1.4,71.5,59,1,4,183,10402,1837,102097,73.7,0,
2026-03-10,00:40:00,auto,compressorCoolOff,HKhold,Sleep,70,67,70.2,61,75,0,120,0,120,1,71.3,61,1,4,179,9609,1801,102095,73.5,0,
2026-03-10,00:45:00,auto,compressorCoolStage1On,HKhold,Sleep,70,67,70.2,61,75,0,180,0,225,1.2,71.4,61,0,4,183,10412,1835,102097,73.5,0,
2026-03-10,00:50:00,auto,compressorCoolOff,HKhold,Sleep,70,67,70.5,62,75,0,120,0,120,1,71.6,62,1,4,191,12621,1923,102096,73.4,0,
2026-03-10,00:55:00,auto,compressorCoolStage1On,HKhold,Sleep,70,67,70.8,61,75,0,300,0,300,1.1,71.9,61,1,4,195,13586,1955,102098,73.5,0,
2026-03-10,01:00:00,auto,compressorCoolStage1On,HKhold,Sleep,70,67,70.1,59,74.9,0,150,0,195,1.4,71.6,59,1,4,203,16552,2042,102089,73.3,0,
2026-03-10,01:05:00,auto,compressorCoolOff,HKhold,Sleep,69.4,66.4,70.2,61,74.9,0,150,0,150,1.2,71.4,61,1,4,195,13631,1955,102084,73.2,0,
2026-03-10,01:10:00,auto,compressorCoolStage1On,hold,Sleep,69,66,70.2,60,74.9,0,300,0,300,1.3,71.5,60,1,4,190,12181,1907,102080,73.3,0,
2026-03-10,01:15:00,auto,compressorCoolStage1On,hold,Sleep,69,66,69.7,59,74.9,0,300,0,300,1.5,71.2,59,1,4,195,13799,1962,102081,73.1,0,
2026-03-10,01:20:00,auto,compressorCoolStage1On,hold,Sleep,69,66,69.7,60,74.9,0,300,0,300,1.2,71,60,1,4,191,12602,1922,102086,72.9,0,
2026-03-10,01:25:00,auto,compressorCoolStage1On,hold,Sleep,69,66,69.9,61,74.9,0,300,0,300,0.9,70.8,61,1,4,187,11421,1879,102077,72.8,0,
2026-03-10,01:30:00,auto,compressorCoolStage1On,hold,Sleep,69,66,69.7,61,74.9,0,300,0,300,0.9,70.6,61,1,4,189,12024,1901,102061,72.6,0,
2026-03-10,01:35:00,auto,compressorCoolStage1On,hold,Sleep,69.6,66,69.4,63,74.9,0,105,0,135,0.7,70.2,63,1,4,186,11170,1868,102053,72.5,0,
2026-03-10,01:40:00,auto,compressorCoolOff,hold,Sleep,70,66,69.7,65,74.9,0,15,0,15,0.5,70.2,65,1,4,182,10230,1830,102041,72.3,0,
2026-03-10,01:45:00,auto,compressorCoolStage1On,hold,Sleep,70,66,70.1,64,74.9,0,285,0,300,0.5,70.6,64,0,4,173,8329,1739,102030,73.1,1,
2026-03-10,01:50:00,auto,compressorCoolOff,hold,Sleep,70,66,69.6,67,74.9,0,0,0,30,0.4,69.3,67,0,4,167,7237,1677,102032,73.7,1,
2026-03-10,01:55:00,auto,compressorCoolOff,hold,Sleep,70,66,70,69,74.9,0,165,0,165,0.4,69.2,69,0,4,165,6887,1655,102032,73.9,1,
2026-03-10,02:00:00,auto,compressorCoolStage1On,hold,Sleep,70,66,70.1,69,74.9,0,240,0,285,0.6,68.9,69,0,4,160,6165,1607,102022,74.1,1,
2026-03-10,02:05:00,auto,compressorCoolOff,hold,Sleep,70,66,69.7,70,74.9,0,0,0,0,0.7,68,70,1,4,159,6070,1600,102018,74.2,1,
2026-03-10,02:10:00,auto,compressorCoolStage1On,hold,Sleep,70,66,70.4,71,74.9,0,300,0,300,0.7,68.5,71,1,4,153,5261,1536,102017,74.3,1,
2026-03-10,02:15:00,auto,compressorCoolStage1On,hold,Sleep,70,66,70.4,69,74.9,0,300,0,300,0.9,68.6,69,1,4,155,5588,1562,102022,74.3,1,
2026-03-10,02:20:00,auto,compressorCoolStage1On,hold,Sleep,70,66,69.8,70,74.9,0,105,0,150,1,67.6,70,0,4,155,5520,1558,102023,74.3,1,
2026-03-10,02:25:00,auto,compressorCoolOff,hold,Sleep,70,66,69.8,69,74.9,0,75,0,75,1.1,67.5,69,0,4,154,5435,1551,102026,74.4,0,
2026-03-10,02:30:00,auto,compressorCoolStage1On,hold,Sleep,70,66,70.2,69,74.9,0,300,0,300,1,68,69,0,4,146,4519,1469,102021,74.6,0,
2026-03-10,02:35:00,auto,compressorCoolOff,hold,Sleep,70,66,69.8,71,74.9,0,0,0,45,1,67.2,71,0,4,144,4275,1445,102023,74.6,0,
2026-03-10,02:40:00,auto,compressorCoolOff,hold,Sleep,70,66,70.1,71,74.9,0,255,0,255,0.9,67.5,71,0,4,141,4052,1421,102020,74.6,0,
2026-03-10,02:45:00,auto,compressorCoolStage1On,hold,Sleep,70,66,69.9,72,74.9,0,90,0,135,1,67,72,0,4,135,3536,1362,102023,74.6,0,
2026-03-10,02:50:00,auto,compressorCoolOff,hold,Sleep,70,66,70.1,71,74.9,0,165,0,165,1.1,67.2,71,0,4,137,3656,1376,102018,74.6,0,
2026-03-10,02:55:00,auto,compressorCoolStage1On,hold,Sleep,70,66,69.9,71,74.9,0,135,0,180,1.1,67.1,71,0,4,131,3227,1321,102007,74.6,0,
2026-03-10,03:00:00,auto,compressorCoolOff,hold,Sleep,70,66,69.7,71,74.7,0,15,0,15,1.1,67.1,71,0,4,133,3353,1338,102006,74.6,0,
2026-03-10,03:05:00,auto,compressorCoolStage1On,hold,Sleep,70,66,70.3,71,74.7,0,300,0,300,1,67.9,71,0,4,128,2981,1286,102004,74.7,0,
2026-03-10,03:10:00,auto,compressorCoolOff,hold,Sleep,70,66,69.9,72,74.7,0,0,0,45,0.9,67.2,72,0,4,123,2703,1243,102009,74.6,0,
2026-03-10,03:15:00,auto,compressorCoolOff,hold,Sleep,70,66,70,72,74.7,0,165,0,165,0.8,67.4,72,1,4,123,2689,1241,102011,74.6,0,
2026-03-10,03:20:00,auto,compressorCoolStage1On,hold,Sleep,70,66,70,71,74.7,0,165,0,210,0.8,68,71,1,4,123,2697,1242,102008,74.6,0,
2026-03-10,03:25:00,auto,compressorCoolOff,hold,Sleep,70,66,69.7,70,74.7,0,0,0,0,0.7,68.1,70,0,4,127,2920,1277,102007,74.6,0,
2026-03-10,03:30:00,auto,compressorCoolOff,hold,Sleep,70,66,69.9,69,74.6,0,0,0,0,0.6,68.8,69,0,4,128,2965,1284,102003,74.6,0,
2026-03-10,03:35:00,auto,compressorCoolOff,hold,Sleep,70,66,70.1,68,74.6,0,270,0,270,0.5,69.6,68,0,4,126,2859,1268,102003,74.7,0,
2026-03-10,03:40:00,auto,compressorCoolStage1On,hold,Sleep,70,66,69.6,67,74.6,0,30,0,75,0.2,69.4,67,0,4,132,3287,1329,102008,74.7,0,
2026-03-10,03:45:00,auto,compressorCoolOff,hold,Sleep,70,66,69.3,69,74.6,0,0,0,0,,69.3,69,0,4,136,3600,1370,102013,74.7,0,
2026-03-10,03:50:00,auto,compressorCoolOff,hold,Sleep,70,66,69.8,68,74.6,0,15,0,15,0.2,69.8,68,0,4,133,3391,1343,102019,74.8,0,
2026-03-10,03:55:00,auto,compressorCoolStage1On,hold,Sleep,70,66,70.5,67,74.6,0,300,0,300,0.5,70.2,67,0,4,133,3353,1338,102022,74.9,0,
2026-03-10,04:00:00,auto,compressorCoolStage1On,hold,Sleep,70,66,70.3,67,74.6,0,300,0,300,0.8,69.7,67,0,4,140,3952,1410,102022,74.9,0,
2026-03-10,04:05:00,auto,compressorCoolOff,hold,Sleep,70,66,69.9,66,74.6,0,0,0,45,1,68.8,66,0,4,150,4982,1512,102016,74.7,0,
2026-03-10,04:10:00,auto,compressorCoolOff,hold,Sleep,70,66,70.2,67,74.6,0,225,0,225,1.1,68.8,67,0,4,148,4740,1491,102014,74.7,0,
2026-03-10,04:15:00,auto,compressorCoolStage1On,hold,Sleep,70,66,70.2,67,74.6,0,300,0,300,1.2,68.6,67,0,4,150,4931,1508,102012,74.6,0,
2026-03-10,04:20:00,auto,compressorCoolStage1On,hold,Sleep,70,66,69.8,66,74.6,0,60,0,105,1.4,68,66,0,4,156,5700,1572,102016,74.4,0,
2026-03-10,04:25:00,auto,compressorCoolOff,hold,Sleep,70,66,69.8,67,74.6,0,0,0,0,1.3,68,67,0,4,156,5643,1568,102014,74.3,0,
2026-03-10,04:30:00,auto,compressorCoolStage1On,hold,Sleep,70,66,70.1,66,74.4,0,300,0,300,1.3,68.5,66,0,4,152,5127,1525,102011,74.4,0,
2026-03-10,04:35:00,auto,compressorCoolOff,hold,Sleep,70,66,69.8,66,74.4,0,0,0,45,1.4,68.1,66,0,4,154,5451,1552,102008,74.3,0,
2026-03-10,04:40:00,auto,compressorCoolOff,hold,Sleep,70,66,70,66,74.4,0,195,0,195,1.3,68.4,66,0,4,153,5239,1535,102015,74.4,0,
2026-03-10,04:45:00,auto,compressorCoolStage1On,hold,Sleep,70,66,69.9,65,74.4,0,105,0,150,1.4,68.4,65,0,4,152,5126,1525,102023,74.3,0,
2026-03-10,04:50:00,auto,compressorCoolOff,hold,Sleep,70,66,69.9,65,74.4,0,0,0,0,1.4,68.3,65,0,4,153,5303,1540,102030,74.3,0,
2026-03-10,04:55:00,auto,compressorCoolStage1On,hold,Sleep,70,66,70.2,65,74.4,0,300,0,300,1.3,68.8,65,0,4,150,4945,1510,102034,74.4,0,
2026-03-10,05:00:00,auto,compressorCoolOff,hold,Sleep,70,66,69.9,65,74.4,0,0,0,45,1.4,68.4,65,0,4,153,5266,1537,102031,74.3,0,
2026-03-10,05:05:00,auto,compressorCoolOff,hold,Sleep,70,66,69.9,65,74.4,0,45,0,45,1.4,68.5,65,0,4,154,5327,1543,102039,74.3,0,
2026-03-10,05:10:00,auto,compressorCoolStage1On,hold,Sleep,70,66,70.2,65,74.4,0,300,0,300,1.4,69,65,0,4,150,4911,1506,102051,74.3,0,
2026-03-10,05:15:00,auto,compressorCoolStage1On,hold,Sleep,70,66,69.9,66,74.4,0,45,0,90,1.3,68.4,66,0,4,154,5412,1550,102044,74.2,0,
2026-03-10,05:20:00,auto,compressorCoolOff,hold,Sleep,70,66,69.9,67,74.4,0,0,0,0,1.3,68.2,67,0,4,155,5501,1557,102048,74.2,0,
2026-03-10,05:25:00,auto,compressorCoolOff,hold,Sleep,70,66,70.2,67,74.4,0,240,0,240,1.2,68.6,67,0,4,153,5273,1538,102053,74.3,0,
2026-03-10,05:30:00,auto,compressorCoolStage1On,hold,Sleep,70,66,70.1,66,74.4,0,180,0,225,1.2,68.4,66,0,4,154,5376,1546,102059,74.2,0,
2026-03-10,05:35:00,auto,compressorCoolOff,hold,Sleep,70,66,69.7,66,74.4,0,0,0,0,1.2,68,66,0,4,158,5896,1587,102069,74.1,0,
2026-03-10,05:40:00,auto,compressorCoolOff,hold,Sleep,70,66,70.1,67,74.4,0,225,0,225,1.2,68.4,67,0,4,155,5481,1555,102078,74.1,0,
2026-03-10,05:45:00,auto,compressorCoolStage1On,hold,Sleep,70,66,70,66,74.4,0,105,0,150,1.2,68.4,66,0,4,153,5254,1536,102089,74.1,0,
2026-03-10,05:50:00,auto,compressorCoolOff,hold,Sleep,70,66,69.7,67,74.4,0,0,0,0,1.2,68.1,67,0,4,153,5272,1538,102096,73.9,0,
2026-03-10,05:55:00,auto,compressorCoolOff,hold,Sleep,70,66,70.1,67,74.4,0,165,0,165,1.1,68.6,67,1,4,151,5010,1515,102108,74,1,
2026-03-10,06:00:00,auto,compressorCoolStage1On,hold,Sleep,70,66,70.1,65,74.3,0,150,0,195,1.2,68.8,65,0,4,150,4921,1507,102111,73.9,1,
2026-03-10,06:05:00,auto,compressorCoolOff,hold,Sleep,70,66,69.9,66,74.3,0,90,0,90,1.2,68.5,66,0,4,155,5502,1557,102110,73.9,1,
2026-03-10,06:10:00,auto,compressorCoolStage1On,hold,Sleep,70,66,70.2,66,74.3,0,240,0,285,1.1,68.7,66,0,4,154,5338,1543,102119,73.9,0,
2026-03-10,06:15:00,auto,compressorCoolOff,hold,Sleep,70,66,69.7,67,74.3,0,0,0,0,1.2,68.1,67,0,4,155,5507,1557,102132,73.8,0,
2026-03-10,06:20:00,auto,compressorCoolOff,hold,Sleep,70,66,69.8,67,74.3,0,15,0,15,1.1,68.2,67,0,4,155,5518,1558,102133,73.8,0,
2026-03-10,06:25:00,auto,compressorCoolStage1On,hold,Sleep,70,66,70.1,66,74.3,0,285,0,300,1.1,68.8,66,0,4,152,5203,1532,102143,73.8,0,
2026-03-10,06:30:00,auto,compressorCoolOff,hold,Sleep,70,66,69.9,66,74.3,0,0,0,30,1.3,68.4,66,0,4,155,5555,1561,102148,73.8,0,
2026-03-10,06:35:00,auto,compressorCoolOff,hold,Sleep,70,66,70.2,67,74.3,0,255,0,255,1.3,68.5,67,0,4,155,5514,1557,102149,73.8,0,
2026-03-10,06:40:00,auto,compressorCoolStage1On,hold,Sleep,70,66,69.9,66,74.3,0,75,0,120,1.2,68.2,66,0,4,154,5404,1549,102149,73.7,0,
2026-03-10,06:45:00,auto,compressorCoolOff,hold,Sleep,70,66,69.5,67,74.3,0,0,0,0,1.1,67.9,67,0,4,154,5437,1551,102156,73.6,0,
2026-03-10,06:50:00,auto,compressorCoolOff,hold,Sleep,70,66,69.9,67,74.3,0,45,0,45,1.1,68.4,67,0,4,153,5247,1536,102156,73.7,0,
2026-03-10,06:55:00,auto,compressorCoolStage1On,hold,Sleep,70,66,70.2,67,74.3,0,300,0,300,1.1,68.9,67,0,4,149,4805,1497,102153,73.7,0,
2026-03-10,07:00:00,auto,compressorCoolStage1On,hold,Sleep,70,66,69.7,66,74.6,0,90,0,135,1.2,68.4,66,0,4,152,5136,1526,102153,73.6,0,
2026-03-10,07:05:00,auto,compressorCoolOff,hold,Sleep,70,66,69.7,67,74.6,0,0,0,0,1.1,68.1,67,0,4,155,5472,1554,102155,73.6,0,
2026-03-10,07:10:00,auto,compressorCoolOff,hold,Sleep,70,66,70,67,74.6,0,180,0,180,1.1,68.7,67,0,4,151,5069,1520,102157,73.7,0,
2026-03-10,07:15:00,auto,compressorCoolStage1On,hold,Sleep,70,66,70,66,74.6,0,165,0,210,1.1,68.7,66,0,4,148,4705,1488,102161,73.6,0,
2026-03-10,07:20:00,auto,compressorCoolOff,hold,Sleep,70,66,69.6,65,74.6,0,0,0,0,1.2,68.2,65,0,4,153,5230,1534,102160,73.6,0,
2026-03-10,07:25:00,auto,compressorCoolOff,hold,Sleep,70,66,70,67,74.6,0,135,0,135,1.1,68.6,67,0,4,150,4967,1511,102166,73.6,0,
2026-03-10,07:30:00,auto,compressorCoolStage1On,hold,Sleep,70,66,70.2,67,74.6,0,285,0,300,1,68.9,67,0,4,146,4472,1465,102170,73.7,0,
2026-03-10,07:35:00,auto,compressorCoolOff,hold,Sleep,70,66,69.5,65,74.6,0,0,0,30,1.3,68.2,65,0,4,150,4949,1509,102176,73.4,0,
2026-03-10,07:40:00,auto,compressorCoolOff,hold,Sleep,70,66,69.4,65,74.6,0,0,0,0,1.3,68.1,65,0,4,151,4994,1514,102186,73.5,0,
2026-03-10,07:45:00,auto,compressorCoolOff,hold,Sleep,70,66,69.8,65,74.6,0,0,0,0,1.3,68.7,65,0,4,148,4687,1486,102195,73.6,0,
2026-03-10,07:50:00,auto,compressorCoolOff,hold,Sleep,70,66,70.1,65,74.6,0,210,0,210,1.3,69.2,65,0,4,143,4209,1438,102198,73.8,0,
2026-03-10,07:55:00,auto,compressorCoolStage1On,hold,Sleep,70,66,70,65,74.6,0,135,0,180,1.3,69,65,0,4,144,4290,1446,102199,73.7,0,
2026-03-10,08:00:00,auto,compressorCoolOff,hold,Home,70,66,69.7,65,75.1,0,0,0,0,1.2,68.4,65,0,4,148,4737,1491,102197,73.7,0,
2026-03-10,08:05:00,auto,compressorCoolOff,hold,Home,70,66,69.9,65,75.1,0,15,0,15,1.3,68.8,65,0,4,146,4468,1465,102195,73.7,0,
2026-03-10,08:10:00,auto,compressorCoolStage1On,hold,Home,70,66,70.1,65,75.1,0,285,0,300,1.3,69.2,65,1,4,140,3938,1409,102200,73.8,0,
2026-03-10,08:15:00,auto,compressorCoolOff,hold,Home,70,66,69.8,66,75.1,0,0,0,30,1.1,68.7,66,0,4,142,4074,1424,102209,73.6,0,
2026-03-10,08:20:00,auto,compressorCoolOff,hold,Home,70,66,69.6,67,75.1,0,0,0,0,0.9,68.5,67,0,4,142,4062,1423,102209,73.6,0,
2026-03-10,08:25:00,auto,compressorCoolOff,hold,Home,70,66,69.7,67,75.1,0,0,0,0,0.8,69,67,0,4,139,3827,1397,102209,73.7,0,
2026-03-10,08:30:00,auto,compressorCoolOff,hold,Home,70,66,69.8,65,75.7,0,210,0,210,0.7,69.6,65,0,4,135,3544,1363,102207,73.8,0,
2026-03-10,08:35:00,auto,compressorCoolStage1On,hold,Home,70,66,69.3,65,75.7,0,90,0,135,0.6,69.4,65,0,4,138,3728,1385,102208,73.8,0,
2026-03-10,08:40:00,auto,compressorCoolOff,hold,Home,70,66,68.7,67,75.7,0,0,0,0,0.1,68.8,67,0,4,142,4138,1431,102212,73.5,0,
2026-03-10,08:45:00,auto,compressorCoolOff,hold,Home,70,66,69.1,67,75.7,0,0,0,0,0.3,69.1,67,0,4,141,4036,1420,102215,73.7,0,
2026-03-10,08:50:00,auto,compressorCoolOff,hold,Home,70,66,70,67,75.7,0,135,0,135,0.5,69.7,67,0,4,138,3746,1387,102218,73.8,0,
2026-03-10,08:55:00,auto,compressorCoolStage1On,hold,Home,70,66,70.1,65,75.7,0,210,0,255,0.8,69.8,65,0,4,138,3757,1388,102223,73.8,0,
2026-03-10,09:00:00,auto,compressorCoolOff,hold,Home,70,66,69.9,67,76.3,0,0,0,0,0.8,69.1,67,0,4,144,4255,1443,102233,73.5,0,
2026-03-10,09:05:00,auto,compressorCoolOff,hold,Home,70,66,70,67,76.3,0,150,0,150,0.9,69.1,67,0,4,143,4166,1434,102241,73.6,0,
2026-03-10,09:10:00,auto,compressorCoolStage1On,hold,Home,70,66,70,66,76.3,0,150,0,195,1,69.1,66,1,4,143,4221,1437,102242,73.6,0,
2026-03-10,09:15:00,auto,compressorCoolOff,hold,Home,70,66,69.9,67,76.3,0,0,0,0,0.8,68.9,67,1,4,148,4701,1487,102245,73.5,0,
2026-03-10,09:20:00,auto,compressorCoolOff,hold,Home,70,66,69.9,67,76.3,0,60,0,60,0.7,69.2,67,1,4,147,4590,1477,102248,73.6,0,
2026-03-10,09:25:00,auto,compressorCoolStage1On,hold,Home,70,66,70.1,67,76.3,0,255,0,300,0.5,69.7,67,1,4,143,4244,1441,102255,73.7,0,
2026-03-10,09:30:00,auto,compressorCoolOff,hold,Home,70,66,70.1,68,76.8,0,45,0,45,0.4,69.8,68,1,4,147,4649,1482,102261,73.3,1,
2026-03-10,09:35:00,auto,compressorCoolStage1On,hold,Home,70,66,70.3,67,76.8,0,300,0,300,0.6,69.9,67,1,4,146,4467,1464,102264,73.3,1,
2026-03-10,09:40:00,auto,compressorCoolStage1On,hold,Home,70,66,70,65,76.8,0,60,0,105,0.9,69.8,65,1,4,155,5463,1553,102264,73,1,
2026-03-10,09:45:00,auto,compressorCoolOff,hold,Home,70,66,70.6,67,76.8,0,240,0,240,0.6,70,67,1,4,149,4876,1502,102269,73,1,
2026-03-10,09:50:00,auto,compressorCoolStage1On,hold,Home,70,66,71.1,68,76.8,0,300,0,300,0.4,70.3,68,0,4,138,3726,1384,102276,73,1,
2026-03-10,09:55:00,auto,compressorCoolStage1On,hold,Home,70,66,70.9,69,76.8,0,300,0,300,0.5,70,69,0,4,130,3136,1308,102279,73,0,
2026-03-10,10:00:00,auto,compressorCoolStage1On,hold,Home,70,66,70.6,69,77.3,0,300,0,300,0.6,69.6,69,0,4,127,2916,1277,102281,72.9,0,
2026-03-10,10:05:00,auto,compressorCoolStage1On,hold,Home,70,66,70.4,69,77.3,0,300,0,300,0.5,69.2,69,0,4,122,2635,1232,102282,72.7,0,
2026-03-10,10:10:00,auto,compressorCoolStage1On,hold,Home,70,66,70.1,70,77.3,0,195,0,240,0.5,68.8,70,0,4,118,2405,1192,102286,72.6,0,
2026-03-10,10:15:00,auto,compressorCoolOff,hold,Home,70,66,69.3,65,77.3,0,0,0,0,1,68.4,65,1,4,135,3570,1363,102286,72.5,0,
2026-03-10,10:20:00,auto,compressorCoolOff,hold,Home,70,66,69.5,66,77.3,0,0,0,0,0.9,68.6,66,1,4,136,3589,1368,102287,72.5,1,
2026-03-10,10:25:00,auto,compressorCoolOff,hold,Home,70,66,70,67,77.3,0,75,0,75,0.7,69.1,67,1,4,129,3058,1297,102289,72.5,1,
2026-03-10,10:30:00,auto,compressorCoolStage1On,hold,Home,70,66,70.5,68,77.3,0,300,0,300,0.6,69.7,68,1,4,117,2338,1178,102291,72.7,1,
2026-03-10,10:35:00,auto,compressorCoolStage1On,hold,Home,70,66,70.6,70,77.3,0,300,0,300,0.4,69.6,70,0,4,111,2066,1121,102293,72.6,1,
2026-03-10,10:40:00,auto,compressorCoolStage1On,hold,Home,70,66,70.5,70,77.3,0,300,0,300,0.4,69.3,70,0,4,103,1701,1039,102294,72.5,1,
2026-03-10,10:45:00,auto,compressorCoolStage1On,hold,Home,70,66,70.2,71,77.3,0,300,0,300,0.4,68.8,71,0,4,100,1600,1012,102297,72.4,0,
2026-03-10,10:50:00,auto,compressorCoolStage1On,hold,Home,70,66,69.9,71,77.3,0,165,0,210,0.4,68.4,71,1,4,98,1527,991,102297,72.3,0,
2026-03-10,10:55:00,auto,compressorCoolOff,hold,Home,70,66,69.3,68,77.3,0,0,0,0,0.7,67.9,68,1,4,114,2204,1151,102294,72.2,1,
2026-03-10,11:00:00,auto,compressorCoolOff,hold,Home,70,66,69.7,70,77.9,0,0,0,0,0.6,68.3,70,1,4,108,1924,1093,102296,72.3,1,
2026-03-10,11:05:00,auto,compressorCoolOff,hold,Home,70,66,70.1,70,77.9,0,0,0,0,0.5,68.9,70,0,4,104,1734,1047,102298,72.5,0,
2026-03-10,11:10:00,auto,compressorCoolOff,hold,Home,70,66,70.7,70,77.9,0,255,0,255,0.4,69.5,70,1,4,96,1446,963,102304,72.7,0,
2026-03-10,11:15:00,auto,compressorCoolStage1On,hold,Home,70,66,70.9,71,77.9,0,300,0,300,0.3,69.7,71,1,4,87,1179,877,102306,72.8,1,
2026-03-10,11:20:00,auto,compressorCoolStage1On,hold,Home,70,66,70.3,73,77.9,0,165,0,210,0.3,68.6,73,0,4,94,1381,947,102309,72.7,1,
2026-03-10,11:25:00,auto,compressorCoolOff,hold,Home,70,66,69.9,74,77.9,0,0,0,0,0.2,67.7,74,0,4,90,1268,910,102321,72.7,0,
2026-03-10,11:30:00,auto,compressorCoolOff,hold,Home,70,66,70.5,74,77.9,0,150,0,150,0.1,68.6,74,1,4,86,1166,870,102330,72.8,0,
2026-03-10,11:35:00,auto,compressorCoolStage1On,hold,Home,70,66,71.2,77,77.9,0,300,0,300,,69.3,77,0,4,65,730,626,102333,73,0,
2026-03-10,11:40:00,auto,compressorCoolStage1On,hold,Home,70,66,71.3,77,77.9,0,300,0,300,,69.6,77,0,4,58,620,547,102332,73,0,
2026-03-10,11:45:00,auto,compressorCoolStage1On,hold,Home,70,66,71.3,76,77.9,0,300,0,300,,69.5,76,1,4,61,660,562,102333,73.1,1,
2026-03-10,11:50:00,auto,compressorCoolStage1On,hold,Home,70,66,71.1,75,77.9,0,300,0,300,,69.4,75,1,4,60,646,560,102335,73,1,
2026-03-10,11:55:00,auto,compressorCoolStage1On,hold,Home,70,66,70.7,72,77.9,0,300,0,300,0.3,69.3,72,0,4,60,635,552,102335,73,1,
2026-03-10,12:00:00,auto,compressorCoolStage1On,hold,Home,70,66,71,76,78.5,0,300,0,300,,69.2,76,0,3,52,541,516,102331,73,0,
2026-03-10,12:05:00,auto,compressorCoolStage1On,hold,Home,70,66,71.1,77,78.5,0,300,0,300,,69.4,77,1,3,51,522,508,102326,73,0,
2026-03-10,12:10:00,auto,compressorCoolStage1On,hold,Home,70,66,71.1,77,78.5,0,300,0,300,,69.3,77,1,3,48,487,494,102318,72.9,0,
2026-03-10,12:15:00,auto,compressorCoolStage1On,hold,Home,70,66,71,78,78.5,0,300,0,300,,69.1,78,0,3,47,479,490,102312,72.9,0,
2026-03-10,12:20:00,auto,compressorCoolStage1On,hold,Home,70,66,71,77,78.5,0,300,0,300,,69.1,77,0,3,47,478,490,102309,72.9,0,
2026-03-10,12:25:00,auto,compressorCoolStage1On,hold,Home,70,66,71,78,78.5,0,300,0,300,,69.2,78,0,3,47,478,489,102300,72.8,0,
2026-03-10,12:30:00,auto,compressorCoolStage1On,hold,Home,70,66,70.5,73,78.5,0,180,0,225,0.2,69.1,73,1,3,53,559,532,102299,72.8,1,
2026-03-10,12:35:00,auto,compressorCoolOff,hold,Home,70,66,70.6,72,78.5,0,120,0,120,0.3,69.2,72,0,4,70,805,698,102294,72.8,1,
2026-03-10,12:40:00,auto,compressorCoolStage1On,hold,Home,70,66,71.2,76,78.5,0,300,0,300,,69.7,76,1,3,46,464,483,102291,72.9,1,
2026-03-10,12:45:00,auto,compressorCoolStage1On,hold,Home,70,66,71.2,74,78.5,0,300,0,300,0.1,69.8,74,1,3,48,489,494,102291,73,1,
2026-03-10,12:50:00,auto,compressorCoolStage1On,hold,Home,70,66,70,64,78.5,0,30,0,75,1.2,69.5,64,1,3,80,1070,808,102283,73.1,1,
2026-03-10,12:55:00,auto,compressorCoolOff,hold,Home,70,66,70.2,64,78.5,0,75,0,75,1.2,69.7,64,0,4,91,1284,915,102279,73.2,0,
2026-03-10,13:00:00,auto,compressorCoolStage1On,hold,Home,70,66,70.8,66,79,0,300,0,300,1,70.1,66,1,4,90,1279,910,102269,73.5,0,
2026-03-10,13:05:00,auto,compressorCoolStage1On,hold,Home,70,66,71.9,74,79,0,300,0,300,,70.5,74,0,3,51,532,521,102263,73.6,0,
2026-03-10,13:10:00,auto,compressorCoolStage1On,hold,Home,70,66,72.2,74,79,0,300,0,300,,70.8,74,1,3,41,416,459,102248,73.7,1,
2026-03-10,13:15:00,auto,compressorCoolStage1On,hold,Home,70,66,71,65,79,0,300,0,300,1,70.6,65,1,3,69,829,695,102238,73.7,1,
2026-03-10,13:20:00,auto,compressorCoolStage1On,hold,Home,70,66,71.2,70,79,0,300,0,300,0.6,70.3,70,1,3,75,961,748,102240,73.4,1,
2026-03-10,13:25:00,auto,compressorCoolStage1On,hold,Home,70,66,72.1,77,79,0,300,0,300,,70.9,77,1,3,34,357,425,102237,73.3,1,
2026-03-10,13:30:00,auto,compressorCoolStage1On,hold,Home,70,66,72.2,78,79,0,300,0,300,,71,78,1,3,29,317,402,102230,73.4,0,
2026-03-10,13:35:00,auto,compressorCoolStage1On,hold,Home,70,66,71.6,71,79,0,300,0,300,0.4,70.8,71,1,3,44,488,503,102225,73.3,1,
2026-03-10,13:40:00,auto,compressorCoolStage1On,hold,Home,70,66,70.9,66,79,0,300,0,300,0.8,70.4,66,1,4,76,920,767,102215,73,1,
2026-03-10,13:45:00,auto,compressorCoolStage1On,hold,Home,70,66,70.6,64,79,0,300,0,300,0.9,70.5,64,1,4,83,1072,835,102205,72.6,1,
2026-03-10,13:50:00,auto,compressorCoolStage1On,hold,Home,70,66,70.3,62,79,0,300,0,300,1.2,70.5,62,1,4,94,1383,947,102194,72.6,1,
2026-03-10,13:55:00,auto,compressorCoolStage1On,hold,Home,70,66,70.4,62,79,0,300,0,300,1.2,70.6,62,1,4,99,1541,995,102184,72.7,1,
2026-03-10,14:00:00,auto,compressorCoolStage1On,hold,Home,70,66,70.2,61,79.3,0,105,0,150,1.5,70.6,61,1,4,106,1837,1073,102181,72.8,1,
2026-03-10,14:05:00,auto,compressorCoolOff,hold,Home,70,66,71.2,66,79.3,0,195,0,195,0.7,70.8,66,1,4,91,1321,924,102175,73.1,1,
2026-03-10,14:10:00,auto,compressorCoolStage1On,hold,Home,70,66,71.2,63,79.3,0,300,0,300,1.1,71.2,63,1,4,94,1388,949,102169,73.5,1,
2026-03-10,14:15:00,auto,compressorCoolStage1On,hold,Home,70,66,71.2,63,79.3,0,300,0,300,1.1,71.3,63,1,4,100,1578,1006,102163,73.5,1,
2026-03-10,14:20:00,auto,compressorCoolStage1On,hold,Home,70,66,71.8,67,79.3,0,300,0,300,0.5,71.5,67,1,4,89,1263,896,102154,73.3,1,
2026-03-10,14:25:00,auto,compressorCoolStage1On,hold,Home,70,66,71.2,62,79.3,0,300,0,300,1.2,71.5,62,0,4,93,1383,940,102152,73.3,0,
2026-03-10,14:30:00,auto,compressorCoolStage1On,hold,Home,70,66,70.7,60,79.3,0,300,0,300,1.6,71.2,60,1,4,110,1976,1105,102145,73.5,0,
2026-03-10,14:35:00,auto,compressorCoolStage1On,hold,Home,70,66,70.4,59,79.3,0,300,0,300,1.9,71.1,59,0,4,114,2184,1149,102138,73.7,0,
2026-03-10,14:40:00,auto,compressorCoolStage1On,hold,Home,70,66,70.3,59,79.3,0,300,0,300,2,71,59,1,4,116,2295,1171,102134,73.8,1,
2026-03-10,14:45:00,auto,compressorCoolStage1On,hold,Home,70,66,70.3,60,79.3,0,300,0,300,1.8,70.6,60,1,4,117,2318,1175,102129,73.7,1,
2026-03-10,14:50:00,auto,compressorCoolStage1On,hold,Home,70,66,70.2,59,79.3,0,210,0,255,1.9,70.5,59,1,4,117,2320,1176,102125,73.7,1,
2026-03-10,14:55:00,auto,compressorCoolOff,hold,Home,70,66,70.5,61,79.3,0,90,0,90,1.6,70.8,61,1,4,110,1981,1105,102123,73.6,1,
2026-03-10,15:00:00,auto,compressorCoolStage1On,hold,Home,70,66,70.8,61,79.4,0,300,0,300,1.7,71.1,61,1,4,106,1830,1071,102115,74.1,1,
2026-03-10,15:05:00,auto,compressorCoolStage1On,hold,Home,70,66,70.6,59,79.4,0,300,0,300,2,71.3,59,1,4,114,2176,1147,102107,74.1,1,
2026-03-10,15:10:00,auto,compressorCoolStage1On,hold,Home,70,66,70.4,58,79.4,0,300,0,300,2.2,71.1,58,1,4,119,2464,1202,102097,74.2,1,
2026-03-10,15:15:00,auto,compressorCoolStage1On,hold,Home,70,66,70.4,58,79.4,0,300,0,300,2.2,71.1,58,0,4,121,2578,1222,102092,74.2,1,
2026-03-10,15:20:00,auto,compressorCoolStage1On,hold,Home,70,66,70.4,58,79.4,0,300,0,300,2.2,71.1,58,0,4,122,2642,1233,102087,74.3,1,
2026-03-10,15:25:00,auto,compressorCoolStage1On,hold,Home,70,66,70.4,57,79.4,0,300,0,300,2.3,71.1,57,1,4,121,2555,1218,102082,74.4,1,
2026-03-10,15:30:00,auto,compressorCoolStage1On,hold,Home,70,66,70.5,57,79.4,0,300,0,300,2.3,71.2,57,1,4,119,2445,1199,102080,74.5,1,
2026-03-10,15:35:00,auto,compressorCoolStage1On,hold,Home,70,66,70.6,57,79.4,0,300,0,300,2.3,71.3,57,1,4,117,2349,1181,102080,74.5,1,
2026-03-10,15:40:00,auto,compressorCoolStage1On,hold,Home,70,66,70.6,58,79.4,0,300,0,300,2.2,71.4,58,1,4,115,2238,1160,102073,74.5,1,
2026-03-10,15:45:00,auto,compressorCoolStage1On,hold,Home,70,66,70.8,58,79.4,0,300,0,300,2.1,71.5,58,1,4,110,2015,1114,102068,74.4,1,
2026-03-10,15:50:00,auto,compressorCoolStage1On,hold,Home,70,66,70.9,58,79.4,0,300,0,300,2.1,71.8,58,1,4,112,2078,1127,102063,74.4,1,
2026-03-10,15:55:00,auto,compressorCoolStage1On,hold,Home,70,66,70.9,57,79.4,0,300,0,300,2.1,71.9,57,1,4,112,2068,1125,102056,74.3,1,
2026-03-10,16:00:00,auto,compressorCoolStage1On,hold,Home,70,66,70.7,56,79.3,0,300,0,300,2.3,71.9,56,1,4,113,2139,1140,102050,74.2,1,
2026-03-10,16:05:00,auto,compressorCoolStage1On,hold,Home,70,66,71,57,79.3,0,300,0,300,2.1,72.2,57,1,4,112,2071,1126,102046,74,1,
2026-03-10,16:10:00,auto,compressorCoolStage1On,hold,Home,70,66,71,57,79.3,0,300,0,300,2.1,72.5,57,1,4,109,1964,1103,102044,73.8,1,
2026-03-10,16:15:00,auto,compressorCoolStage1On,hold,Home,70,66,71.1,57,79.3,0,300,0,300,2.1,72.8,57,1,4,109,1928,1094,102036,73.7,0,
2026-03-10,16:20:00,,,,,,,,,79.3,0,,,,,,,,,,,,,,,
2026-03-10,16:25:00,,,,,,,,,79.3,0,,,,,,,,,,,,,,,
2026-03-10,16:30:00,,,,,,,,,79.5,0,,,,,,,,,,,,,,,
2026-03-10,16:35:00,,,,,,,,,79.5,0,,,,,,,,,,,,,,,
2026-03-10,16:40:00,,,,,,,,,79.5,0,,,,,,,,,,,,,,,
2026-03-10,16:45:00,,,,,,,,,79.5,0,,,,,,,,,,,,,,,
2026-03-10,16:50:00,auto,compressorCoolStage1On,hold,Home,70,66,73.5,54,79.5,0,300,0,300,2.6,75.1,54,,0,108,2045,1089,102032,79.2,0,
2026-03-10,16:55:00,auto,compressorCoolStage1On,hold,Home,70,66,74,54,79.5,0,300,0,300,3.1,75.5,54,,4,131,3237,1320,102031,78.8,0,
2026-03-10,17:00:00,auto,compressorCoolStage1On,hold,Home,70,66,73.9,53,79.3,0,300,0,300,3.1,75.9,53,,4,119,2469,1203,102032,78.1,0,
2026-03-10,17:05:00,auto,compressorCoolStage1On,hold,Home,70,66,73.7,53,79.3,0,300,0,300,3,76.1,53,1,4,113,2144,1140,102031,77.5,1,
2026-03-10,17:10:00,auto,compressorCoolStage1On,hold,Home,70,66,73.4,53,79.3,0,300,0,300,2.8,75.7,53,1,4,109,1939,1097,102029,76.8,1,
2026-03-10,17:15:00,auto,compressorCoolStage1On,hold,Home,70,66,73.4,54,79.3,0,300,0,300,2.6,75.5,54,1,4,109,1931,1095,102022,76.5,1,
2026-03-10,17:20:00,auto,compressorCoolStage1On,hold,Home,70,66,73.3,55,79.3,0,300,0,300,2.4,75.4,55,1,4,108,1910,1090,102013,76.2,0,
2026-03-10,17:25:00,auto,compressorCoolStage1On,hold,Home,70,66,73.3,56,79.3,0,300,0,300,2.2,75.1,56,1,4,145,4871,1460,102009,76,1,
2026-03-10,17:30:00,auto,compressorCoolStage1On,hold,Home,70,66,72.9,56,79.3,0,300,0,300,2.3,74.8,56,1,4,183,10661,1840,102003,75.8,1,
2026-03-10,17:35:00,auto,compressorCoolStage1On,hold,Home,70,66,72.8,57,79.3,0,300,0,300,2.2,74.4,57,1,3,203,16545,2042,101999,75.7,1,
2026-03-10,17:40:00,auto,compressorCoolStage1On,hold,Home,70,66,72.6,57,79.3,0,300,0,300,2.2,74.1,57,1,3,214,21018,2146,102001,75.6,1,
2026-03-10,17:45:00,auto,compressorCoolStage1On,hold,Home,70,66,72.5,57,79.3,0,300,0,300,2.1,73.9,57,1,3,216,22047,2169,101998,75.5,1,
2026-03-10,17:50:00,auto,compressorCoolStage1On,hold,Home,70,66,72.3,57,79.3,0,300,0,300,2.1,73.5,57,1,3,215,21509,2158,101999,75.5,1,
2026-03-10,17:55:00,auto,compressorCoolStage1On,hold,Home,70,66,72,57,79.3,0,300,0,300,2.3,73.2,57,1,3,215,21685,2161,101995,75.5,0,
2026-03-10,18:00:00,auto,compressorCoolStage1On,hold,Home,70,66,71.6,56,78.9,0,300,0,300,2.4,72.8,56,1,3,214,20910,2145,101990,75.4,0,
2026-03-10,18:05:00,auto,compressorCoolStage1On,hold,Home,70,66,71,55,78.9,0,300,0,300,2.7,72.3,55,0,3,218,23013,2187,101994,75.3,0,
2026-03-10,18:10:00,auto,compressorCoolStage1On,hold,Home,70,66,70.8,56,78.9,0,300,0,300,2.5,71.8,56,1,3,217,22805,2183,101998,75.1,0,
2026-03-10,18:15:00,auto,compressorCoolStage1On,hold,Home,70,66,70.7,56,78.9,0,300,0,300,2.4,71.5,56,1,3,211,19717,2119,102000,74.9,1,
2026-03-10,18:20:00,auto,compressorCoolStage1On,hold,Home,70,66,70.5,57,78.9,0,300,0,300,2.4,71.2,57,1,3,204,16974,2053,102006,74.7,1,
2026-03-10,18:25:00,auto,compressorCoolStage1On,hold,Home,70,66,70.4,57,78.9,0,300,0,300,2.4,71.1,57,1,4,199,14950,1997,102017,74.6,0,
2026-03-10,18:30:00,auto,compressorCoolStage1On,hold,Home,70,66,70.3,57,78.9,0,300,0,300,2.3,70.8,57,1,4,199,15055,2001,102022,74.5,0,
2026-03-10,18:35:00,auto,compressorCoolStage1On,hold,Home,70,66,70.2,57,78.9,0,300,0,300,2.3,70.6,57,0,4,199,14900,1996,102021,74.4,0,
2026-03-10,18:40:00,auto,compressorCoolStage1On,hold,Home,70,66,70.3,60,78.9,0,300,0,300,2,70.5,60,1,4,194,13380,1948,102024,74.3,0,
2026-03-10,18:45:00,auto,compressorCoolStage1On,hold,Home,70,66,70.2,59,78.9,0,135,0,180,2,70.2,59,1,4,199,15097,2001,102026,74.2,0,
2026-03-10,18:50:00,,,,,,,,,78.9,0,,,,,,,,,,,,,,,
2026-03-10,18:55:00,,,,,,,,,78.9,0,,,,,,,,,,,,,,,
2026-03-10,19:00:00,,,,,,,,,78.9,0,,,,,,,,,,,,,,,
2026-03-10,19:05:00,auto,compressorCoolStage1On,hold,Home,70,66,72.5,68,78.9,0,300,0,300,0.5,71.6,68,1,4,177,9217,1783,102046,74.5,1,
2026-03-10,19:10:00,auto,compressorCoolStage1On,hold,Home,70,66,73.1,70,78.9,0,300,0,300,0.2,72.4,70,1,4,181,10174,1820,102049,74.3,1,
2026-03-10,19:15:00,auto,compressorCoolStage1On,hold,Home,70,66,72.8,66,78.9,0,300,0,300,0.6,72.6,66,1,3,211,19729,2116,102048,74.2,1,
2026-03-10,19:20:00,auto,compressorCoolStage1On,hold,Home,70,66,73,67,78.9,0,300,0,300,0.4,72.8,67,1,3,207,17858,2075,102051,74.1,1,
2026-03-10,19:25:00,auto,compressorCoolStage1On,hold,Home,70,66,72.2,63,78.9,0,300,0,300,1,72.6,63,1,3,212,20320,2132,102052,74,1,
2026-03-10,19:30:00,auto,compressorCoolStage1On,hold,Home,70,66,71.5,60,78.9,0,300,0,300,1.6,72.2,60,0,3,215,21415,2155,102056,74,0,
2026-03-10,19:35:00,auto,compressorCoolStage1On,hold,Home,70,66,70.9,59,78.9,0,300,0,300,1.9,71.7,59,0,3,217,22743,2183,102055,74,0,
2026-03-10,19:40:00,auto,compressorCoolStage1On,hold,Home,70,66,70.4,58,78.9,0,300,0,300,2.1,71.3,58,0,3,217,22423,2176,102057,73.9,0,
2026-03-10,19:45:00,auto,compressorCoolStage1On,hold,Home,70,66,70.3,59,78.9,0,60,0,105,2,70.9,59,0,3,213,20538,2135,102066,73.9,0,
2026-03-10,19:50:00,auto,compressorCoolOff,hold,Home,70,66,70.9,61,78.9,0,240,0,240,1.7,71.1,61,0,4,195,13791,1961,102073,74.1,0,
2026-03-10,19:55:00,auto,compressorCoolStage1On,hold,Home,70,66,70.6,60,78.9,0,300,0,300,1.9,71,60,1,4,196,13907,1966,102079,74.2,0,
2026-03-10,20:00:00,auto,compressorCoolStage1On,hold,Home,70,66,70.2,60,77.6,0,255,0,300,1.9,70.4,60,1,4,197,14342,1979,102079,74.1,1,
2026-03-10,20:05:00,auto,compressorCoolOff,hold,Home,70,66,70.8,64,77.6,0,45,0,45,1.2,70.2,64,1,4,182,10408,1829,102087,74.1,1,
2026-03-10,20:10:00,auto,compressorCoolStage1On,hold,Home,70,66,71.2,64,77.6,0,300,0,300,1.3,70.7,64,1,4,171,7948,1719,102097,74.3,1,
2026-03-10,20:15:00,auto,compressorCoolStage1On,hold,Home,70,66,70.8,63,77.6,0,300,0,300,1.5,70.4,63,1,4,176,8887,1768,102096,74.4,1,
2026-03-10,20:20:00,auto,compressorCoolStage1On,hold,Home,70,66,70.6,61,77.6,0,300,0,300,1.7,70.6,61,1,4,178,9236,1785,102102,74.2,1,
2026-03-10,20:25:00,auto,compressorCoolStage1On,hold,Home,70,66,70.1,58,77.6,0,300,0,300,2.1,70.4,58,1,4,190,12348,1912,102105,74.2,1,
2026-03-10,20:30:00,auto,compressorCoolStage1On,hold,Home,70,66,70,57,77.6,0,120,0,165,2.2,70.3,57,0,4,199,15052,2000,102110,74.2,1,
2026-03-10,20:35:00,auto,compressorCoolOff,hold,Home,70,66,70.5,59,77.6,0,180,0,180,2,70.8,59,0,4,193,13233,1943,102119,74.3,0,
2026-03-10,20:40:00,auto,compressorCoolStage1On,hold,Home,70,66,70.3,57,77.6,0,300,0,300,2.3,70.9,57,0,4,197,14488,1983,102126,74.5,0,
2026-03-10,20:45:00,auto,compressorCoolStage1On,hold,Home,70,66,70,57,77.6,0,90,0,135,2.3,70.5,57,1,4,204,16621,2044,102129,74.3,0,
2026-03-10,20:50:00,auto,compressorCoolOff,hold,Home,70,66,70.5,59,77.6,0,195,0,195,2.1,70.8,59,1,4,194,13364,1947,102135,74.4,0,
2026-03-10,20:55:00,auto,compressorCoolStage1On,hold,Home,70,66,70.3,58,77.6,0,300,0,300,2.2,70.6,58,1,4,195,13699,1958,102139,74.5,0,
2026-03-10,21:00:00,auto,compressorCoolStage1On,hold,Home,70,66,70.1,58,77,0,30,0,75,2.1,70.5,58,0,4,198,14560,1985,102139,74.3,0,
2026-03-10,21:05:00,auto,compressorCoolOff,hold,Home,70,66,70.4,60,77,0,180,0,180,1.9,70.8,60,0,4,186,11135,1867,102142,74.3,0,
2026-03-10,21:10:00,auto,compressorCoolStage1On,hold,Home,70,66,70.1,58,77,0,210,0,255,2,70.8,58,0,4,190,12271,1909,102144,74.5,0,
2026-03-10,21:15:00,auto,compressorCoolOff,hold,Home,70,66,70.3,60,77,0,0,0,0,1.6,70.8,60,1,4,183,10600,1839,102150,74.3,0,
2026-03-10,21:20:00,auto,compressorCoolOff,hold,Home,70,66,70.4,60,77,0,105,0,105,1.7,71.3,60,1,4,173,8353,1741,102152,74.7,0,
2026-03-10,21:25:00,auto,compressorCoolStage1On,hold,Home,70,66,70.1,59,77,0,240,0,285,1.6,71.4,59,1,4,173,8332,1739,102158,74.8,0,
2026-03-10,21:30:00,auto,compressorCoolOff,hold,Home,70,66,70,61,77,0,0,0,0,1.1,71.1,61,1,4,169,7640,1699,102166,74.6,0,
2026-03-10,21:35:00,auto,compressorCoolOff,hold,Home,70,66,70.4,62,77,0,105,0,105,1,71.4,62,0,4,162,6519,1631,102174,74.8,0,
2026-03-10,21:40:00,auto,compressorCoolStage1On,hold,Home,70,66,70,60,77,0,195,0,240,1.4,71.4,60,0,4,166,7175,1673,102182,74.9,0,
2026-03-10,21:45:00,auto,compressorCoolOff,hold,Home,70,66,70.5,63,77,0,105,0,105,0.8,71.3,63,1,4,158,6047,1586,102190,74.8,0,
2026-03-10,21:50:00,auto,compressorCoolStage1On,hold,Home,70,66,70.6,62,77,0,300,0,300,0.9,71.5,62,1,4,138,3750,1386,102199,74.8,0,
2026-03-10,21:55:00,auto,compressorCoolOff,hold,Home,70,66,70.1,60,77,0,0,0,45,1.2,71.3,60,0,4,147,4589,1477,102196,74.6,0,
2026-03-10,22:00:00,auto,compressorCoolStage1On,hold,Home,70,66,70.1,60,76.8,0,300,0,300,1.2,71.3,60,0,4,144,4357,1454,102200,74.7,0,
2026-03-10,22:05:00,auto,compressorCoolOff,hold,Home,70,66,69.7,60,76.8,0,0,0,45,1.3,71,60,0,4,147,4630,1480,102206,74.6,0,
2026-03-10,22:10:00,auto,compressorCoolOff,hold,Home,70,66,70,61,76.8,0,165,0,165,1.2,71.1,61,1,4,139,3839,1398,102209,74.7,1,
2026-03-10,22:15:00,auto,compressorCoolStage1On,hold,Home,70,66,70.1,60,76.8,0,150,0,195,1.5,71.1,60,1,4,142,4124,1429,102203,74.6,1,
2026-03-10,22:20:00,auto,compressorCoolOff,hold,Home,70,66,70.4,60,76.8,0,150,0,150,1.5,71.1,60,0,4,143,4200,1438,102198,74.6,1,
2026-03-10,22:25:00,auto,compressorCoolStage1On,hold,Home,70,66,70.2,58,76.8,0,285,0,300,1.9,70.9,58,0,4,147,4594,1476,102198,74.6,0,
2026-03-10,22:30:00,auto,compressorCoolOff,hold,Home,70,66,70.1,59,76.8,0,15,0,45,1.9,70.5,59,0,4,149,4885,1503,102201,74.3,0,
2026-03-10,22:35:00,auto,compressorCoolStage1On,hold,Home,70,66,70.2,59,76.8,0,300,0,300,1.9,70.5,59,0,4,143,4242,1442,102204,74.3,0,
2026-03-10,22:40:00,auto,compressorCoolStage1On,hold,Home,70,66,70,59,76.8,0,60,0,105,2,70.2,59,0,4,150,4887,1504,102209,74.1,0,
2026-03-10,22:45:00,auto,compressorCoolOff,hold,Home,70,66,70.2,60,76.8,0,240,0,240,2,70.1,60,0,4,145,4443,1462,102210,74.2,0,
2026-03-10,22:50:00,auto,compressorCoolStage1On,hold,Home,70.1,66,70.1,59,76.8,0,60,0,105,2,70,59,1,4,148,4697,1487,102209,74,0,
2026-03-10,22:55:00,auto,compressorCoolOff,hold,Home,72,66,70.3,62,76.8,0,0,0,0,1.4,70,62,1,4,134,3483,1353,102210,73.9,0,
2026-03-10,23:00:00,auto,compressorCoolOff,hold,Sleep,72,66,70.5,61,76.4,0,0,0,0,1.6,70.5,61,0,4,130,3143,1310,102210,74.3,0,
2026-03-10,23:05:00,auto,compressorCoolOff,hold,Sleep,72,66,70.8,62,76.4,0,0,0,0,1.3,71,62,1,4,124,2763,1250,102201,74.5,0,
2026-03-10,23:10:00,auto,compressorCoolOff,hold,Sleep,72,66,71.8,66,76.4,0,60,0,60,0.6,71.6,66,0,4,95,1436,958,102204,74.8,0,
2026-03-10,23:15:00,auto,compressorCoolStage1On,hold,Sleep,72,66,72,67,76.4,0,240,0,285,0.3,71.8,67,1,4,77,940,777,102203,75,0,
2026-03-10,23:20:00,auto,compressorCoolOff,hold,Sleep,72,66,72,69,76.4,0,60,0,60,,71.9,69,0,4,63,695,598,102205,74.8,0,
2026-03-10,23:25:00,auto,compressorCoolStage1On,hold,Sleep,72,66,72.2,67,76.4,0,255,0,300,,72.2,67,0,4,58,612,544,102201,74.8,0,
2026-03-10,23:30:00,auto,compressorCoolOff,hold,Sleep,72,66,72.2,68,76.2,0,45,0,45,,72.3,68,0,3,53,548,519,102199,74.6,0,
2026-03-10,23:35:00,auto,compressorCoolStage1On,hold,Sleep,72,66,72.4,68,76.2,0,300,0,300,,72.4,68,0,3,43,434,468,102200,74.6,0,
2026-03-10,23:40:00,auto,compressorCoolStage1On,hold,Sleep,72,66,72.3,68,76.2,0,300,0,300,,72.3,68,0,3,45,460,481,102196,74.4,0,
2026-03-10,23:45:00,auto,compressorCoolStage1On,hold,Sleep,72,66,72.1,69,76.2,0,195,0,240,,72.1,69,1,3,41,413,457,102194,74,0,
2026-03-10,23:50:00,auto,compressorCoolOff,hold,Sleep,72,66,72.1,69,76.2,0,105,0,105,,72.1,69,1,3,37,386,442,102191,73.9,0,
2026-03-10,23:55:00,auto,compressorCoolStage1On,hold,Sleep,72,66,72.2,69,76.2,0,300,0,300,,72.2,69,0,3,32,337,413,102184,74.1,0,
2026-03-11,00:00:00,auto,compressorCoolStage1On,hold,Sleep,72,66,72,70,76.1,0,45,0,90,,72,70,0,3,31,333,410,102178,74,0,
2026-03-11,00:05:00,auto,compressorCoolOff,hold,Sleep,72,66,72.1,72,76.1,0,255,0,255,,72.1,72,0,3,24,283,400,102177,74,0,
2026-03-11,00:10:00,auto,compressorCoolStage1On,hold,Sleep,72,66,72,69,76.1,0,195,0,240,,72,69,0,3,28,310,400,102168,74,0,
2026-03-11,00:15:00,auto,compressorCoolOff,hold,Sleep,72,66,72,70,76.1,0,105,0,105,,72,70,0,3,27,304,400,102161,73.9,0,
2026-03-11,00:20:00,auto,compressorCoolStage1On,hold,Sleep,72,66,72.2,71,76.1,0,300,0,300,,72.2,71,0,3,25,287,400,102153,74,0,
2026-03-11,00:25:00,auto,compressorCoolStage1On,hold,Sleep,72,66,72.1,70,76.1,0,180,0,225,,71.9,70,1,3,24,283,400,102148,73.7,1,
2026-03-11,00:30:00,auto,compressorCoolOff,hold,Sleep,71.2,66,72.1,69,76.1,0,120,0,120,,71.9,69,1,3,29,315,400,102145,73.7,1,
2026-03-11,00:35:00,auto,compressorCoolStage1On,hold,Sleep,71,66,72.2,67,76.1,0,300,0,300,0.2,71.9,67,1,3,33,349,420,102141,73.9,1,
2026-03-11,00:40:00,auto,compressorCoolStage1On,hold,Sleep,71.3,66,72,66,76.1,0,210,0,255,0.4,71.7,66,1,3,39,401,451,102139,73.9,1,
2026-03-11,00:45:00,auto,compressorCoolOff,hold,Sleep,72,66,71.7,66,76.1,0,0,0,0,0.5,71.3,66,1,3,42,424,463,102136,73.8,1,
2026-03-11,00:50:00,auto,compressorCoolOff,hold,Sleep,72,66,72.2,67,76.1,0,255,0,255,0.4,71.5,67,1,3,39,399,449,102135,74.1,0,
2026-03-11,00:55:00,auto,compressorCoolStage1On,hold,Sleep,72.9,66,72.2,68,76.1,0,30,0,60,0.4,71.4,68,1,3,38,391,445,102132,73.9,0,
2026-03-11,01:00:00,auto,compressorCoolOff,hold,Sleep,73,66,72.2,69,75.8,0,0,0,0,0.3,71.4,69,1,3,37,384,441,102129,73.8,0,
2026-03-11,01:05:00,auto,compressorCoolOff,hold,Sleep,73,66,72.7,70,75.8,0,30,0,30,0.2,71.8,70,1,3,34,359,426,102123,74.1,1,
2026-03-11,01:10:00,auto,compressorCoolStage1On,hold,Sleep,73,66,73.2,73,75.8,0,270,0,300,,72,73,1,3,28,311,402,102115,74.4,1,
2026-03-11,01:15:00,auto,compressorCoolOff,hold,Sleep,73,66,72.8,75,75.8,0,0,0,15,,71,75,1,3,29,317,402,102110,74.6,1,
2026-03-11,01:20:00,auto,compressorCoolOff,hold,Sleep,73,66,73.1,77,75.8,0,240,0,240,-0.1,71.1,77,1,3,27,305,400,102106,74.8,1,
2026-03-11,01:25:00,auto,compressorCoolStage1On,hold,Sleep,73,66,72.6,76,75.8,0,60,0,105,,70.4,76,1,3,31,336,414,102104,74.8,1,
2026-03-11,01:30:00,auto,compressorCoolOff,hold,Sleep,73,66,72.7,76,75.8,0,0,0,0,,70.5,76,1,3,37,378,438,102102,74.9,1,
2026-03-11,01:35:00,auto,compressorCoolOff,hold,Sleep,73,66,73.2,75,75.8,0,60,0,60,,71.4,75,0,3,36,370,433,102099,75.1,0,
2026-03-11,01:40:00,auto,compressorCoolStage1On,hold,Sleep,73,66,73.5,75,75.8,0,300,0,300,,71.7,75,0,3,33,348,419,102091,75.2,0,
2026-03-11,01:45:00,auto,compressorCoolStage1On,hold,Sleep,73,66,72.9,75,75.8,0,105,0,150,,70.8,75,1,3,30,323,404,102082,75.1,0,
2026-03-11,01:50:00,auto,compressorCoolOff,hold,Sleep,73,66,72.7,75,75.8,0,0,0,0,,70.7,75,0,3,27,306,401,102075,74.9,0,
2026-03-11,01:55:00,auto,compressorCoolOff,hold,Sleep,73,66,73.3,74,75.8,0,90,0,90,,71.4,74,0,3,20,259,400,102072,75.1,0,
2026-03-11,02:00:00,auto,compressorCoolStage1On,hold,Sleep,73,66,73.4,74,75.6,0,300,0,300,,71.7,74,0,3,12,216,400,102067,75.3,0,
2026-03-11,02:05:00,auto,compressorCoolOff,hold,Sleep,71.8,66,72.3,72,75.6,0,0,0,45,0.3,70.8,72,1,3,11,212,400,102059,75.1,1,
2026-03-11,02:10:00,auto,compressorCoolStage1On,auto,Sleep,71,66,72.3,73,75.6,0,300,0,300,0.3,70.5,73,0,3,5,182,400,102048,75.1,1,
2026-03-11,02:15:00,auto,compressorCoolStage1On,auto,Sleep,71,66,71.8,74,75.6,0,300,0,300,0.3,69.5,74,1,3,1,168,400,102040,75.1,1,
2026-03-11,02:20:00,auto,compressorCoolStage1On,auto,Sleep,71,66,71.3,75,75.6,0,300,0,300,0.4,68.6,75,1,3,0,160,400,102038,74.9,1,
2026-03-11,02:25:00,auto,compressorCoolStage1On,auto,Sleep,71,66,71,74,75.6,0,105,0,150,0.5,68.3,74,1,3,0,160,400,102033,74.8,1,
2026-03-11,02:30:00,auto,compressorCoolOff,auto,Sleep,71,66,70.9,73,75.7,0,0,0,0,0.5,68.4,73,0,3,0,160,400,102027,74.5,1,
2026-03-11,02:35:00,auto,compressorCoolOff,auto,Sleep,71,66,71.5,73,75.7,0,225,0,225,0.5,69.4,73,0,3,0,160,400,102021,74.6,1,
2026-03-11,02:40:00,auto,compressorCoolStage1On,auto,Sleep,71,66,71.5,72,75.7,0,300,0,300,0.5,69.5,72,0,3,0,160,400,102017,74.6,1,
2026-03-11,02:45:00,auto,compressorCoolStage1On,auto,Sleep,71,66,70.9,71,75.7,0,75,0,120,0.6,68.8,71,1,3,0,160,400,102012,74.4,1,
2026-03-11,02:50:00,auto,compressorCoolOff,auto,Sleep,71,66,70.9,72,75.7,0,0,0,0,0.5,68.5,72,1,3,0,160,400,102009,74.4,1,
2026-03-11,02:55:00,auto,compressorCoolOff,auto,Sleep,71,66,71,71,75.7,0,285,0,285,0.6,69,71,0,3,0,160,400,101997,74.4,1,
2026-03-11,03:00:00,auto,compressorCoolStage1On,auto,Sleep,71,66,70.8,72,75.7,0,15,0,60,0.6,68.4,72,1,3,0,160,400,101992,74.5,0,
2026-03-11,03:05:00,auto,compressorCoolOff,auto,Sleep,71,66,71.1,73,75.7,0,210,0,210,0.5,68.7,73,0,3,0,160,400,101985,74.6,1,
2026-03-11,03:10:00,auto,compressorCoolStage1On,auto,Sleep,71,66,70.9,72,75.7,0,105,0,150,0.6,68.3,72,0,3,0,160,400,101983,74.7,1,
2026-03-11,03:15:00,auto,compressorCoolOff,auto,Sleep,71,66,70.9,73,75.7,0,60,0,60,0.6,68.3,73,0,3,0,160,400,101981,74.7,1,
2026-03-11,03:20:00,auto,compressorCoolStage1On,auto,Sleep,71,66,71.2,73,75.7,0,300,0,300,0.5,68.7,73,1,3,0,160,400,101979,74.8,1,
2026-03-11,03:25:00,auto,compressorCoolStage1On,auto,Sleep,71,66,70.8,71,75.7,0,60,0,105,0.7,68.3,71,1,3,0,160,400,101977,74.6,1,
2026-03-11,03:30:00,auto,compressorCoolOff,auto,Sleep,71,66,70.8,71,75.7,0,60,0,60,0.7,68.6,71,1,3,0,160,400,101971,74.6,0,
2026-03-11,03:35:00,auto,compressorCoolStage1On,auto,Sleep,71,66,71.4,71,75.7,0,300,0,300,0.6,69.4,71,1,3,0,160,400,101970,74.7,0,
2026-03-11,03:40:00,auto,compressorCoolStage1On,auto,Sleep,71,66,71.4,70,75.7,0,300,0,300,0.6,69.8,70,1,3,0,160,400,101970,74.3,1,
2026-03-11,03:45:00,auto,compressorCoolStage1On,auto,Sleep,71,66,71,66,75.7,0,180,0,225,0.8,70,66,1,3,0,160,400,101963,73.8,1,
2026-03-11,03:50:00,auto,compressorCoolOff,auto,Sleep,71,66,71.1,66,75.7,0,120,0,120,0.7,70.2,66,0,3,0,160,400,101956,73.6,1,
2026-03-11,03:55:00,auto,compressorCoolStage1On,auto,Sleep,71,66,71.2,66,75.7,0,300,0,300,0.7,70.5,66,0,3,0,160,400,101952,73.6,0,
2026-03-11,04:00:00,auto,compressorCoolStage1On,auto,Sleep,71,66,70.9,64,75.6,0,90,0,135,1,70.5,64,1,3,0,160,400,101945,73.4,1,
2026-03-11,04:05:00,auto,compressorCoolOff,auto,Sleep,71,66,71.1,65,75.6,0,165,0,165,0.7,70.5,65,1,3,0,160,400,101945,73.2,1,
2026-03-11,04:10:00,auto,compressorCoolStage1On,auto,Sleep,71,66,71.2,65,75.6,0,180,0,225,0.8,70.7,65,1,3,0,164,400,101941,73.3,1,
2026-03-11,04:15:00,auto,compressorCoolOff,auto,Sleep,71,66,70.9,66,75.6,0,120,0,120,0.8,70.1,66,1,3,3,175,400,101939,73.4,1,
2026-03-11,04:20:00,auto,compressorCoolStage1On,auto,Sleep,71,66,71.2,67,75.6,0,300,0,300,0.6,70.1,67,1,3,2,169,400,101933,73.5,1,
2026-03-11,04:25:00,auto,compressorCoolStage1On,auto,Sleep,71,66,71,67,75.6,0,105,0,150,0.6,69.9,67,1,3,7,195,400,101924,73.5,1,
2026-03-11,04:30:00,auto,compressorCoolOff,auto,Sleep,71,66,70.7,68,75.6,0,0,0,0,0.7,69.4,68,1,3,15,228,400,101916,73.5,1,
2026-03-11,04:35:00,auto,compressorCoolOff,auto,Sleep,71,66,70.8,68,75.6,0,0,0,0,0.7,69.5,68,1,3,12,214,400,101914,73.5,1,
2026-03-11,04:40:00,auto,compressorCoolOff,auto,Sleep,71,66,71.2,69,75.6,0,240,0,240,0.5,70,69,1,3,8,195,400,101913,73.7,1,
2026-03-11,04:45:00,auto,compressorCoolStage1On,auto,Sleep,71,66,70.9,68,75.6,0,120,0,165,0.6,69.6,68,1,3,14,223,400,101907,73.7,1,
2026-03-11,04:50:00,auto,compressorCoolOff,auto,Sleep,71,66,70.4,70,75.6,0,0,0,0,0.6,68.6,70,1,3,36,378,437,101907,73.7,1,
2026-03-11,04:55:00,auto,compressorCoolOff,auto,Sleep,71,66,71,72,75.6,0,165,0,165,0.4,69.1,72,0,3,64,708,617,101908,73.7,1,
2026-03-11,05:00:00,auto,compressorCoolStage1On,auto,Sleep,71.9,66,70.9,71,75.5,0,135,0,180,0.4,69,71,1,4,81,1037,817,101906,73.8,1,
2026-03-11,05:05:00,auto,compressorCoolOff,auto,Sleep,73,66,70.6,72,75.5,0,0,0,0,0.4,68.5,72,1,4,96,1437,964,101902,73.6,1,
2026-03-11,05:10:00,auto,compressorCoolOff,auto,Sleep,73,66,71,72,75.5,0,0,0,0,0.3,69,72,1,4,95,1416,958,101906,73.7,1,
2026-03-11,05:15:00,auto,compressorCoolOff,auto,Sleep,73,66,71.4,71,75.5,0,0,0,0,0.4,69.7,71,1,4,95,1411,957,101906,73.9,1,
2026-03-11,05:20:00,auto,compressorCoolOff,auto,Sleep,71.2,66,71.7,70,75.5,0,180,0,180,0.5,70.3,70,1,4,98,1507,985,101904,74.1,1,
2026-03-11,05:25:00,auto,compressorCoolStage1On,auto,Sleep,70.5,66,71.5,69,75.5,0,300,0,300,0.6,70.3,69,1,4,115,2228,1154,101901,74,1,
2026-03-11,05:30:00,auto,compressorCoolStage1On,auto,Sleep,71,66,70.9,68,75.6,0,90,0,135,0.7,69.5,68,1,4,137,3771,1382,101900,73.7,1,
2026-03-11,05:35:00,auto,compressorCoolOff,auto,Sleep,71,66,70.8,69,75.6,0,0,0,0,0.6,69.2,69,1,4,158,5998,1594,101905,73.7,0,
2026-03-11,05:40:00,auto,compressorCoolOff,auto,Sleep,71,66,71.1,69,75.6,0,225,0,225,0.6,69.7,69,1,4,156,5706,1571,101910,73.9,1,
2026-03-11,05:45:00,auto,compressorCoolStage1On,auto,Sleep,71,66,71,69,75.6,0,135,0,180,0.6,69.6,69,1,4,151,4992,1514,101913,73.8,1,
2026-03-11,05:50:00,auto,compressorCoolOff,auto,Sleep,71,66,71,70,75.6,0,135,0,135,0.5,69.5,70,1,4,143,4216,1437,101914,73.6,1,
2026-03-11,05:55:00,auto,compressorCoolStage1On,auto,Sleep,71,66,71.1,68,75.6,0,195,0,240,0.6,69.9,68,1,4,141,4033,1420,101915,73.6,1,
2026-03-11,06:00:00,auto,compressorCoolOff,auto,Sleep,71,66,71.2,69,75.5,0,105,0,105,0.5,70.1,69,0,4,140,3966,1411,101913,73.4,1,
2026-03-11,06:05:00,auto,compressorCoolStage1On,auto,Sleep,71,66,71.3,67,75.5,0,300,0,300,0.5,70.3,67,1,4,138,3787,1392,101906,73.4,1,
2026-03-11,06:10:00,auto,compressorCoolStage1On,auto,Sleep,71,66,70.8,68,75.5,0,75,0,120,0.5,69.6,68,0,4,140,3949,1410,101910,73.2,1,
2026-03-11,06:15:00,auto,compressorCoolOff,auto,Sleep,71,66,70.3,70,75.5,0,0,0,0,0.5,68.6,70,0,4,138,3736,1386,101917,73.1,0,
2026-03-11,06:20:00,auto,compressorCoolOff,auto,Sleep,71,66,70.6,70,75.5,0,0,0,0,0.5,69.1,70,0,4,132,3319,1333,101929,73.3,0,
2026-03-11,06:25:00,auto,compressorCoolOff,auto,Sleep,71,66,70.9,69,75.5,0,90,0,90,0.5,69.7,69,0,4,127,2921,1277,101937,73.4,0,
2026-03-11,06:30:00,auto,compressorCoolStage1On,auto,Sleep,71,66,70.9,69,75.5,0,210,0,255,0.5,69.5,69,0,4,126,2903,1274,101935,73.4,0,
2026-03-11,06:35:00,auto,compressorCoolOff,auto,Sleep,71,66,70.3,70,75.5,0,0,0,0,0.5,68.4,70,0,4,131,3189,1316,101938,73.3,0,
2026-03-11,06:40:00,auto,compressorCoolOff,auto,Sleep,71,66,70.6,71,75.5,0,0,0,0,0.5,68.8,71,0,4,128,2966,1284,101945,73.3,0,
2026-03-11,06:45:00,auto,compressorCoolOff,auto,Sleep,71.1,66,71,70,75.5,0,195,0,210,0.5,69.5,70,0,4,123,2703,1243,101950,73.4,0,
2026-03-11,06:50:00,auto,compressorCoolOff,auto,Sleep,73,66,70.5,70,75.5,0,0,0,15,0.4,68.8,70,1,4,123,2656,1235,101954,73.3,0,
2026-03-11,06:55:00,auto,compressorCoolOff,auto,Sleep,73,66,70.6,73,75.5,0,0,0,0,0.1,68.7,73,0,4,116,2304,1170,101962,73.3,0,
2026-03-11,07:00:00,auto,compressorCoolOff,auto,Sleep,73,66,71,74,75.6,0,0,0,0,,69.5,74,1,4,97,1494,980,101969,73.5,0,
2026-03-11,07:05:00,auto,compressorCoolOff,auto,Sleep,73,66,71.5,74,75.6,0,0,0,0,-0.1,70.3,74,1,4,83,1092,841,101977,73.6,0,
2026-03-11,07:10:00,auto,compressorCoolOff,auto,Sleep,73,66,71.6,74,75.6,0,0,0,120,-0.1,70.9,74,1,4,76,916,766,101983,73.7,0,
2026-03-11,07:15:00,auto,compressorCoolOff,auto,Sleep,73,66,71,73,75.6,0,0,0,285,-0.1,70.5,73,0,4,80,1004,807,101986,73.6,0,
2026-03-11,07:20:00,auto,compressorCoolOff,auto,Sleep,73,66,69.7,76,75.6,0,0,0,0,-0.5,69.1,76,0,4,77,935,773,101992,73.6,0,
2026-03-11,07:25:00,auto,compressorCoolOff,auto,Sleep,73,66,69.8,77,75.6,0,0,0,0,-0.5,69.2,77,0,4,63,683,601,101998,73.6,0,
2026-03-11,07:30:00,auto,compressorCoolOff,auto,Sleep,73,66,70.4,76,75.9,0,0,0,0,-0.4,70,76,0,4,54,562,525,102004,73.8,0,
2026-03-11,07:35:00,auto,compressorCoolOff,auto,Sleep,72.8,66,70.9,75,75.9,0,15,0,15,-0.2,70.6,75,1,3,45,461,480,102010,73.9,0,
2026-03-11,07:40:00,auto,compressorCoolStage1On,auto,Sleep,70,66,70.9,73,75.9,0,300,0,300,,70.9,73,0,3,37,378,438,102015,74,0,
2026-03-11,07:45:00,auto,compressorCoolStage1On,auto,Sleep,70,66,69.5,73,75.9,0,60,0,105,,69.5,73,0,3,30,321,405,102021,73.8,0,
2026-03-11,07:50:00,auto,compressorCoolOff,auto,Sleep,70,66,69.3,73,75.9,0,0,0,0,,69.2,73,0,3,21,262,400,102029,73.8,0,
2026-03-11,07:55:00,auto,compressorCoolOff,auto,Sleep,70.8,67.7,70,73,75.9,0,0,0,0,-0.1,69.9,73,0,3,10,205,400,102037,73.9,0,
2026-03-11,08:00:00,auto,compressorCoolOff,,Home,71,68,70.6,73,76.1,0,0,0,0,,70.6,73,0,3,5,183,400,102045,74,0,
2026-03-11,08:05:00,auto,compressorCoolOff,,Home,71,68,71.1,71,76.1,0,225,0,225,,71,71,0,3,3,175,400,102052,74,0,
2026-03-11,08:10:00,auto,compressorCoolStage1On,,Home,71,68,70.6,72,76.1,0,75,0,120,,70,72,0,3,8,195,400,102049,74,0,
2026-03-11,08:15:00,auto,compressorCoolOff,,Home,71,68,70.4,73,76.1,0,0,0,0,,69.1,73,0,3,10,205,400,102056,73.8,0,
2026-03-11,08:20:00,auto,compressorCoolOff,,Home,71,68,70.9,73,76.1,0,120,0,120,0.1,69.6,73,0,3,7,190,400,102062,73.8,0,
2026-03-11,08:25:00,auto,compressorCoolStage1On,,Home,71,68,71,72,76.1,0,180,0,225,0.1,69.6,72,1,3,9,202,400,102066,73.8,0,
2026-03-11,08:30:00,auto,compressorCoolOff,,Home,71,68,70.3,73,76.3,0,0,0,0,,68.8,73,0,3,14,225,400,102074,73.7,0,
2026-03-11,08:35:00,auto,compressorCoolOff,,Home,71,68,70.3,73,76.3,0,0,0,0,,69.1,73,0,3,13,220,400,102078,73.7,0,
2026-03-11,08:40:00,auto,compressorCoolOff,,Home,71,68,70.5,73,76.3,0,0,0,0,,69.9,73,0,3,11,210,400,102081,73.7,0,
2026-03-11,08:45:00,auto,compressorCoolOff,,Home,71,68,70.7,71,76.3,0,0,0,0,,70.6,71,0,3,11,210,400,102081,73.8,0,
2026-03-11,08:50:00,auto,compressorCoolOff,,Home,71,68,71.1,71,76.3,0,210,0,210,,71.1,71,0,3,12,215,400,102082,73.9,0,
2026-03-11,08:55:00,auto,compressorCoolStage1On,,Home,71,68,70.5,71,76.3,0,90,0,135,,70.4,71,1,3,20,256,400,102084,73.8,0,
2026-03-11,09:00:00,auto,compressorCoolOff,,Home,70.7,67.7,70.2,72,76.7,0,90,0,90,,70.1,72,1,3,23,279,400,102086,73.7,1,
2026-03-11,09:05:00,auto,compressorCoolStage1On,auto,Home,70,67,70.9,72,76.7,0,300,0,300,,70.7,72,1,3,19,252,400,102089,73.8,1,
2026-03-11,09:10:00,auto,compressorCoolStage1On,auto,Home,71.7,67,71.1,68,76.7,0,45,0,75,0.2,70.8,68,1,3,33,349,421,102096,73.6,1,
2026-03-11,09:15:00,auto,compressorCoolOff,auto,Home,72,67,71.4,69,76.7,0,0,0,0,0.2,70.9,69,1,3,35,364,430,102103,73.5,1,
2026-03-11,09:20:00,auto,compressorCoolOff,auto,Home,72,67,71.8,69,76.7,0,45,0,45,0.2,71.2,69,0,3,35,364,430,102104,73.6,1,
2026-03-11,09:25:00,auto,compressorCoolStage1On,auto,Home,72,67,71.9,69,76.7,0,255,0,300,0.2,71.2,69,0,3,36,370,433,102103,73.6,0,
2026-03-11,09:30:00,auto,compressorCoolOff,auto,Home,72,67,71,70,76.7,0,0,0,0,0.3,69.6,70,0,3,42,430,466,102104,73.4,0,
2026-03-11,09:35:00,auto,compressorCoolOff,auto,Home,72,67,71.1,71,76.7,0,0,0,0,0.3,69.5,71,0,3,46,461,481,102109,73.4,0,
2026-03-11,09:40:00,auto,compressorCoolOff,auto,Home,72,67,71.5,70,76.7,0,0,0,0,0.2,70.2,70,0,3,44,441,471,102111,73.4,0,
2026-03-11,09:45:00,auto,compressorCoolOff,auto,Home,72,67,71.9,70,76.7,0,45,0,45,0.3,70.8,70,0,3,44,442,472,102114,73.6,0,
2026-03-11,09:50:00,auto,compressorCoolStage1On,auto,Home,72,67,72.1,70,76.7,0,255,0,300,0.2,70.9,70,0,3,48,493,496,102111,73.7,0,
2026-03-11,09:55:00,auto,compressorCoolOff,auto,Home,72,67,71.3,72,76.7,0,0,0,0,0.1,69.6,72,1,4,57,595,537,102118,73.5,0,
2026-03-11,10:00:00,auto,compressorCoolOff,auto,Home,72,67,71.3,72,77.7,0,0,0,0,0.2,69.6,72,1,4,60,647,556,102119,73.6,1,
2026-03-11,10:05:00,auto,compressorCoolOff,auto,Home,72,67,71.8,71,77.7,0,60,0,60,0.2,70.4,71,1,4,59,632,551,102118,73.7,1,
2026-03-11,10:10:00,auto,compressorCoolStage1On,auto,Home,72,67,72.2,71,77.7,0,300,0,300,0.1,70.9,71,0,4,59,631,550,102124,73.9,0,
2026-03-11,10:15:00,auto,compressorCoolOff,auto,Home,72,67,71.7,69,77.7,0,0,0,45,0.5,70.6,69,0,4,71,822,694,102126,73.8,0,
2026-03-11,10:20:00,auto,compressorCoolOff,auto,Home,72,67,71.6,69,77.7,0,0,0,0,0.5,70.6,69,0,4,76,924,770,102127,73.8,0,
2026-03-11,10:25:00,auto,compressorCoolOff,auto,Home,72,67,72.1,69,77.7,0,210,0,210,0.4,71.1,69,0,4,73,864,740,102129,74,0,
2026-03-11,10:30:00,auto,compressorCoolStage1On,auto,Home,72,67,72.1,69,77.7,0,225,0,270,0.4,71.1,69,0,4,73,868,742,102131,74.1,0,
2026-03-11,10:35:00,auto,compressorCoolOff,auto,Home,72,67,71.3,67,77.7,0,0,0,0,0.7,70.3,67,0,4,86,1161,870,102132,73.9,0,
2026-03-11,10:40:00,auto,compressorCoolOff,auto,Home,72,67,71.6,68,77.7,0,0,0,0,0.5,70.5,68,0,4,86,1144,864,102138,74,0,
2026-03-11,10:45:00,auto,compressorCoolOff,auto,Home,72,67,72.1,70,77.7,0,240,0,240,0.3,71,70,1,4,78,957,785,102142,74.1,0,
2026-03-11,10:50:00,auto,compressorCoolStage1On,auto,Home,72,67,72,67,77.7,0,75,0,120,0.4,71.3,67,1,4,80,999,804,102143,74.1,1,
2026-03-11,10:55:00,auto,compressorCoolOff,auto,Home,72,67,72.3,68,77.7,0,225,0,225,0.3,71.6,68,1,4,80,995,803,102146,74,1,
2026-03-11,11:00:00,auto,compressorCoolStage1On,auto,Home,72,67,72.1,65,78.3,0,150,0,195,0.6,71.7,65,1,4,88,1207,886,102146,73.9,0,
2026-03-11,11:05:00,auto,compressorCoolOff,auto,Home,71.2,67,72.3,68,78.3,0,150,0,150,0.3,71.7,68,1,4,87,1180,876,102150,73.8,1,
2026-03-11,11:10:00,auto,compressorCoolStage1On,hold,Home,71,67,72.5,69,78.3,0,300,0,300,0.2,71.9,69,0,4,80,1008,809,102153,73.7,1,
2026-03-11,11:15:00,auto,compressorCoolStage1On,hold,Home,71,67,72.2,69,78.3,0,300,0,300,0.3,71.4,69,1,4,82,1050,827,102152,73.7,1,
2026-03-11,11:20:00,auto,compressorCoolStage1On,hold,Home,71,67,71.7,69,78.3,0,300,0,300,0.4,70.6,69,1,4,82,1052,827,102150,73.8,1,
2026-03-11,11:25:00,auto,compressorCoolStage1On,hold,Home,71,67,71,69,78.3,0,225,0,270,0.5,69.7,69,1,4,84,1098,846,102149,73.6,1,
2026-03-11,11:30:00,auto,compressorCoolOff,hold,Home,71,67,70.6,69,78.6,0,0,0,0,0.5,69,69,1,4,83,1081,837,102154,73.4,1,
2026-03-11,11:35:00,auto,compressorCoolOff,hold,Home,71,67,71,71,78.6,0,210,0,210,0.4,69.3,71,1,4,72,839,727,102160,73.6,1,
2026-03-11,11:40:00,auto,compressorCoolStage1On,hold,Home,71,67,71,67,78.6,0,210,0,255,0.7,69.8,67,1,4,72,838,727,102162,73.8,1,
2026-03-11,11:45:00,auto,compressorCoolOff,hold,Home,71,67,71.1,67,78.6,0,90,0,90,0.8,70,67,1,4,72,838,726,102165,73.8,1,
2026-03-11,11:50:00,auto,compressorCoolStage1On,hold,Home,71,67,71.2,66,78.6,0,300,0,300,0.7,70.2,66,1,4,67,752,661,102164,73.9,0,
2026-03-11,11:55:00,auto,compressorCoolOff,hold,Home,71,67,71.2,66,78.6,0,0,0,45,0.8,70.3,66,1,4,71,827,720,102161,74,0,
2026-03-11,12:00:00,auto,compressorCoolStage1On,hold,Home,71,67,71.5,66,78.7,0,300,0,300,0.7,70.6,66,1,4,67,753,659,102159,74,0,
2026-03-11,12:05:00,auto,compressorCoolStage1On,hold,Home,71,67,71.1,64,78.7,0,135,0,180,1.1,70.6,64,1,4,75,903,759,102157,74,0,
2026-03-11,12:10:00,auto,compressorCoolOff,hold,Home,71,67,71.4,65,78.7,0,165,0,165,0.9,70.8,65,0,4,76,924,770,102162,74,0,
2026-03-11,12:15:00,auto,compressorCoolStage1On,hold,Home,71,67,71.2,62,78.7,0,240,0,285,1.3,71,62,0,4,80,1026,814,102159,74.1,0,
2026-03-11,12:20:00,auto,compressorCoolOff,hold,Home,71,67,71.2,63,78.7,0,60,0,60,1.2,70.8,63,0,4,85,1126,857,102159,74.2,0,
2026-03-11,12:25:00,auto,compressorCoolStage1On,hold,Home,71,67,71.2,63,78.7,0,255,0,300,1.1,71,63,0,4,88,1231,891,102153,74.3,0,
2026-03-11,12:30:00,auto,compressorCoolOff,hold,Home,71,67,71.2,64,78.7,0,0,0,0,0.9,70.9,64,0,4,101,1623,1018,102151,74.5,0,
2026-03-11,12:35:00,auto,compressorCoolOff,hold,Home,71,67,71.5,65,78.7,0,105,0,105,0.7,71.3,65,0,4,100,1594,1011,102153,74.6,0,
2026-03-11,12:40:00,auto,compressorCoolStage1On,hold,Home,71,67,71.7,63,78.7,0,300,0,300,1,71.6,63,0,4,104,1759,1052,102144,75,0,
2026-03-11,12:45:00,auto,compressorCoolStage1On,hold,Home,71,67,71.4,61,78.7,0,300,0,300,1.5,71.4,61,0,4,117,2322,1175,102141,75.1,0,
2026-03-11,12:50:00,auto,compressorCoolStage1On,hold,Home,71,67,71.1,60,78.7,0,195,0,240,1.7,71.1,60,0,4,126,2876,1270,102136,75.1,0,
2026-03-11,12:55:00,auto,compressorCoolOff,hold,Home,71,67,71.6,64,78.7,0,105,0,105,1.3,70.9,64,0,4,121,2556,1216,102133,75.1,0,
2026-03-11,13:00:00,auto,compressorCoolStage1On,hold,Home,71,67,71.7,63,79,0,300,0,300,1.4,71.1,63,0,4,118,2397,1189,102130,75.2,0,
2026-03-11,13:05:00,auto,compressorCoolStage1On,hold,Home,71,67,71.2,60,79,0,270,0,300,1.8,70.8,60,0,4,132,3291,1328,102119,75.2,0,
2026-03-11,13:10:00,auto,compressorCoolOff,hold,Home,71,67,71.3,62,79,0,30,0,45,1.6,70.7,62,0,4,134,3463,1352,102108,75.3,0,
2026-03-11,13:15:00,auto,compressorCoolStage1On,hold,Home,71,67,71.6,62,79,0,300,0,300,1.6,71.1,62,0,4,127,2958,1283,102101,75.4,0,
2026-03-11,13:20:00,auto,compressorCoolStage1On,hold,Home,71,67,71.3,60,79,0,300,0,300,1.9,71.1,60,0,4,138,3742,1385,102097,75.5,0,
2026-03-11,13:25:00,auto,compressorCoolStage1On,hold,Home,71,67,71.1,60,79,0,105,0,150,1.9,70.7,60,0,4,144,4301,1448,102090,75.5,0,
2026-03-11,13:30:00,auto,compressorCoolOff,hold,Home,71,67,71.8,64,79,0,195,0,195,1.3,70.8,64,0,4,133,3344,1336,102082,75.5,0,
2026-03-11,13:35:00,auto,compressorCoolStage1On,hold,Home,71,67,71.6,61,79,0,300,0,300,1.7,71.1,61,0,4,136,3641,1372,102075,75.8,0,
2026-03-11,13:40:00,auto,compressorCoolStage1On,hold,Home,71,67,71.3,60,79,0,300,0,300,2,70.9,60,0,4,147,4582,1476,102067,75.8,0,
2026-03-11,13:45:00,auto,compressorCoolStage1On,hold,Home,71,67,71.4,60,79,0,45,0,90,1.9,70.9,60,1,4,152,5156,1527,102059,75.8,1,
2026-03-11,13:50:00,auto,compressorCoolOff,hold,Home,71,67,72,62,79,0,255,0,255,1.6,71.4,62,0,4,158,5915,1588,102055,76,1,
2026-03-11,13:55:00,auto,compressorCoolStage1On,hold,Home,71,67,71.9,60,79,0,300,0,300,1.9,71.5,60,0,4,172,8129,1727,102051,76.2,1,
2026-03-11,14:00:00,auto,compressorCoolStage1On,hold,Home,71,67,71.5,59,79.1,0,300,0,300,2.2,71.3,59,0,4,182,10264,1831,102046,76.3,0,
2026-03-11,14:05:00,auto,compressorCoolStage1On,hold,Home,71,67,71.5,59,79.1,0,300,0,300,2.2,71.2,59,0,4,187,11518,1882,102033,76.4,0,
2026-03-11,14:10:00,auto,compressorCoolStage1On,hold,Home,71,67,71.5,58,79.1,0,300,0,300,2.2,71.2,58,0,4,190,12232,1909,102023,76.5,0,
2026-03-11,14:15:00,auto,compressorCoolStage1On,hold,Home,71,67,71.3,57,79.1,0,300,0,300,2.4,71,57,0,4,194,13344,1947,102014,76.5,0,
2026-03-11,14:20:00,auto,compressorCoolStage1On,hold,Home,71,67,71.3,58,79.1,0,300,0,300,2.5,70.9,58,0,4,196,13884,1965,102010,76.6,0,
2026-03-11,14:25:00,auto,compressorCoolStage1On,hold,Home,71,67,71.4,58,79.1,0,300,0,300,2.6,70.9,58,0,4,198,14755,1991,102005,76.6,0,
2026-03-11,14:30:00,auto,compressorCoolStage1On,hold,Home,71,67,71.2,57,79.5,0,300,0,300,2.5,70.9,57,0,4,200,15352,2009,102001,76.6,0,
2026-03-11,14:35:00,auto,compressorCoolStage1On,hold,Home,71,67,71.2,57,79.5,0,300,0,300,2.5,70.9,57,0,4,200,15383,2010,101997,76.7,0,
2026-03-11,14:40:00,auto,compressorCoolStage1On,hold,Home,71,67,71.2,57,79.5,0,300,0,300,2.6,71,57,0,4,200,15427,2011,101991,76.8,0,
2026-03-11,14:45:00,auto,compressorCoolStage1On,hold,Home,71,67,71.3,57,79.5,0,300,0,300,2.5,71.2,57,0,4,201,15691,2019,101989,76.7,0,
2026-03-11,14:50:00,auto,compressorCoolStage1On,hold,Home,71,67,71.4,57,79.5,0,300,0,300,2.6,71.3,57,0,4,202,15988,2027,101984,76.7,0,
2026-03-11,14:55:00,auto,compressorCoolStage1On,hold,Home,71,67,71.4,57,79.5,0,300,0,300,2.6,71.4,57,0,4,202,16207,2033,101979,76.8,0,
2026-03-11,15:00:00,auto,compressorCoolStage1On,hold,Home,71,67,71.4,56,79.5,0,300,0,300,2.6,71.4,56,0,4,204,16793,2049,101975,76.8,0,
2026-03-11,15:05:00,auto,compressorCoolStage1On,hold,Home,71,67,71.5,56,79.5,0,300,0,300,2.6,71.5,56,0,4,204,16640,2045,101972,76.8,0,
2026-03-11,15:10:00,auto,compressorCoolStage1On,hold,Home,71,67,71.4,55,79.5,0,300,0,300,2.7,71.5,55,0,4,205,17195,2059,101971,76.8,0,
2026-03-11,15:15:00,auto,compressorCoolStage1On,hold,Home,71,67,71.5,56,79.5,0,300,0,300,2.7,71.6,56,0,4,204,16854,2050,101962,76.9,0,
2026-03-11,15:20:00,auto,compressorCoolStage1On,hold,Home,71,67,71.4,55,79.5,0,300,0,300,2.8,71.6,55,0,4,205,17313,2062,101956,77,0,
2026-03-11,15:25:00,auto,compressorCoolStage1On,hold,Home,71,67,71.5,56,79.5,0,300,0,300,2.8,71.6,56,1,4,205,17101,2057,101951,77,1,
2026-03-11,15:30:00,auto,compressorCoolStage1On,hold,Home,71,67,71.7,57,79.5,0,300,0,300,2.6,71.7,57,1,4,203,16320,2036,101945,77,1,
2026-03-11,15:35:00,auto,compressorCoolStage1On,hold,Home,71,67,71.6,55,79.5,0,300,0,300,2.8,71.9,55,0,4,207,18155,2083,101938,77,1,
2026-03-11,15:40:00,auto,compressorCoolStage1On,hold,Home,71,67,71.7,55,79.5,0,300,0,300,2.8,72,55,1,4,215,21575,2158,101937,77.1,0,
2026-03-11,15:45:00,auto,compressorCoolStage1On,hold,Home,71,67,71.7,56,79.5,0,300,0,300,2.7,71.9,56,1,4,223,25976,2241,101936,77.2,0,
2026-03-11,15:50:00,auto,compressorCoolStage1On,hold,Home,71.9,67,72,57,79.5,0,30,0,60,2.4,71.9,57,1,4,223,25878,2239,101937,77,0,
2026-03-11,15:55:00,auto,compressorCoolOff,hold,Home,72,67,72.7,59,79.5,0,210,0,210,2.3,72.7,59,1,4,213,20788,2141,101935,77.2,0,
2026-03-11,16:00:00,auto,compressorCoolStage1On,hold,Home,72,67,72.8,59,79.4,0,300,0,300,2.3,72.9,59,1,4,217,22523,2175,101935,77.5,0,
2026-03-11,16:05:00,auto,compressorCoolStage1On,hold,Home,72,67,72.8,58,79.4,0,300,0,300,2.3,72.9,58,1,4,228,29147,2292,101931,77.6,0,
2026-03-11,16:10:00,auto,compressorCoolStage1On,hold,Home,72,67,72.7,58,79.4,0,300,0,300,2.3,73,58,1,3,232,31625,2328,101933,77.4,1,
2026-03-11,16:15:00,auto,compressorCoolStage1On,hold,Home,72,67,72.8,58,79.4,0,300,0,300,2.3,73,58,1,3,236,35060,2373,101930,77.3,1,
2026-03-11,16:20:00,auto,compressorCoolStage1On,hold,Home,72,67,72.6,57,79.4,0,300,0,300,2.5,73,57,1,3,242,40192,2434,101928,77.2,1,
2026-03-11,16:25:00,auto,compressorCoolStage1On,hold,Home,72,67,72.5,57,79.4,0,300,0,300,2.4,72.9,57,1,3,245,43197,2465,101923,77,1,
2026-03-11,16:30:00,auto,compressorCoolStage1On,hold,Home,72,67,72.4,57,79.4,0,300,0,300,2.4,72.9,57,1,3,250,48171,2513,101922,76.7,0,
2026-03-11,16:35:00,auto,compressorCoolStage1On,hold,Home,72,67,72.5,57,79.4,0,300,0,300,2.3,72.9,57,0,3,253,50964,2538,101922,76.9,0,
2026-03-11,16:40:00,auto,compressorCoolStage1On,hold,Home,72,67,72.4,57,79.4,0,300,0,300,2.4,72.8,57,0,3,254,52621,2552,101913,77,0,
2026-03-11,16:45:00,auto,compressorCoolStage1On,hold,Home,72,67,72.2,56,79.4,0,300,0,300,2.5,72.8,56,0,3,256,54314,2566,101905,76.8,0,
2026-03-11,16:50:00,auto,compressorCoolStage1On,hold,Home,72,67,72.2,56,79.4,0,300,0,300,2.6,72.7,56,1,3,257,55737,2578,101902,77,0,
2026-03-11,16:55:00,auto,compressorCoolStage1On,hold,Home,72,67,72.3,56,79.4,0,300,0,300,2.6,72.7,56,0,3,258,56929,2587,101900,77.2,0,
2026-03-11,17:00:00,auto,compressorCoolStage1On,hold,Home,72,67,72.2,56,79.2,0,300,0,300,2.6,72.5,56,1,3,259,58936,2602,101897,77.5,1,
2026-03-11,17:05:00,auto,compressorCoolStage1On,hold,Home,72,67,72.2,56,79.2,0,300,0,300,2.7,72.3,56,1,3,257,56211,2581,101893,77.7,1,
2026-03-11,17:10:00,auto,compressorCoolStage1On,hold,Home,72,67,72.2,56,79.2,0,300,0,300,2.8,72.3,56,1,3,256,54984,2572,101889,77.8,1,
2026-03-11,17:15:00,auto,compressorCoolStage1On,hold,Home,72,67,72.5,58,79.2,0,300,0,300,2.4,72.3,58,1,3,251,48804,2518,101892,77.7,1,
2026-03-11,17:20:00,auto,compressorCoolStage1On,hold,Home,72,67,72.4,57,79.2,0,300,0,300,2.4,72.4,57,1,3,246,43361,2467,101890,77.3,1,
2026-03-11,17:25:00,auto,compressorCoolStage1On,hold,Home,72,67,72.2,56,79.2,0,300,0,300,2.6,72.5,56,0,3,245,42616,2459,101882,77.2,1,
2026-03-11,17:30:00,auto,compressorCoolStage1On,hold,Home,72,67,72.2,56,79.5,0,300,0,300,2.6,72.5,56,1,3,242,39977,2431,101880,77.2,1,
2026-03-11,17:35:00,auto,compressorCoolStage1On,hold,Home,72,67,72.2,56,79.5,0,300,0,300,2.7,72.5,56,0,3,242,39394,2425,101878,77.3,1,
2026-03-11,17:40:00,auto,compressorCoolStage1On,hold,Home,72,67,72.2,56,79.5,0,300,0,300,2.6,72.4,56,1,3,240,38264,2412,101876,77.3,1,
2026-03-11,17:45:00,auto,compressorCoolStage1On,hold,Home,72,67,72.5,58,79.5,0,300,0,300,2.3,72.4,58,1,3,235,33688,2354,101877,77.3,1,
2026-03-11,17:50:00,auto,compressorCoolStage1On,hold,Home,72,67,72.5,58,79.5,0,300,0,300,2.3,72.5,58,1,4,228,28624,2284,101877,77.2,1,
2026-03-11,17:55:00,auto,compressorCoolStage1On,hold,Home,72,67,72.5,58,79.5,0,300,0,300,2.3,72.7,58,0,4,228,28972,2289,101878,77,1,
2026-03-11,18:00:00,auto,compressorCoolStage1On,hold,Home,72,67,72.3,58,79.2,0,300,0,300,2.3,72.7,58,0,4,232,31995,2333,101877,76.7,0,
2026-03-11,18:05:00,auto,compressorCoolStage1On,hold,Home,72,67,72.1,57,79.2,0,210,0,255,2.3,72.6,57,0,3,238,36467,2391,101876,76.3,0,
2026-03-11,18:10:00,auto,compressorCoolOff,hold,Home,72,67,72.8,60,79.2,0,90,0,90,1.7,73,60,1,3,227,28560,2277,101882,76.2,1,
2026-03-11,18:15:00,auto,compressorCoolStage1On,hold,Home,72,67,73,60,79.2,0,300,0,300,1.8,73.2,60,1,4,220,24264,2211,101886,76.5,1,
2026-03-11,18:20:00,auto,compressorCoolStage1On,hold,Home,72,67,73.2,61,79.2,0,300,0,300,1.4,73.3,61,1,4,214,21305,2145,101889,76.2,1,
2026-03-11,18:25:00,auto,compressorCoolStage1On,hold,Home,72,67,73.3,62,79.2,0,300,0,300,1.2,73.3,62,1,4,192,12838,1928,101893,75.8,0,
2026-03-11,18:30:00,auto,compressorCoolStage1On,hold,Home,72,67,72.8,61,79.2,0,300,0,300,1.4,73.3,61,1,4,182,10288,1832,101898,75.4,1,
2026-03-11,18:35:00,auto,compressorCoolStage1On,hold,Home,72,67,72.1,58,79.2,0,270,0,300,1.9,73,58,1,4,193,13175,1941,101899,75.1,1,
2026-03-11,18:40:00,auto,compressorCoolOff,hold,Home,72,67,72.3,60,79.2,0,30,0,45,1.6,72.9,60,1,4,189,12069,1897,101899,75,1,
2026-03-11,18:45:00,auto,compressorCoolStage1On,hold,Home,72,67,72.9,62,79.2,0,300,0,300,1.3,73.1,62,1,4,176,8890,1767,101906,75.4,1,
2026-03-11,18:50:00,auto,compressorCoolStage1On,hold,Home,72,67,72.8,60,79.2,0,300,0,300,1.5,73.3,60,1,4,181,10211,1820,101910,75.4,1,
2026-03-11,18:55:00,auto,compressorCoolStage1On,hold,Home,72,67,72.4,58,79.2,0,300,0,300,1.9,73.3,58,1,4,211,19692,2114,101915,75.4,1,
2026-03-11,19:00:00,auto,compressorCoolStage1On,hold,Home,72,67,72.2,58,79.2,0,270,0,300,2,73.2,58,1,4,227,28290,2278,101916,75.4,1,
2026-03-11,19:05:00,auto,compressorCoolOff,hold,Home,72,67,72.5,60,79.2,0,30,0,45,1.6,73,60,1,4,231,30876,2315,101923,75.4,1,
2026-03-11,19:10:00,auto,compressorCoolStage1On,hold,Home,72,67,72.9,61,79.2,0,300,0,300,1.5,73.3,61,1,4,225,27113,2260,101930,75.7,1,
2026-03-11,19:15:00,auto,compressorCoolStage1On,hold,Home,72,67,72.5,59,79.2,0,300,0,300,1.8,73.2,59,1,3,236,34974,2371,101933,75.6,1,
2026-03-11,19:20:00,auto,compressorCoolStage1On,hold,Home,72,67,72.2,59,79.2,0,300,0,300,1.8,72.9,59,1,3,241,39240,2423,101930,75.3,1,
2026-03-11,19:25:00,auto,compressorCoolStage1On,hold,Home,72,67,72,59,79.2,0,120,0,165,1.7,72.7,59,1,3,246,43223,2465,101932,74.9,1,
2026-03-11,19:30:00,auto,compressorCoolOff,hold,Home,72,67,72.4,61,79.2,0,180,0,180,1.4,72.8,61,0,3,233,32351,2337,101936,74.9,1,
2026-03-11,19:35:00,auto,compressorCoolStage1On,hold,Home,72,67,72.1,59,79.2,0,210,0,255,1.7,72.8,59,1,3,235,34288,2363,101938,75.1,0,
2026-03-11,19:40:00,auto,compressorCoolOff,hold,Home,72,67,73,64,79.2,0,90,0,90,0.8,72.8,64,1,3,218,23617,2184,101944,74.9,0,
2026-03-11,19:45:00,auto,compressorCoolStage1On,hold,Home,72,67,72.7,62,79.2,0,300,0,300,1.3,72.9,62,0,4,213,20542,2137,101944,75.3,0,
2026-03-11,19:50:00,auto,compressorCoolStage1On,hold,Home,72,67,72.1,60,79.2,0,225,0,270,1.7,72.8,60,1,4,220,24103,2208,101940,75,1,
2026-03-11,19:55:00,auto,compressorCoolOff,hold,Home,72,67,72.4,61,79.2,0,75,0,75,1.3,72.7,61,1,4,214,21404,2153,101939,74.8,1,
2026-03-11,20:00:00,auto,compressorCoolStage1On,hold,Home,72,67,72.6,61,77.2,0,300,0,300,1.4,72.9,61,1,4,208,18428,2090,101938,75.2,0,
2026-03-11,20:05:00,auto,compressorCoolStage1On,hold,Home,72,67,72.2,60,77.2,0,300,0,300,1.7,72.8,60,1,4,214,21177,2151,101934,75,0,
2026-03-11,20:10:00,auto,compressorCoolStage1On,hold,Home,72,67,72.1,60,77.2,0,15,0,60,1.6,72.6,60,1,4,216,21963,2166,101939,74.8,1,
2026-03-11,20:15:00,auto,compressorCoolOff,hold,Home,72,67,72.5,61,77.2,0,285,0,285,1.4,72.9,61,1,4,212,19872,2123,101941,75,1,
2026-03-11,20:20:00,auto,compressorCoolStage1On,hold,Home,72,67,72.2,59,77.2,0,300,0,300,1.8,73,59,1,4,216,21975,2167,101943,75.1,1,
2026-03-11,20:25:00,auto,compressorCoolOff,HKhold,Home,73,66.9,72.3,60,77.2,0,0,0,30,1.5,72.9,60,0,4,221,25031,2224,101944,75,1,
2026-03-11,20:30:00,auto,compressorCoolOff,HKhold,Home,73,66.9,72.8,62,77.2,0,0,0,0,1.3,73.2,62,1,4,211,19636,2117,101946,75.2,1,
2026-03-11,20:35:00,auto,compressorCoolOff,HKhold,Home,73,66.9,73.3,62,77.2,0,15,0,15,1.3,73.7,62,1,4,211,19801,2121,101950,75.7,0,
2026-03-11,20:40:00,auto,compressorCoolStage1On,HKhold,Home,73,66.9,73.7,62,77.2,0,300,0,300,1.3,74,62,1,3,239,39575,2401,101954,76.2,1,
2026-03-11,20:45:00,auto,compressorCoolStage1On,HKhold,Home,73,66.9,73.2,60,77.2,0,165,0,210,1.7,73.9,60,1,3,282,101678,2831,101955,76.1,1,
2026-03-11,20:50:00,auto,compressorCoolOff,HKhold,Home,73,66.9,73.7,63,77.2,0,135,0,135,1.1,73.6,63,1,3,290,118852,2911,101957,76.1,1,
2026-03-11,20:55:00,auto,compressorCoolStage1On,HKhold,Home,73,66.9,74,63,77.2,0,300,0,300,0.9,73.9,63,1,3,281,96471,2820,101957,76.1,1,
2026-03-11,21:00:00,auto,compressorCoolStage1On,HKhold,Home,73,66.9,73.6,63,76.8,0,300,0,300,1.1,73.9,63,1,3,284,102981,2848,101959,75.7,1,
2026-03-11,21:05:00,auto,compressorCoolStage1On,HKhold,Home,73,66.9,73.3,61,76.8,0,300,0,300,1.3,73.7,61,1,3,287,110155,2878,101960,75.6,1,
2026-03-11,21:10:00,auto,compressorCoolStage1On,HKhold,Home,73,66.9,73,61,76.8,0,135,0,180,1.4,73.5,61,1,3,291,121636,2921,101961,75.5,1,
2026-03-11,21:15:00,auto,compressorCoolOff,HKhold,Home,73,66.9,73.1,62,76.8,0,165,0,165,1.3,73.4,62,1,3,291,120126,2915,101970,75.6,1,
2026-03-11,21:20:00,auto,compressorCoolStage1On,HKhold,Home,73,66.9,73,61,76.8,0,135,0,180,1.4,73.4,61,1,3,287,109634,2876,101976,75.6,1,
2026-03-11,21:25:00,auto,compressorCoolOff,HKhold,Home,73,66.9,73.4,63,76.8,0,165,0,165,1,73.4,63,1,3,283,100685,2836,101979,75.6,1,
2026-03-11,21:30:00,auto,compressorCoolStage1On,HKhold,Home,73,66.9,73.6,64,76.7,0,300,0,300,0.9,73.5,64,1,3,269,73603,2698,101984,75.7,1,
2026-03-11,21:35:00,auto,compressorCoolStage1On,HKhold,Home,73,66.9,73.5,64,76.7,0,300,0,300,0.9,73.4,64,0,3,255,54025,2563,101988,75.6,1,
2026-03-11,21:40:00,auto,compressorCoolStage1On,HKhold,Home,73,66.9,73.3,65,76.7,0,300,0,300,0.9,73,65,0,3,253,50644,2535,101991,75.6,0,
2026-03-11,21:45:00,auto,compressorCoolStage1On,HKhold,Home,73,66.9,73.2,65,76.7,0,210,0,255,0.8,72.6,65,1,3,252,50098,2531,101989,75.6,0,
2026-03-11,21:50:00,auto,compressorCoolOff,HKhold,Home,73,66.9,73.1,65,76.7,0,90,0,90,0.8,72.3,65,1,3,256,54990,2572,101989,75.6,1,
2026-03-11,21:55:00,auto,compressorCoolStage1On,HKhold,Home,73,66.9,73.4,68,76.7,0,300,0,300,0.6,72.4,68,0,3,247,44399,2475,101990,75.7,1,
2026-03-11,22:00:00,auto,compressorCoolStage1On,HKhold,Home,73,66.9,73.3,68,76.5,0,300,0,300,0.5,72.3,68,1,4,236,34400,2364,101990,75.4,1,
2026-03-11,22:05:00,auto,compressorCoolStage1On,HKhold,Home,73,66.9,73.2,68,76.5,0,300,0,300,0.5,72.3,68,0,4,230,30564,2313,101985,75.3,1,
2026-03-11,22:10:00,auto,compressorCoolStage1On,HKhold,Home,73,66.9,73.1,68,76.5,0,90,0,135,0.5,72,68,1,4,229,29903,2303,101981,75.3,1,
2026-03-11,22:15:00,auto,compressorCoolOff,HKhold,Home,73,66.9,73.1,68,76.5,0,210,0,210,0.6,72,68,0,4,226,27756,2270,101985,75.4,0,
2026-03-11,22:20:00,auto,compressorCoolStage1On,HKhold,Home,73,66.9,73.2,69,76.5,0,300,0,300,0.5,72.1,69,0,4,216,21812,2164,101986,75.3,0,
2026-03-11,22:25:00,auto,compressorCoolStage1On,HKhold,Home,73,66.9,73,68,76.5,0,120,0,165,0.5,72,68,0,4,211,19903,2122,101985,75.3,0,
2026-03-11,22:30:00,auto,compressorCoolOff,HKhold,Home,73,66.9,73,68,76.5,0,180,0,180,0.5,72,68,1,4,211,19689,2117,101983,75.3,1,
2026-03-11,22:35:00,auto,compressorCoolStage1On,HKhold,Home,73,66.9,73.1,70,76.5,0,285,0,300,0.3,71.9,70,1,4,198,14738,1985,101980,75.1,1,
2026-03-11,22:40:00,auto,compressorCoolOff,HKhold,Home,73,66.9,73,70,76.5,0,15,0,45,0.3,71.8,70,0,4,190,12181,1907,101978,74.9,1,
2026-03-11,22:45:00,auto,compressorCoolStage1On,HKhold,Home,73,66.9,73.2,71,76.5,0,300,0,300,0.3,72,71,0,4,183,10331,1834,101975,75.1,0,
2026-03-11,22:50:00,auto,compressorCoolStage1On,HKhold,Home,73,66.9,73.2,70,76.5,0,120,0,165,0.3,72,70,0,4,177,9178,1782,101971,75.1,0,
2026-03-11,22:55:00,auto,compressorCoolOff,HKhold,Home,73,66.9,73.3,70,76.5,0,180,0,180,0.3,72.1,70,0,4,176,8798,1764,101972,75.2,0,
2026-03-11,23:00:00,auto,compressorCoolStage1On,HKhold,Sleep,73,66.9,73.2,69,76.1,0,300,0,300,0.4,72,69,0,4,171,7997,1722,101969,75.4,0,
2026-03-11,23:05:00,auto,compressorCoolStage1On,HKhold,Sleep,73,66.9,73.1,69,76.1,0,255,0,300,0.5,71.9,69,0,4,166,7082,1668,101964,75.4,1,
2026-03-11,23:10:00,auto,compressorCoolOff,HKhold,Sleep,73,66.9,72.9,68,76.1,0,0,0,0,0.6,71.8,68,1,4,170,7751,1707,101960,75.4,1,
2026-03-11,23:15:00,auto,compressorCoolOff,HKhold,Sleep,73,66.9,73,67,76.1,0,180,0,180,0.8,71.9,67,0,4,178,9279,1787,101956,75.7,1,
2026-03-11,23:20:00,auto,compressorCoolStage1On,HKhold,Sleep,73,66.9,72.8,65,76.1,0,120,0,165,1,72,65,0,4,181,9948,1817,101951,75.8,1,
2026-03-11,23:25:00,auto,compressorCoolOff,HKhold,Sleep,73,66.9,73,66,76.1,0,180,0,180,0.8,72.1,66,0,4,181,10047,1822,101951,75.8,0,
2026-03-11,23:30:00,auto,compressorCoolStage1On,HKhold,Sleep,73,66.9,72.8,64,76.1,0,120,0,165,1.1,72.2,64,0,4,182,10314,1833,101945,75.8,0,
2026-03-11,23:35:00,auto,compressorCoolOff,HKhold,Sleep,73,66.9,72.5,63,76.1,0,0,0,0,1.3,71.9,63,1,4,190,12266,1910,101938,75.8,1,
2026-03-11,23:40:00,auto,compressorCoolOff,HKhold,Sleep,73,66.9,72.9,65,76.1,0,105,0,105,1.1,72.1,65,1,4,186,11280,1872,101937,76.1,1,
2026-03-11,23:45:00,auto,compressorCoolStage1On,HKhold,Sleep,73,66.9,73.1,65,76.1,0,195,0,240,1.1,72.3,65,1,4,180,9638,1804,101935,76.2,1,
2026-03-11,23:50:00,auto,compressorCoolOff,HKhold,Sleep,73,66.9,73,64,76.1,0,90,0,90,1.1,72.3,64,1,4,182,10215,1829,101931,76,1,
2026-03-11,23:55:00,auto,compressorCoolStage1On,HKhold,Sleep,73,66.9,73.4,67,76.1,0,300,0,300,0.8,72.3,67,1,4,171,7988,1715,101925,76.1,1,
2026-03-12,00:00:00,auto,compressorCoolStage1On,HKhold,Sleep,73,66.9,73,70,75.9,0,195,0,240,0.6,71.3,70,1,4,153,5316,1539,101924,76.1,1,
2026-03-12,00:05:00,auto,compressorCoolOff,HKhold,Sleep,73,66.9,72.2,69,75.9,0,0,0,0,0.9,70.3,69,1,4,161,6366,1619,101922,76.2,1,
2026-03-12,00:10:00,auto,compressorCoolOff,HKhold,Sleep,73,66.9,72.7,70,75.9,0,15,0,15,0.7,70.7,70,1,4,161,6332,1618,101919,76.3,1,
2026-03-12,00:15:00,auto,compressorCoolStage1On,HKhold,Sleep,73,66.9,73.1,71,75.9,0,300,0,300,0.6,71.1,71,1,4,150,4957,1507,101913,76.4,1,
2026-03-12,00:20:00,auto,compressorCoolOff,HKhold,Sleep,73,66.9,72.6,71,75.9,0,0,0,45,0.7,70.4,71,0,4,143,4197,1434,101917,76.4,1,
2026-03-12,00:25:00,auto,compressorCoolOff,HKhold,Sleep,72.2,66.9,72.8,70,75.9,0,240,0,240,0.8,70.8,70,1,4,149,4849,1501,101914,76.4,0,
2026-03-12,00:30:00,auto,compressorCoolStage1On,hold,Sleep,72,66.9,72.9,68,76.1,0,300,0,300,0.9,71.3,68,0,4,150,4987,1513,101915,76.4,0,
2026-03-12,00:35:00,auto,compressorCoolStage1On,hold,Sleep,72,66.9,72.8,67,76.1,0,300,0,300,1,71.4,67,1,4,155,5551,1560,101912,76.3,1,
2026-03-12,00:40:00,auto,compressorCoolStage1On,hold,Sleep,72,66.9,73.3,71,76.1,0,300,0,300,0.5,71.5,71,0,4,134,3480,1347,101908,76.2,1,
2026-03-12,00:45:00,auto,compressorCoolStage1On,hold,Sleep,72,66.9,73.1,73,76.1,0,300,0,300,0.4,71,73,0,4,117,2358,1182,101902,76.1,0,
2026-03-12,00:50:00,auto,compressorCoolStage1On,hold,Sleep,72,66.9,72.9,74,76.1,0,300,0,300,0.3,70.6,74,0,4,111,2018,1114,101900,75.9,0,
2026-03-12,00:55:00,auto,compressorCoolStage1On,hold,Sleep,72,66.9,72.7,76,76.1,0,300,0,300,0.2,70.2,76,0,4,106,1842,1074,101892,75.8,0,
2026-03-12,01:00:00,auto,compressorCoolStage1On,hold,Sleep,72,66.9,72.3,74,76.1,0,195,0,240,0.4,69.7,74,0,4,108,1916,1091,101883,75.7,0,
2026-03-12,01:05:00,auto,compressorCoolOff,hold,Sleep,72,66.9,71.9,74,76.1,0,30,0,30,0.5,69.3,74,0,4,111,2055,1121,101878,75.5,0,
2026-03-12,01:10:00,auto,compressorCoolStage1On,hold,Sleep,72,66.9,72.2,74,76.1,0,300,0,300,0.5,69.6,74,0,4,113,2133,1138,101876,75.5,0,
2026-03-12,01:15:00,auto,compressorCoolStage1On,hold,Sleep,72,66.9,71.9,73,76.1,0,120,0,165,0.5,69.5,73,1,4,107,1882,1081,101874,75.5,0,
2026-03-12,01:20:00,auto,compressorCoolOff,hold,Sleep,72,66.9,71.6,72,76.1,0,0,0,0,0.4,69.6,72,0,4,111,2051,1121,101873,75.3,0,
2026-03-12,01:25:00,auto,compressorCoolOff,hold,Sleep,72,66.9,71.8,71,76.1,0,0,0,0,0.4,70.4,71,0,4,110,1984,1107,101871,75.4,0,
2026-03-12,01:30:00,auto,compressorCoolOff,hold,Sleep,72,66.9,72.1,70,76.1,0,255,0,255,0.3,71.1,70,0,4,108,1918,1091,101867,75.5,0,
2026-03-12,01:35:00,auto,compressorCoolStage1On,hold,Sleep,72,66.9,71.8,72,76.1,0,105,0,150,0.1,71,72,0,4,100,1598,1011,101860,75.6,0,
2026-03-12,01:40:00,auto,compressorCoolOff,hold,Sleep,72,66.9,71.1,70,76.1,0,0,0,0,,70.7,70,0,4,104,1744,1050,101857,75.6,0,
2026-03-12,01:45:00,auto,compressorCoolOff,hold,Sleep,72,66.9,71.1,69,76.1,0,0,0,0,,71.1,69,0,4,107,1845,1075,101855,75.6,0,
2026-03-12,01:50:00,auto,compressorCoolOff,hold,Sleep,72,66.9,71.7,66,76.1,0,0,0,0,0.3,71.6,66,0,4,114,2206,1152,101846,75.8,0,
2026-03-12,01:55:00,auto,compressorCoolOff,hold,Sleep,72,66.9,72.3,66,76.1,0,150,0,150,0.6,72,66,0,4,118,2400,1190,101838,75.9,0,
2026-03-12,02:00:00,auto,compressorCoolStage1On,hold,Sleep,72,66.9,72.6,66,75.9,0,300,0,300,0.6,72,66,0,4,115,2243,1161,101833,76,0,
2026-03-12,02:05:00,auto,compressorCoolStage1On,hold,Sleep,72,66.9,72.4,67,75.9,0,300,0,300,0.7,71.4,67,0,4,111,2027,1116,101829,76.1,0,
2026-03-12,02:10:00,auto,compressorCoolStage1On,hold,Sleep,72,66.9,72.3,69,75.9,0,300,0,300,0.7,70.8,69,0,4,108,1921,1092,101826,75.9,0,
2026-03-12,02:15:00,auto,compressorCoolStage1On,hold,Sleep,72,66.9,72.2,69,75.9,0,300,0,300,0.7,70.4,69,0,4,104,1757,1053,101820,75.7,0,
2026-03-12,02:20:00,auto,compressorCoolOff,hold,Sleep,72,66.9,71.5,65,75.9,0,0,0,45,1.2,70.1,65,0,4,114,2229,1151,101815,75.5,0,
2026-03-12,02:25:00,auto,compressorCoolOff,hold,Sleep,72,66.9,71.3,64,75.9,0,0,0,0,1.4,70.2,64,0,4,124,2719,1246,101805,75.4,0,
2026-03-12,02:30:00,auto,compressorCoolOff,hold,Sleep,72,66.9,71.6,64,75.9,0,0,0,0,1.4,70.6,64,0,4,122,2630,1231,101802,75.4,0,
2026-03-12,02:35:00,auto,compressorCoolOff,hold,Sleep,72,66.9,72,64,75.9,0,90,0,90,1.2,71.1,64,0,4,120,2516,1212,101797,75.5,0,
2026-03-12,02:40:00,auto,compressorCoolStage1On,hold,Sleep,72,66.9,72.2,65,75.9,0,240,0,285,1.1,71.2,65,0,4,113,2139,1140,101787,75.6,0,
2026-03-12,02:45:00,auto,compressorCoolOff,hold,Sleep,72,66.9,71.9,65,75.9,0,0,0,0,1.2,70.8,65,0,4,113,2129,1137,101782,75.5,0,
2026-03-12,02:50:00,auto,compressorCoolOff,hold,Sleep,72,66.9,71.9,65,75.9,0,135,0,135,1.2,70.7,65,0,4,115,2226,1157,101777,75.5,0,
2026-03-12,02:55:00,auto,compressorCoolStage1On,hold,Sleep,72,66.9,71.8,65,75.9,0,165,0,210,1.2,70.6,65,0,4,112,2087,1129,101771,75.6,0,
2026-03-12,03:00:00,auto,compressorCoolOff,hold,Sleep,72,66.9,71.3,64,75.5,0,0,0,0,1.4,70.3,64,0,4,118,2403,1191,101765,75.4,0,
2026-03-12,03:05:00,auto,compressorCoolOff,hold,Sleep,72,66.9,71.6,64,75.5,0,0,0,0,1.4,70.6,64,0,4,116,2304,1173,101763,75.4,0,
2026-03-12,03:10:00,auto,compressorCoolOff,hold,Sleep,72,66.9,71.9,64,75.5,0,45,0,45,1.3,71,64,0,4,115,2229,1158,101759,75.6,0,
2026-03-12,03:15:00,auto,compressorCoolStage1On,hold,Sleep,72,66.9,72.2,64,75.5,0,270,0,300,1.2,71.3,64,0,4,110,2012,1113,101752,75.6,0,
2026-03-12,03:20:00,auto,compressorCoolOff,hold,Sleep,72,66.9,72,65,75.5,0,0,0,15,1.2,70.9,65,0,4,109,1953,1100,101745,75.6,0,
2026-03-12,03:25:00,auto,compressorCoolOff,hold,Sleep,72,66.9,71.8,64,75.5,0,0,0,0,1.4,70.9,64,0,4,111,2039,1119,101739,75.6,0,
2026-03-12,03:30:00,auto,compressorCoolOff,hold,Sleep,72,66.9,72.3,65,75.5,0,285,0,285,1.1,71.3,65,0,4,107,1860,1078,101728,75.7,0,
2026-03-12,03:35:00,auto,compressorCoolStage1On,hold,Sleep,72,66.9,72,65,75.5,0,90,0,135,1.1,70.9,65,0,4,105,1773,1057,101722,75.6,0,
2026-03-12,03:40:00,auto,compressorCoolOff,hold,Sleep,72,66.9,71.8,65,75.5,0,0,0,0,1.2,70.5,65,0,4,108,1905,1089,101716,75.5,0,
2026-03-12,03:45:00,auto,compressorCoolOff,hold,Sleep,72,66.9,71.8,64,75.5,0,0,0,0,1.3,70.8,64,0,4,108,1882,1084,101713,75.5,0,
2026-03-12,03:50:00,auto,compressorCoolOff,hold,Sleep,72,66.9,72.2,64,75.5,0,240,0,240,1.2,71.3,64,0,4,104,1737,1048,101709,75.6,0,
2026-03-12,03:55:00,auto,compressorCoolStage1On,hold,Sleep,72,66.9,72,64,75.5,0,120,0,165,1.3,71.2,64,0,4,103,1706,1040,101705,75.6,0,
2026-03-12,04:00:00,auto,compressorCoolOff,hold,Sleep,72,66.9,71.7,63,75.4,0,0,0,0,1.4,70.8,63,0,4,111,2034,1118,101695,75.5,0,
2026-03-12,04:05:00,auto,compressorCoolOff,hold,Sleep,72,66.9,71.9,64,75.4,0,15,0,15,1.3,71,64,0,4,109,1935,1096,101691,75.5,0,
2026-03-12,04:10:00,auto,compressorCoolStage1On,hold,Sleep,72,66.9,72.2,64,75.4,0,300,0,300,1.2,71.4,64,0,4,103,1687,1035,101687,75.6,0,
2026-03-12,04:15:00,auto,compressorCoolStage1On,hold,Sleep,72,66.9,71.9,64,75.4,0,60,0,105,1.3,70.9,64,0,4,103,1699,1037,101683,75.5,0,
2026-03-12,04:20:00,auto,compressorCoolOff,hold,Sleep,72,66.9,71.7,64,75.4,0,0,0,0,1.4,70.8,64,0,4,109,1953,1100,101682,75.5,0,
2026-03-12,04:25:00,auto,compressorCoolOff,hold,Sleep,72,66.9,71.9,63,75.4,0,0,0,0,1.4,71.1,63,0,4,107,1850,1076,101680,75.5,0,
2026-03-12,04:30:00,auto,compressorCoolOff,hold,Sleep,72,66.9,72.1,63,75.3,0,240,0,240,1.3,71.4,63,0,4,102,1659,1027,101685,75.6,0,
2026-03-12,04:35:00,auto,compressorCoolStage1On,hold,Sleep,72,66.9,71.8,63,75.3,0,90,0,135,1.4,71,63,0,4,103,1717,1042,101683,75.5,0,
2026-03-12,04:40:00,auto,compressorCoolOff,hold,Sleep,72,66.9,71.6,63,75.3,0,0,0,0,1.4,70.8,63,0,4,108,1899,1088,101680,75.4,0,
2026-03-12,04:45:00,auto,compressorCoolOff,hold,Sleep,72,66.9,71.8,63,75.3,0,0,0,0,1.4,71.2,63,0,4,105,1788,1061,101679,75.4,0,
2026-03-12,04:50:00,auto,compressorCoolOff,hold,Sleep,72,66.9,72.2,63,75.3,0,285,0,285,1.3,71.5,63,0,4,100,1578,1005,101675,75.5,0,
2026-03-12,04:55:00,auto,compressorCoolStage1On,hold,Sleep,72,66.9,71.9,64,75.3,0,45,0,90,1.3,71.1,64,0,4,97,1497,983,101669,75.5,0,
2026-03-12,05:00:00,auto,compressorCoolOff,hold,Sleep,72,66.9,71.6,63,75.3,0,0,0,0,1.4,70.7,63,0,4,102,1652,1026,101666,75.4,0,
2026-03-12,05:05:00,auto,compressorCoolOff,hold,Sleep,72,66.9,71.8,64,75.3,0,0,0,0,1.3,71,64,0,4,100,1599,1012,101664,75.5,0,
2026-03-12,05:10:00,auto,compressorCoolOff,hold,Sleep,72,66.9,71.9,63,75.3,0,75,0,75,1.4,71.3,63,0,4,100,1579,1006,101665,75.5,0,
2026-03-12,05:15:00,auto,compressorCoolStage1On,hold,Sleep,72,66.9,72.3,64,75.3,0,300,0,300,1.2,71.5,64,0,4,94,1394,951,101662,75.5,0,
2026-03-12,05:20:00,auto,compressorCoolStage1On,hold,Sleep,72,66.9,71.7,64,75.3,0,45,0,90,1.3,70.7,64,0,4,100,1595,1009,101660,75.4,0,
2026-03-12,05:25:00,auto,compressorCoolOff,hold,Sleep,72,66.9,71.5,64,75.3,0,0,0,0,1.4,70.5,64,0,4,105,1792,1062,101662,75.4,0,
2026-03-12,05:30:00,auto,compressorCoolOff,hold,Sleep,72,66.9,71.8,64,75.3,0,0,0,0,1.3,70.9,64,0,4,101,1645,1024,101660,75.5,0,
2026-03-12,05:35:00,auto,compressorCoolOff,hold,Sleep,72,66.9,72.1,64,75.3,0,180,0,180,1.2,71.2,64,0,4,98,1502,984,101658,75.5,0,
2026-03-12,05:40:00,auto,compressorCoolStage1On,hold,Sleep,72,66.9,72,64,75.3,0,120,0,165,1.3,71.1,64,0,4,94,1376,945,101659,75.5,0,
2026-03-12,05:45:00,auto,compressorCoolOff,hold,Sleep,72,66.9,71.7,64,75.3,0,0,0,0,1.4,70.7,64,0,4,102,1649,1025,101658,75.5,0,
2026-03-12,05:50:00,auto,compressorCoolOff,hold,Sleep,72,66.9,71.7,64,75.3,0,0,0,0,1.3,70.9,64,0,4,99,1555,999,101659,75.5,0,
2026-03-12,05:55:00,auto,compressorCoolOff,hold,Sleep,72,66.9,72,64,75.3,0,30,0,30,1.3,71.2,64,0,4,98,1505,985,101662,75.5,0,
2026-03-12,06:00:00,auto,compressorCoolStage1On,hold,Sleep,72,66.9,72.2,64,75.3,0,300,0,300,1.2,71.4,64,0,4,92,1319,927,101663,75.6,0,
2026-03-12,06:05:00,auto,compressorCoolStage1On,hold,Sleep,72,66.9,72,65,75.3,0,60,0,105,1.2,71,65,0,4,91,1304,922,101669,75.5,0,
2026-03-12,06:10:00,auto,compressorCoolOff,hold,Sleep,72,66.9,71.5,64,75.3,0,0,0,0,1.4,70.6,64,0,4,95,1430,963,101673,75.3,0,
2026-03-12,06:15:00,auto,compressorCoolOff,hold,Sleep,72,66.9,71.8,64,75.3,0,0,0,0,1.3,70.9,64,0,4,95,1407,956,101681,75.4,0,
2026-03-12,06:20:00,auto,compressorCoolOff,hold,Sleep,72,66.9,71.9,64,75.3,0,0,0,0,1.3,71.2,64,0,4,93,1351,938,101684,75.4,0,
2026-03-12,06:25:00,auto,compressorCoolOff,hold,Sleep,72,66.9,72.3,65,75.3,0,255,0,255,1.1,71.5,65,0,4,90,1260,906,101685,75.5,0,
2026-03-12,06:30:00,auto,compressorCoolStage1On,hold,Sleep,72,66.9,72.2,65,75.3,0,150,0,195,1,71.2,65,0,4,87,1191,882,101690,75.3,0,
2026-03-12,06:35:00,auto,compressorCoolOff,hold,Sleep,72,66.9,71.7,64,75.3,0,0,0,0,1.2,70.7,64,1,4,90,1269,909,101691,75.2,1,
2026-03-12,06:40:00,auto,compressorCoolOff,hold,Sleep,72,66.9,71.7,64,75.3,0,0,0,0,1.2,70.7,64,1,4,92,1310,924,101690,75.2,1,
2026-03-12,06:45:00,auto,compressorCoolOff,hold,Sleep,72,66.9,71.8,64,75.3,0,0,0,0,1.3,70.9,64,0,4,90,1269,910,101691,75.3,1,
2026-03-12,06:50:00,auto,compressorCoolOff,hold,Sleep,72,66.9,72,64,75.3,0,45,0,45,1.3,71.3,64,0,4,90,1255,905,101691,75.4,0,
2026-03-12,06:55:00,auto,compressorCoolStage1On,hold,Sleep,72,66.9,72.4,65,75.3,0,300,0,300,1,71.6,65,0,4,86,1145,864,101689,75.4,0,
2026-03-12,07:00:00,auto,compressorCoolStage1On,hold,Sleep,72,66.9,71.8,63,75.4,0,60,0,105,1.3,71.2,63,0,4,91,1290,916,101686,75.3,0,
2026-03-12,07:05:00,auto,compressorCoolOff,hold,Sleep,72,66.9,71.7,63,75.4,0,0,0,0,1.4,70.9,63,0,4,96,1448,968,101685,75.3,0,
2026-03-12,07:10:00,auto,compressorCoolOff,hold,Sleep,72,66.9,71.8,64,75.4,0,0,0,0,1.3,71.1,64,0,4,93,1362,941,101689,75.3,0,
2026-03-12,07:15:00,auto,compressorCoolOff,hold,Sleep,72,66.9,72.2,64,75.4,0,255,0,255,1.2,71.5,64,0,4,89,1232,896,101689,75.3,0,
2026-03-12,07:20:00,auto,compressorCoolStage1On,hold,Sleep,72,66.9,71.8,63,75.4,0,90,0,135,1.4,71.2,63,0,4,90,1264,907,101687,75.2,0,
2026-03-12,07:25:00,auto,compressorCoolOff,hold,Sleep,72,66.9,71.4,62,75.4,0,0,0,0,1.5,70.8,62,0,4,97,1487,980,101687,75.1,0,
2026-03-12,07:30:00,auto,compressorCoolOff,hold,Sleep,72,66.9,71.7,63,75.3,0,0,0,0,1.3,71,63,0,4,94,1390,950,101694,75.1,0,
2026-03-12,07:35:00,auto,compressorCoolOff,hold,Sleep,72,66.9,71.7,62,75.3,0,0,0,0,1.5,71.2,62,0,4,93,1351,938,101697,75.2,0,
2026-03-12,07:40:00,auto,compressorCoolOff,hold,Sleep,72,66.9,72.1,63,75.3,0,255,0,255,1.2,71.5,63,0,4,89,1239,898,101702,75.3,0,
2026-03-12,07:45:00,auto,compressorCoolStage1On,hold,Sleep,72,66.9,71.8,63,75.3,0,105,0,150,1.3,71.2,63,0,4,89,1241,899,101707,75.2,0,
2026-03-12,07:50:00,auto,compressorCoolOff,hold,Sleep,72,66.9,71.5,62,75.3,0,0,0,0,1.4,70.9,62,0,4,97,1475,976,101708,75.1,0,
2026-03-12,07:55:00,auto,compressorCoolOff,hold,Sleep,71.2,67.7,71.8,64,75.3,0,240,0,240,1.2,71.1,64,0,4,90,1260,905,101710,75.1,0,
2026-03-12,08:00:00,auto,compressorCoolStage1On,,Home,71,68,71.7,64,75.5,0,300,0,300,1.2,71,64,0,4,86,1154,868,101710,75,0,
2026-03-12,08:05:00,auto,compressorCoolStage1On,,Home,71,68,71.3,65,75.5,0,300,0,300,1.1,70.3,65,0,4,88,1215,891,101710,74.8,0,
2026-03-12,08:10:00,auto,compressorCoolStage1On,,Home,71,68,70.7,63,75.5,0,45,0,90,1.4,69.8,63,0,4,95,1447,962,101715,74.6,0,
2026-03-12,08:15:00,auto,compressorCoolOff,,Home,71,68,70.5,62,75.5,0,0,0,0,1.5,69.6,62,0,4,103,1698,1038,101713,74.5,0,
2026-03-12,08:20:00,auto,compressorCoolOff,,Home,71,68,70.6,62,75.5,0,0,0,0,1.5,69.9,62,0,4,98,1536,994,101716,74.5,0,
2026-03-12,08:25:00,auto,compressorCoolOff,,Home,71,68,70.8,62,75.5,0,0,0,0,1.5,70.3,62,0,4,96,1432,963,101719,74.5,0,
2026-03-12,08:30:00,auto,compressorCoolOff,,Home,71,68,71.3,63,75.5,0,225,0,225,1.2,70.6,63,0,4,89,1253,902,101729,74.5,0,
2026-03-12,08:35:00,auto,compressorCoolStage1On,,Home,71,68,71.2,64,75.5,0,300,0,300,1.2,70.4,64,0,4,88,1214,890,101739,74.6,0,
2026-03-12,08:40:00,auto,compressorCoolStage1On,,Home,71,68,70.8,64,75.5,0,105,0,150,1.2,69.8,64,0,4,92,1320,926,101743,74.5,0,
2026-03-12,08:45:00,auto,compressorCoolOff,,Home,71,68,70.3,62,75.5,0,0,0,0,1.5,69.5,62,0,4,102,1648,1025,101748,74.3,0,
2026-03-12,08:50:00,auto,compressorCoolOff,,Home,71,68,70.5,62,75.5,0,0,0,0,1.5,69.7,62,0,4,99,1545,997,101751,74.3,0,
2026-03-12,08:55:00,auto,compressorCoolOff,,Home,71,68,70.7,62,75.5,0,0,0,0,1.4,70.1,62,0,4,94,1392,951,101752,74.4,0,
2026-03-12,09:00:00,auto,compressorCoolOff,,Home,71,68,70.9,62,76.6,0,0,0,0,1.4,70.4,62,0,4,93,1359,940,101753,74.4,0,
2026-03-12,09:05:00,auto,compressorCoolOff,,Home,71,68,71,62,76.6,0,0,0,0,1.5,70.7,62,0,4,91,1307,923,101757,74.5,0,
2026-03-12,09:10:00,auto,compressorCoolOff,,Home,71,68,71.4,62,76.6,0,135,0,165,1.4,71,62,0,4,90,1274,910,101761,74.6,0,
2026-03-12,09:15:00,auto,compressorCoolStage1On,,Home,71,68,71.7,64,76.6,0,300,0,300,1.1,71.2,64,0,4,82,1052,827,101766,74.7,0,
2026-03-12,09:20:00,auto,compressorCoolStage1On,,Home,71,68,71.4,65,76.6,0,300,0,300,1.1,70.5,65,0,4,85,1131,859,101767,74.6,0,
2026-03-12,09:25:00,auto,compressorCoolStage1On,,Home,71,68,70.6,63,76.6,0,30,0,75,1.4,69.8,63,0,4,95,1438,962,101770,74.4,0,
2026-03-12,09:30:00,auto,compressorCoolOff,,Home,71,68,70.5,62,76.6,0,0,0,0,1.5,69.7,62,0,4,102,1651,1026,101774,74.3,0,
2026-03-12,09:35:00,auto,compressorCoolOff,,Home,71,68,70.7,62,76.6,0,0,0,0,1.4,70.1,62,0,4,97,1482,978,101772,74.3,0,
2026-03-12,09:40:00,auto,compressorCoolOff,,Home,71,68,70.9,62,76.6,0,0,0,0,1.4,70.4,62,0,4,94,1391,950,101771,74.4,0,
2026-03-12,09:45:00,auto,compressorCoolOff,,Home,71,68,71,62,76.6,0,0,0,0,1.5,70.7,62,0,4,93,1353,938,101778,74.5,0,
2026-03-12,09:50:00,auto,compressorCoolOff,,Home,71,68,71.2,62,76.6,0,0,0,0,1.5,71,62,0,4,91,1300,921,101784,74.6,0,
2026-03-12,09:55:00,auto,compressorCoolOff,,Home,72.6,64.6,71.4,62,76.6,0,0,0,0,1.4,71.2,62,0,4,92,1314,925,101788,74.7,0,
2026-03-12,10:00:00,auto,compressorCoolOff,smartAway,Home,72.9,64,71.4,62,77.4,0,0,0,0,1.4,71.5,62,0,4,91,1298,920,101793,74.8,0,
2026-03-12,10:05:00,auto,compressorCoolOff,smartAway,Home,72.9,64,71.5,61,77.4,0,0,0,0,1.4,71.8,61,0,4,90,1276,913,101794,75,0,
2026-03-12,10:10:00,auto,compressorCoolOff,smartAway,Home,72.9,64,71.7,61,77.4,0,0,0,165,1.2,72.1,61,0,4,89,1234,897,101794,75.1,0,
2026-03-12,10:15:00,auto,compressorCoolOff,smartAway,Home,72.9,64,72.3,64,77.4,0,0,0,285,0.5,72.3,64,0,4,77,941,777,101797,75.1,0,
2026-03-12,10:20:00,auto,compressorCoolOff,smartAway,Home,72.9,64,72.1,67,77.4,0,0,0,0,0.2,72.1,67,0,4,72,850,733,101799,74.9,0,
2026-03-12,10:25:00,auto,compressorCoolOff,smartAway,Home,72.9,64,71.9,67,77.4,0,0,0,0,,72,67,0,4,76,919,768,101800,75,0,
2026-03-12,10:30:00,auto,compressorCoolOff,smartAway,Home,72.9,64,71.9,65,77.7,0,0,0,0,0.2,72.2,65,0,4,78,967,790,101804,75.2,0,
2026-03-12,10:35:00,auto,compressorCoolOff,smartAway,Home,72.9,64,72.2,66,77.7,0,0,0,0,0.2,72.4,66,0,4,80,1000,805,101806,75.5,0,
2026-03-12,10:40:00,auto,compressorCoolOff,smartAway,Home,72.9,64,72.4,65,77.7,0,0,0,165,0.2,72.7,65,0,4,80,1016,812,101808,75.6,0,
2026-03-12,10:45:00,auto,compressorCoolOff,smartAway,Home,72.9,64,73,67,77.7,0,0,0,285,,73.1,67,0,4,74,873,745,101809,75.8,0,
2026-03-12,10:50:00,auto,compressorCoolOff,smartAway,Home,72.9,64,73.1,67,77.7,0,0,0,0,,73.1,67,0,4,73,856,736,101811,75.8,0,
2026-03-12,10:55:00,auto,compressorCoolOff,smartAway,Home,71.9,66,73.1,66,77.7,0,150,0,150,0.1,73.2,66,1,4,77,950,783,101814,75.8,0,
2026-03-12,11:00:00,auto,compressorCoolStage1On,,Home,71,68,72.5,64,78.1,0,300,0,300,0.5,73.1,64,1,4,85,1131,858,101816,75.9,0,
2026-03-12,11:05:00,auto,compressorCoolStage1On,,Home,71,68,72.1,62,78.1,0,300,0,300,0.7,72.9,62,1,4,94,1403,954,101819,75.7,0,
2026-03-12,11:10:00,auto,compressorCoolStage1On,,Home,71,68,71.5,60,78.1,0,300,0,300,1.1,72.7,60,1,4,102,1656,1027,101823,75.3,0,
2026-03-12,11:15:00,auto,compressorCoolStage1On,,Home,71,68,71,60,78.1,0,135,0,180,1.3,72.4,60,1,4,109,1945,1098,101824,74.9,0,
2026-03-12,11:20:00,auto,compressorCoolOff,,Home,71,68,71.3,61,78.1,0,165,0,165,1,72.3,61,1,4,107,1844,1074,101824,74.8,0,
2026-03-12,11:25:00,auto,compressorCoolStage1On,,Home,71,68,70.9,60,78.1,0,135,0,180,1.2,72.2,60,1,4,107,1847,1075,101821,74.8,0,
2026-03-12,11:30:00,auto,compressorCoolOff,,Home,71,68,71,60,78.1,0,150,0,150,1.1,72.1,60,1,4,106,1821,1069,101823,74.6,0,
2026-03-12,11:35:00,auto,compressorCoolStage1On,,Home,71,68,71,60,78.1,0,150,0,195,1.1,72.1,60,1,4,104,1752,1051,101816,74.7,0,
2026-03-12,11:40:00,auto,compressorCoolOff,,Home,71,68,71,61,78.1,0,150,0,150,1,72,61,1,4,107,1863,1079,101812,74.6,0,
2026-03-12,11:45:00,auto,compressorCoolStage1On,,Home,71,68,70.9,61,78.1,0,150,0,195,0.9,71.9,61,1,4,107,1860,1078,101817,74.7,0,
2026-03-12,11:50:00,auto,compressorCoolOff,,Home,71,68,71.4,65,78.1,0,150,0,150,0.3,71.7,65,1,4,101,1631,1019,101818,74.7,1,
2026-03-12,11:55:00,auto,compressorCoolStage1On,,Home,71,68,71.6,64,78.1,0,300,0,300,0.5,71.9,64,1,4,98,1514,987,101820,74.6,1,
2026-03-12,12:00:00,auto,compressorCoolStage1On,,Home,71,68,71.3,62,78.9,0,300,0,300,1,71.9,62,1,4,105,1794,1062,101814,74.2,1,
2026-03-12,12:05:00,auto,compressorCoolStage1On,,Home,71,68,71.2,62,78.9,0,300,0,300,1.1,71.7,62,1,4,107,1859,1078,101806,73.8,1,
2026-03-12,12:10:00,auto,compressorCoolStage1On,,Home,71,68,71.4,63,78.9,0,300,0,300,1,71.7,63,0,4,105,1776,1058,101804,73.7,1,
2026-03-12,12:15:00,auto,compressorCoolStage1On,,Home,71,68,71.3,62,78.9,0,300,0,300,1.2,71.7,62,0,4,103,1702,1039,101800,73.8,1,
2026-03-12,12:20:00,auto,compressorCoolStage1On,,Home,71,68,71.4,62,78.9,0,300,0,300,1.3,71.6,62,0,4,104,1744,1050,101791,73.9,0,
2026-03-12,12:25:00,auto,compressorCoolStage1On,,Home,71,68,71.2,61,78.9,0,300,0,300,1.4,71.6,61,0,4,105,1769,1056,101776,73.8,0,
2026-03-12,12:30:00,auto,compressorCoolStage1On,,Home,71,68,71.2,61,78.9,0,120,0,165,1.4,71.5,61,0,4,107,1880,1081,101769,73.8,0,
2026-03-12,12:35:00,auto,compressorCoolOff,,Home,71,68,71.7,64,78.9,0,180,0,180,0.9,71.5,64,0,4,100,1605,1010,101760,73.8,0,
2026-03-12,12:40:00,auto,compressorCoolStage1On,,Home,71,68,71.7,63,78.9,0,300,0,300,1.1,71.7,63,0,4,96,1435,964,101749,74,1,
2026-03-12,12:45:00,auto,compressorCoolStage1On,,Home,71,68,71.3,60,78.9,0,300,0,300,1.6,71.7,60,1,4,107,1859,1077,101729,74,1,
2026-03-12,12:50:00,auto,compressorCoolStage1On,,Home,71,68,72,65,78.9,0,300,0,300,0.8,71.6,65,1,4,95,1439,959,101723,74,1,
2026-03-12,12:55:00,auto,compressorCoolStage1On,,Home,71,68,71.7,63,78.9,0,300,0,300,1,71.5,63,1,4,96,1461,972,101717,74.1,1,
2026-03-12,13:00:00,auto,compressorCoolStage1On,,Home,71,68,71.3,61,79.2,0,240,0,285,1.3,71.4,61,1,4,103,1682,1033,101715,74.2,1,
2026-03-12,13:05:00,auto,compressorCoolOff,,Home,71,68,71.5,63,79.2,0,60,0,60,1.2,71.3,63,1,4,103,1699,1035,101707,74.3,1,
2026-03-12,13:10:00,auto,compressorCoolStage1On,,Home,71,68,72,64,79.2,0,300,0,300,1,71.7,64,1,4,94,1389,950,101704,74.6,1,
2026-03-12,13:15:00,auto,compressorCoolStage1On,,Home,71,68,72,62,79.2,0,300,0,300,1.2,71.9,62,1,4,101,1627,1018,101696,74.7,1,
2026-03-12,13:20:00,auto,compressorCoolStage1On,,Home,71,68,71.9,62,79.2,0,300,0,300,1.4,71.9,62,1,4,108,1895,1087,101679,75,1,
2026-03-12,13:25:00,auto,compressorCoolStage1On,,Home,71,68,72.3,63,79.2,0,300,0,300,1.2,72,63,0,4,103,1686,1035,101678,75.1,1,
2026-03-12,13:30:00,auto,compressorCoolStage1On,,Home,71,68,72.3,62,79.4,0,300,0,300,1.2,72.2,62,0,4,103,1687,1035,101669,74.9,1,
2026-03-12,13:35:00,auto,compressorCoolStage1On,,Home,71,68,72.1,62,79.4,0,300,0,300,1.3,72.3,62,1,4,108,1883,1084,101661,74.6,1,
2026-03-12,13:40:00,auto,compressorCoolStage1On,,Home,71,68,71.8,60,79.4,0,300,0,300,1.6,72.4,60,1,4,113,2158,1135,101647,74.6,1,
2026-03-12,13:45:00,auto,compressorCoolStage1On,,Home,71,68,71.3,57,79.4,0,285,0,300,2,72,57,0,4,132,3296,1330,101639,74.8,1,
2026-03-12,13:50:00,auto,compressorCoolOff,,Home,71,68,71.3,59,79.4,0,15,0,45,1.8,71.6,59,1,4,132,3266,1324,101639,74.9,1,
2026-03-12,13:55:00,auto,compressorCoolStage1On,,Home,71,68,71.7,61,79.4,0,300,0,300,1.6,71.6,61,1,4,120,2529,1214,101625,75.2,1,
2026-03-12,14:00:00,auto,compressorCoolStage1On,,Home,71,68,71.4,60,79.5,0,300,0,300,1.9,71.4,60,1,4,126,2856,1267,101612,75.3,1,
2026-03-12,14:05:00,auto,compressorCoolStage1On,,Home,71,68,71.2,58,79.5,0,300,0,300,1.9,71.4,58,1,4,132,3271,1327,101601,75.1,1,
2026-03-12,14:10:00,auto,compressorCoolStage1On,,Home,71,68,71.2,59,79.5,0,15,0,60,1.8,71.4,59,0,4,130,3190,1313,101589,74.8,1,
2026-03-12,14:15:00,auto,compressorCoolOff,,Home,71,68,71.9,61,79.5,0,285,0,285,1.5,71.9,61,1,4,117,2321,1176,101581,75,1,
2026-03-12,14:20:00,auto,compressorCoolStage1On,,Home,71,68,71.6,59,79.5,0,300,0,300,1.9,72,59,1,4,123,2695,1241,101570,75.1,1,
2026-03-12,14:25:00,auto,compressorCoolStage1On,,Home,71,68,71.3,58,79.5,0,255,0,300,2,71.9,58,1,4,129,3099,1303,101553,74.8,1,
2026-03-12,14:30:00,auto,compressorCoolOff,,Home,71,68,71.5,59,79.8,0,45,0,45,1.7,71.9,59,1,4,127,2969,1283,101542,74.7,1,
2026-03-12,14:35:00,auto,compressorCoolStage1On,,Home,71,68,71.8,60,79.8,0,300,0,300,1.8,72.4,60,1,4,121,2537,1215,101549,74.9,1,
2026-03-12,14:40:00,auto,compressorCoolStage1On,,Home,71,68,71.7,58,79.8,0,300,0,300,2.1,72.5,58,1,4,127,2918,1277,101552,75.3,1,
2026-03-12,14:45:00,auto,compressorCoolStage1On,,Home,71,68,71.7,58,79.8,0,300,0,300,2.2,72.5,58,1,4,132,3248,1324,101545,75.4,1,
2026-03-12,14:50:00,auto,compressorCoolStage1On,,Home,71,68,71.6,57,79.8,0,300,0,300,2.1,72.3,57,0,4,135,3537,1362,101543,75.4,1,
2026-03-12,14:55:00,auto,compressorCoolStage1On,,Home,71,68,71.5,58,79.8,0,300,0,300,2.1,72,58,1,4,134,3394,1344,101541,75.3,0,
2026-03-12,15:00:00,auto,compressorCoolStage1On,,Home,71,68,71.4,58,79.8,0,300,0,300,2,71.9,58,0,4,133,3372,1341,101545,75,0,
2026-03-12,15:05:00,auto,compressorCoolStage1On,,Home,71,68,71.3,57,79.8,0,300,0,300,2.1,72,57,1,4,136,3620,1372,101546,75,0,
2026-03-12,15:10:00,auto,compressorCoolStage1On,,Home,71,68,71.2,56,79.8,0,225,0,270,2.2,71.9,56,1,4,140,3911,1406,101544,74.9,1,
2026-03-12,15:15:00,auto,compressorCoolOff,,Home,71,68,71.6,60,79.8,0,75,0,75,1.6,71.9,60,1,4,130,3165,1311,101558,74.7,1,
2026-03-12,15:20:00,,,,,,,,,79.8,0,,,,,,,,,,,,,,,
2026-03-12,15:25:00,,,,,,,,,79.8,0,,,,,,,,,,,,,,,
2026-03-12,15:30:00,,,,,,,,,79.8,0,,,,,,,,,,,,,,,
2026-03-12,15:35:00,,,,,,,,,79.8,0,,,,,,,,,,,,,,,
2026-03-12,15:40:00,,,,,,,,,79.8,0,,,,,,,,,,,,,,,
2026-03-12,15:45:00,,,,,,,,,79.8,0,,,,,,,,,,,,,,,
2026-03-12,15:50:00,,,,,,,,,79.8,0,,,,,,,,,,,,,,,
2026-03-12,15:55:00,,,,,,,,,79.8,0,,,,,,,,,,,,,,,
2026-03-12,16:00:00,,,,,,,,,,,,,,,,,,,,,,,,,
2026-03-12,16:05:00,,,,,,,,,,,,,,,,,,,,,,,,,
2026-03-12,16:10:00,,,,,,,,,,,,,,,,,,,,,,,,,
2026-03-12,16:15:00,,,,,,,,,,,,,,,,,,,,,,,,,
2026-03-12,16:20:00,,,,,,,,,,,,,,,,,,,,,,,,,
2026-03-12,16:25:00,,,,,,,,,,,,,,,,,,,,,,,,,
2026-03-12,16:30:00,,,,,,,,,,,,,,,,,,,,,,,,,
2026-03-12,16:35:00,,,,,,,,,,,,,,,,,,,,,,,,,
2026-03-12,16:40:00,,,,,,,,,,,,,,,,,,,,,,,,,
2026-03-12,16:45:00,,,,,,,,,,,,,,,,,,,,,,,,,
2026-03-12,16:50:00,,,,,,,,,,,,,,,,,,,,,,,,,
2026-03-12,16:55:00,,,,,,,,,,,,,,,,,,,,,,,,,
2026-03-12,17:00:00,,,,,,,,,,,,,,,,,,,,,,,,,
2026-03-12,17:05:00,,,,,,,,,,,,,,,,,,,,,,,,,
2026-03-12,17:10:00,,,,,,,,,,,,,,,,,,,,,,,,,
2026-03-12,17:15:00,,,,,,,,,,,,,,,,,,,,,,,,,
2026-03-12,17:20:00,,,,,,,,,,,,,,,,,,,,,,,,,
2026-03-12,17:25:00,,,,,,,,,,,,,,,,,,,,,,,,,
2026-03-12,17:30:00,,,,,,,,,,,,,,,,,,,,,,,,,
2026-03-12,17:35:00,,,,,,,,,,,,,,,,,,,,,,,,,
2026-03-12,17:40:00,,,,,,,,,,,,,,,,,,,,,,,,,
2026-03-12,17:45:00,,,,,,,,,,,,,,,,,,,,,,,,,
2026-03-12,17:50:00,,,,,,,,,,,,,,,,,,,,,,,,,
2026-03-12,17:55:00,,,,,,,,,,,,,,,,,,,,,,,,,
2026-03-12,18:00:00,,,,,,,,,,,,,,,,,,,,,,,,,
2026-03-12,18:05:00,,,,,,,,,,,,,,,,,,,,,,,,,
2026-03-12,18:10:00,,,,,,,,,,,,,,,,,,,,,,,,,
2026-03-12,18:15:00,,,,,,,,,,,,,,,,,,,,,,,,,
2026-03-12,18:20:00,,,,,,,,,,,,,,,,,,,,,,,,,
2026-03-12,18:25:00,,,,,,,,,,,,,,,,,,,,,,,,,
2026-03-12,18:30:00,,,,,,,,,,,,,,,,,,,,,,,,,
2026-03-12,18:35:00,,,,,,,,,,,,,,,,,,,,,,,,,
2026-03-12,18:40:00,,,,,,,,,,,,,,,,,,,,,,,,,
2026-03-12,18:45:00,,,,,,,,,,,,,,,,,,,,,,,,,
2026-03-12,18:50:00,,,,,,,,,,,,,,,,,,,,,,,,,
2026-03-12,18:55:00,,,,,,,,,,,,,,,,,,,,,,,,,
2026-03-12,19:00:00,,,,,,,,,,,,,,,,,,,,,,,,,
2026-03-12,19:05:00,,,,,,,,,,,,,,,,,,,,,,,,,
2026-03-12,19:10:00,,,,,,,,,,,,,,,,,,,,,,,,,
2026-03-12,19:15:00,,,,,,,,,,,,,,,,,,,,,,,,,
2026-03-12,19:20:00,,,,,,,,,,,,,,,,,,,,,,,,,
2026-03-12,19:25:00,,,,,,,,,,,,,,,,,,,,,,,,,
2026-03-12,19:30:00,,,,,,,,,,,,,,,,,,,,,,,,,
2026-03-12,19:35:00,,,,,,,,,,,,,,,,,,,,,,,,,
2026-03-12,19:40:00,,,,,,,,,,,,,,,,,,,,,,,,,
2026-03-12,19:45:00,,,,,,,,,,,,,,,,,,,,,,,,,
2026-03-12,19:50:00,,,,,,,,,,,,,,,,,,,,,,,,,
2026-03-12,19:55:00,,,,,,,,,,,,,,,,,,,,,,,,,
2026-03-12,20:00:00,,,,,,,,,,,,,,,,,,,,,,,,,
2026-03-12,20:05:00,,,,,,,,,,,,,,,,,,,,,,,,,
2026-03-12,20:10:00,,,,,,,,,,,,,,,,,,,,,,,,,
2026-03-12,20:15:00,,,,,,,,,,,,,,,,,,,,,,,,,
2026-03-12,20:20:00,,,,,,,,,,,,,,,,,,,,,,,,,
2026-03-12,20:25:00,,,,,,,,,,,,,,,,,,,,,,,,,
2026-03-12,20:30:00,,,,,,,,,,,,,,,,,,,,,,,,,
2026-03-12,20:35:00,,,,,,,,,,,,,,,,,,,,,,,,,
2026-03-12,20:40:00,,,,,,,,,,,,,,,,,,,,,,,,,
2026-03-12,20:45:00,,,,,,,,,,,,,,,,,,,,,,,,,
2026-03-12,20:50:00,,,,,,,,,,,,,,,,,,,,,,,,,
2026-03-12,20:55:00,,,,,,,,,,,,,,,,,,,,,,,,,
2026-03-12,21:00:00,,,,,,,,,,,,,,,,,,,,,,,,,
2026-03-12,21:05:00,,,,,,,,,,,,,,,,,,,,,,,,,
2026-03-12,21:10:00,,,,,,,,,,,,,,,,,,,,,,,,,
2026-03-12,21:15:00,,,,,,,,,,,,,,,,,,,,,,,,,
2026-03-12,21:20:00,,,,,,,,,,,,,,,,,,,,,,,,,
2026-03-12,21:25:00,,,,,,,,,,,,,,,,,,,,,,,,,
2026-03-12,21:30:00,,,,,,,,,,,,,,,,,,,,,,,,,
2026-03-12,21:35:00,,,,,,,,,,,,,,,,,,,,,,,,,
2026-03-12,21:40:00,,,,,,,,,,,,,,,,,,,,,,,,,
2026-03-12,21:45:00,,,,,,,,,,,,,,,,,,,,,,,,,
2026-03-12,21:50:00,,,,,,,,,,,,,,,,,,,,,,,,,
2026-03-12,21:55:00,,,,,,,,,,,,,,,,,,,,,,,,,
2026-03-12,22:00:00,,,,,,,,,,,,,,,,,,,,,,,,,
2026-03-12,22:05:00,,,,,,,,,,,,,,,,,,,,,,,,,
2026-03-12,22:10:00,,,,,,,,,,,,,,,,,,,,,,,,,
2026-03-12,22:15:00,,,,,,,,,,,,,,,,,,,,,,,,,
2026-03-12,22:20:00,,,,,,,,,,,,,,,,,,,,,,,,,
2026-03-12,22:25:00,,,,,,,,,,,,,,,,,,,,,,,,,
2026-03-12,22:30:00,,,,,,,,,,,,,,,,,,,,,,,,,
2026-03-12,22:35:00,,,,,,,,,,,,,,,,,,,,,,,,,
2026-03-12,22:40:00,,,,,,,,,,,,,,,,,,,,,,,,,
2026-03-12,22:45:00,,,,,,,,,,,,,,,,,,,,,,,,,
2026-03-12,22:50:00,,,,,,,,,,,,,,,,,,,,,,,,,
2026-03-12,22:55:00,,,,,,,,,,,,,,,,,,,,,,,,,
2026-03-12,23:00:00,,,,,,,,,,,,,,,,,,,,,,,,,
2026-03-12,23:05:00,,,,,,,,,,,,,,,,,,,,,,,,,
2026-03-12,23:10:00,,,,,,,,,,,,,,,,,,,,,,,,,
2026-03-12,23:15:00,,,,,,,,,,,,,,,,,,,,,,,,,
2026-03-12,23:20:00,,,,,,,,,,,,,,,,,,,,,,,,,
2026-03-12,23:25:00,,,,,,,,,,,,,,,,,,,,,,,,,
2026-03-12,23:30:00,,,,,,,,,,,,,,,,,,,,,,,,,
2026-03-12,23:35:00,,,,,,,,,,,,,,,,,,,,,,,,,
2026-03-12,23:40:00,,,,,,,,,,,,,,,,,,,,,,,,,
2026-03-12,23:45:00,,,,,,,,,,,,,,,,,,,,,,,,,
2026-03-12,23:50:00,,,,,,,,,,,,,,,,,,,,,,,,,
2026-03-12,23:55:00,,,,,,,,,,,,,,,,,,,,,,,,,